threshold,recall,fpr,grid_precision,prevalence_precision,tp,fp,n_pos,n_neg
-13.041,1.0,1.0,0.037037037037037035,0.1,576,14976,576,14976
-12.024000000000001,1.0,0.999465811965812,0.03705609881626351,0.10004810004810005,576,14968,576,14976
-11.99,1.0,0.9992654914529915,0.03706325204298308,0.10006614949786517,576,14965,576,14976
-11.956,1.0,0.9988648504273504,0.03707756678467976,0.10010226794200806,576,14959,576,14976
-11.922,1.0,0.9985309829059829,0.03708950418544752,0.10013238656878086,576,14954,576,14976
-11.888,1.0,0.9983306623931624,0.03709667031622335,0.10015046644598255,576,14951,576,14976
-11.854,1.0,0.9977297008547008,0.03711818533316149,0.10020474527279298,576,14942,576,14976
-11.82,1.0,0.9967948717948718,0.03715170278637771,0.10028929604628738,576,14928,576,14976
-11.786000000000001,1.0,0.9960603632478633,0.037178080423417026,0.10035582896085882,576,14917,576,14976
-11.751999999999999,1.0,0.9949252136752137,0.037218919617472215,0.10045882637044193,576,14900,576,14976
-11.718,1.0,0.9935229700854701,0.03726949207376254,0.10058635072235991,576,14879,576,14976
-11.7005,1.0,0.9921207264957265,0.03732020215109499,0.10071419924948555,576,14858,576,14976
-11.683499999999999,1.0,0.9920539529914529,0.037322620358971034,0.1007202953816355,576,14857,576,14976
-11.649999999999999,1.0,0.9899839743589743,0.037397740553174914,0.10090964220739844,576,14826,576,14976
-11.616499999999998,1.0,0.9885149572649573,0.03745123537061118,0.10104444984211805,576,14804,576,14976
-11.599499999999999,1.0,0.9882478632478633,0.037460978147762745,0.1010689990281827,576,14800,576,14976
-11.583,1.0,0.9874465811965812,0.03749023691746941,0.10114271821055192,576,14788,576,14976
-11.565999999999999,1.0,0.9871127136752137,0.03750244156520607,0.1011734662856448,576,14783,576,14976
-11.549,1.0,0.9866452991452992,0.03751954142782699,0.10121654501216545,576,14776,576,14976
-11.532,1.0,0.9862446581196581,0.037534210869281895,0.1012534988438603,576,14770,576,14976
-11.5155,1.0,0.9859775641025641,0.03754399687133359,0.10127814972611078,576,14766,576,14976
-11.4985,1.0,0.9847088675213675,0.037590550153364224,0.10139540552068735,576,14747,576,14976
-11.482,1.0,0.984642094017094,0.03759300352434408,0.10140158439975626,576,14746,576,14976
-11.45,1.0,0.9819043803418803,0.03769386820234278,0.10165556845256278,576,14705,576,14976
-11.4165,1.0,0.9799679487179487,0.03776553894571204,0.1018359853121175,576,14676,576,14976
-11.383500000000002,1.0,0.9780982905982906,0.03783499737256963,0.10201078960274645,576,14648,576,14976
-11.350000000000001,1.0,0.9769631410256411,0.03787729335174591,0.10211721386928506,576,14631,576,14976
-11.316500000000001,1.0,0.9753605769230769,0.03793716656787196,0.10226783848564933,576,14607,576,14976
-11.2835,1.0,0.9746260683760684,0.037964671763775375,0.1023370233702337,576,14596,576,14976
-11.25,1.0,0.9744257478632479,0.0379721801041598,0.10235590822414961,576,14593,576,14976
-11.156500000000001,1.0,0.9743589743589743,0.0379746835443038,0.10236220472440946,576,14592,576,14976
-11.042,1.0,0.9742922008547008,0.037977187314564516,0.10236850199938481,576,14591,576,14976
-10.985,1.0,0.9742254273504274,0.037979691415007254,0.10237480004921866,576,14590,576,14976
-10.9375,1.0,0.9740918803418803,0.03798470060670008,0.10238739847403397,576,14588,576,14976
-10.8995,1.0,0.9740251068376068,0.03798720569808085,0.10239369884930159,576,14587,576,14976
-10.880500000000001,1.0,0.9739583333333334,0.037989711119905026,0.1024,576,14586,576,14976
-10.8615,1.0,0.9736912393162394,0.03799973611294366,0.10242521235996553,576,14582,576,14976
-10.842500000000001,1.0,0.9736244658119658,0.03800224318796595,0.10243151738996614,576,14581,576,14976
-10.8235,1.0,0.9733573717948718,0.03801227479706989,0.10245674527430577,576,14577,576,14976
-10.8045,1.0,0.9729567307692307,0.038027332144979206,0.10249461040960889,576,14571,576,14976
-10.786,1.0,0.9726228632478633,0.0380398890503236,0.10252618607516945,576,14566,576,14976
-10.771,1.0,0.9716880341880342,0.03807509254362771,0.10261470152935373,576,14552,576,14976
-10.7615,1.0,0.9715544871794872,0.038080126933756446,0.10262735907240657,576,14550,576,14976
-10.7485,1.0,0.9713541666666666,0.0380876810156715,0.10264635124298317,576,14547,576,14976
-10.729500000000002,1.0,0.9709535256410257,0.03810279817424092,0.10268435668003703,576,14541,576,14976
-10.7105,1.0,0.9705528846153846,0.038117927337701016,0.1027223902710044,576,14535,576,14976
-10.691500000000001,1.0,0.9703525641025641,0.03812549642573471,0.1027414176339837,576,14532,576,14976
-10.6725,1.0,0.9702857905982906,0.038128020123121734,0.10274776165483175,576,14531,576,14976
-10.596499999999999,1.0,0.9701522435897436,0.0381330685203575,0.10276045204718089,576,14529,576,14976
-10.520499999999998,1.0,0.9700854700854701,0.038135593220338986,0.10276679841897234,576,14528,576,14976
-10.5015,1.0,0.9700186965811965,0.038138118254651396,0.102773145574702,576,14527,576,14976
-10.265,1.0,0.9699519230769231,0.03814064362336114,0.10277949351451512,576,14526,576,14976
-10.028500000000001,1.0,0.9698851495726496,0.038143169326534665,0.10278584223855705,576,14525,576,14976
-10.0095,1.0,0.9694177350427351,0.038160858619318935,0.1028303052774688,576,14518,576,14976
-9.9905,1.0,0.9688835470085471,0.0381810950550179,0.10288116730555212,576,14510,576,14976
-9.971499999999999,1.0,0.967948717948718,0.03821656050955414,0.10297029702970298,576,14496,576,14976
-9.953,1.0,0.9667467948717948,0.038262255878836186,0.10308511956387066,576,14478,576,14976
-9.9435,1.0,0.9666800213675214,0.03826479771474125,0.10309150610247196,576,14477,576,14976
-9.933499999999999,1.0,0.9657451923076923,0.038300418910831836,0.10318100080610157,576,14463,576,14976
-9.9145,1.0,0.9648103632478633,0.038336106489184694,0.10327065102712096,576,14449,576,14976
-9.9025,1.0,0.9640758547008547,0.038364193419475154,0.1033411998509502,576,14438,576,14976
-9.894,1.0,0.9640090811965812,0.03836674881769134,0.10334761816036271,576,14437,576,14976
-9.887,1.0,0.9638087606837606,0.03837441705529647,0.10336687787302772,576,14434,576,14976
-9.8775,1.0,0.9629407051282052,0.03840768153630726,0.10345041964563258,576,14421,576,14976
-9.868,1.0,0.9626736111111112,0.03841792836657107,0.10347615198059823,576,14417,576,14976
-9.859000000000002,1.0,0.9620058760683761,0.03844356937862911,0.10354053885881402,576,14407,576,14976
-9.8495,1.0,0.961204594017094,0.03847438380869681,0.1036179089607074,576,14395,576,14976
-9.8475,1.0,0.9605368589743589,0.03850010026067776,0.10368247242818869,576,14385,576,14976
-9.8425,1.0,0.9602697649572649,0.038510396469880324,0.10370832034901839,576,14381,576,14976
-9.8355,1.0,0.960136217948718,0.03851554663991976,0.10372124914292839,576,14379,576,14976
-9.8325,1.0,0.9600694444444444,0.03851812224154073,0.10372771474878445,576,14378,576,14976
-9.831,1.0,0.9586004273504274,0.03857487275649612,0.10387016229712859,576,14356,576,14976
-9.8255,1.0,0.9581997863247863,0.038590379204073426,0.10390907955538904,576,14350,576,14976
-9.8185,1.0,0.9579994658119658,0.0385981371037995,0.1039285491224783,576,14347,576,14976
-9.8145,1.0,0.9578659188034188,0.038603310770055625,0.10394153288775065,576,14345,576,14976
-9.812000000000001,1.0,0.9558627136752137,0.03868108253307367,0.10413667939170161,576,14315,576,14976
-9.807500000000001,1.0,0.9556623931623932,0.03868887694787748,0.1041562343515273,576,14312,576,14976
-9.8,1.0,0.9549278846153846,0.03871748336358137,0.10422799874725963,576,14301,576,14976
-9.7955,1.0,0.9534588675213675,0.038774823291820935,0.10437182462522737,576,14279,576,14976
-9.7935,1.0,0.9527243589743589,0.038803556992724336,0.10444388651770023,576,14268,576,14976
-9.7895,1.0,0.9523904914529915,0.03881663184850731,0.10447667482890689,576,14263,576,14976
-9.784500000000001,1.0,0.9513221153846154,0.03885853066180935,0.104581735905977,576,14247,576,14976
-9.7805,1.0,0.9511885683760684,0.03886377437419877,0.10459488339933372,576,14245,576,14976
-9.7775,1.0,0.9494524572649573,0.038932071645826294,0.10476610212176542,576,14219,576,14976
-9.7745,1.0,0.9484508547008547,0.03897158322056834,0.10486513738341316,576,14204,576,14976
-9.7715,1.0,0.9483840811965812,0.03897422017727857,0.10487174639188253,576,14203,576,14976
-9.766,1.0,0.9470486111111112,0.03902703435192086,0.10500410172272355,576,14183,576,14976
-9.7595,1.0,0.9456463675213675,0.039082643506581624,0.10514343485403767,576,14162,576,14976
-9.754999999999999,1.0,0.944778311965812,0.039117147707979624,0.10522987415417695,576,14149,576,14976
-9.751000000000001,1.0,0.9438434829059829,0.03915437427775134,0.10532312171656436,576,14135,576,14976
-9.747,1.0,0.9437099358974359,0.03915969814399348,0.10533645628916884,576,14133,576,14976
-9.742,1.0,0.9427751068376068,0.03919700578428037,0.10542989292276501,576,14119,576,14976
-9.7375,1.0,0.9419738247863247,0.039229040386841926,0.10551011349946104,576,14107,576,14976
-9.734,1.0,0.9413728632478633,0.03925310072236609,0.10557035909148586,576,14098,576,14976
-9.73,1.0,0.9413060897435898,0.03925577591494582,0.10557705729331895,576,14097,576,14976
-9.724,1.0,0.9406383547008547,0.0392825479097047,0.10564408608977209,576,14087,576,14976
-9.7195,1.0,0.9399038461538461,0.03931203931203931,0.10571791613722999,576,14076,576,14976
-9.716999999999999,1.0,0.9395699786324786,0.03932545913839011,0.105751509374007,576,14071,576,14976
-9.713000000000001,1.0,0.9394364316239316,0.039330829634687606,0.10576495264730185,576,14069,576,14976
-9.706,1.0,0.9393696581196581,0.03933351543294182,0.1057716755657259,576,14068,576,14976
-9.6995,1.0,0.9387019230769231,0.03936039360393604,0.10583895178730442,576,14058,576,14976
-9.6905,1.0,0.9385016025641025,0.03936846421980726,0.10585915134550546,576,14055,576,14976
-9.681999999999999,1.0,0.937767094017094,0.03939808481532148,0.10593328240387063,576,14044,576,14976
-9.6725,1.0,0.9376335470085471,0.039403475167601586,0.10594677193429264,576,14042,576,14976
-9.6555,1.0,0.9366319444444444,0.039443949873313705,0.10604805302402652,576,14027,576,14976
-9.6465,1.0,0.9364983974358975,0.03944935278405589,0.10606157180189943,576,14025,576,14976
-9.6395,1.0,0.9358974358974359,0.039473684210526314,0.10612244897959185,576,14016,576,14976
-9.632,1.0,0.9358306623931624,0.039476389555205264,0.10612921742458066,576,14015,576,14976
-9.629000000000001,1.0,0.9353632478632479,0.039495337356006584,0.10617662072485963,576,14008,576,14976
-9.622,1.0,0.9350293803418803,0.03950888263941285,0.10621050615944341,576,14003,576,14976
-9.6155,1.0,0.9348958333333334,0.03951430335459971,0.1062240663900415,576,14001,576,14976
-9.611,1.0,0.9344284188034188,0.03953328757721345,0.10627155447694471,576,13994,576,14976
-9.604,1.0,0.9340277777777778,0.03954957429277671,0.10631229235880399,576,13988,576,14976
-9.5985,1.0,0.9333600427350427,0.039576748660162156,0.10638025827899247,576,13978,576,14976
-9.5945,1.0,0.9318242521367521,0.039639391645447664,0.10653691017350662,576,13955,576,14976
-9.591000000000001,1.0,0.9313568376068376,0.039658496282015974,0.10658467845247245,576,13948,576,14976
-9.586500000000001,1.0,0.9308226495726496,0.03968035271424635,0.1066393232504486,576,13940,576,14976
-9.5815,1.0,0.929954594017094,0.03971592084396332,0.10672824065165802,576,13927,576,14976
-9.5775,1.0,0.9290865384615384,0.03975155279503106,0.10681730645782515,576,13914,576,14976
-9.573,1.0,0.9280849358974359,0.039792746113989634,0.10692025959005333,576,13899,576,14976
-9.568999999999999,1.0,0.9276842948717948,0.039809247356417166,0.10696149643247414,576,13893,576,14976
-9.565000000000001,1.0,0.9270833333333334,0.03983402489626556,0.10702341137123746,576,13884,576,14976
-9.560500000000001,1.0,0.9257478632478633,0.039889196675900275,0.10716125708397733,576,13864,576,14976
-9.554,1.0,0.9246127136752137,0.03993621299313596,0.10727870543485268,576,13847,576,14976
-9.548,1.0,0.9235443376068376,0.03998056500312348,0.10738948047757342,576,13831,576,14976
-9.544,1.0,0.9218082264957265,0.04005284750712746,0.10756997866701146,576,13805,576,14976
-9.538,1.0,0.9208066239316239,0.04009466796603091,0.10767438850782969,576,13790,576,14976
-9.5335,1.0,0.9207398504273504,0.040097459101983986,0.10768135637093122,576,13789,576,14976
-9.530999999999999,1.0,0.9198050213675214,0.040136575848372935,0.10777900123064965,576,13775,576,14976
-9.527000000000001,1.0,0.9184695512820513,0.04019258949131254,0.10791880147869512,576,13755,576,14976
-9.521,1.0,0.9176014957264957,0.04022908227406062,0.10800986628586265,576,13742,576,14976
-9.516,1.0,0.9168669871794872,0.04026001258125393,0.10808704124715816,576,13731,576,14976
-9.514,1.0,0.9168002136752137,0.040262826785963934,0.10809406262180071,576,13730,576,14976
-9.5105,1.0,0.9156650641025641,0.04031072853243754,0.10821356571502895,576,13713,576,14976
-9.504,1.0,0.9150641025641025,0.040336134453781515,0.10827693909422177,576,13704,576,14976
-9.498000000000001,1.0,0.914863782051282,0.04034461021222946,0.10829808005206638,576,13701,576,14976
-9.494,1.0,0.913795405982906,0.04038987448285534,0.1084109713987882,576,13685,576,14976
-9.49,1.0,0.9135950854700855,0.04039837284331603,0.10843216473348105,576,13682,576,14976
-9.4855,1.0,0.913528311965812,0.04040120642491408,0.1084392310198762,576,13681,576,14976
-9.481,1.0,0.9134615384615384,0.04040404040404041,0.10844629822732013,576,13680,576,14976
-9.477,1.0,0.9127938034188035,0.040432402077776215,0.108517020999087,576,13670,576,14976
-9.471,1.0,0.9124599358974359,0.04044659785127449,0.1085524169874095,576,13665,576,14976
-9.464500000000001,1.0,0.9121928418803419,0.040457961649223856,0.10858075040783034,576,13661,576,14976
-9.46,1.0,0.9118589743589743,0.04047217537942664,0.10861618798955615,576,13656,576,14976
-9.454,1.0,0.9117922008547008,0.040475019324010965,0.1086232782818722,576,13655,576,14976
-9.446,1.0,0.9115918803418803,0.04048355355636773,0.10864455471402455,576,13652,576,14976
-9.440000000000001,1.0,0.9115251068376068,0.040486399100302245,0.10865164871041463,576,13651,576,14976
-9.435500000000001,1.0,0.9111244658119658,0.04050348076787849,0.10869423215102228,576,13645,576,14976
-9.4305,1.0,0.9107238247863247,0.0405205768554344,0.1087368489838594,576,13639,576,14976
-9.4265,1.0,0.9105235042735043,0.040529130312412044,0.10875816993464053,576,13636,576,14976
-9.423,1.0,0.9103899572649573,0.04053483462350457,0.10877238854752257,576,13634,576,14976
-9.419,1.0,0.9097222222222222,0.04056338028169014,0.108843537414966,576,13624,576,14976
-9.414,1.0,0.9095886752136753,0.04056909423862516,0.10885777835928301,576,13622,576,14976
-9.4095,1.0,0.9095219017094017,0.040571951820807216,0.10886490022898267,576,13621,576,14976
-9.4065,1.0,0.9092548076923077,0.040583386176284084,0.10889339702899026,576,13617,576,14976
-9.398499999999999,1.0,0.9083867521367521,0.04062059238363893,0.10898611474980352,576,13604,576,14976
-9.39,1.0,0.9083199786324786,0.040623457225474294,0.10899325342241437,576,13603,576,14976
-9.381499999999999,1.0,0.9069177350427351,0.040683712388755476,0.1091433818706546,576,13582,576,14976
-9.3735,1.0,0.9068509615384616,0.040686586141131596,0.10915054116103641,576,13581,576,14976
-9.3635,1.0,0.9052483974358975,0.04075567819995755,0.10932264634386703,576,13557,576,14976
-9.347000000000001,1.0,0.9035790598290598,0.04082789906436065,0.10950250065806791,576,13532,576,14976
-9.3305,1.0,0.9020432692307693,0.04089456869009585,0.10966849008106505,576,13509,576,14976
-9.314,1.0,0.9011084401709402,0.04093525691137801,0.10976977373177652,576,13495,576,14976
-9.2975,1.0,0.9003071581196581,0.040970197026815564,0.10985673730771771,576,13483,576,14976
-9.280999999999999,1.0,0.8997729700854701,0.04099352359262686,0.109914789616223,576,13475,576,14976
-9.2645,1.0,0.8993723290598291,0.04101103595585617,0.10995836912707328,576,13469,576,14976
-9.248000000000001,1.0,0.898971688034188,0.041028563287983474,0.1100019832088319,576,13463,576,14976
-9.2315,1.0,0.8985710470085471,0.04104610560820922,0.11004563190265194,576,13457,576,14976
-9.215,1.0,0.8983039529914529,0.04105780882457766,0.11007475028114044,576,13453,576,14976
-9.1985,1.0,0.8980368589743589,0.04106951871657754,0.11010388407331438,576,13449,576,14976
-9.181999999999999,1.0,0.897903311965812,0.041075376167724456,0.11011845675335849,576,13447,576,14976
-9.1655,1.0,0.8975694444444444,0.041090027108003996,0.11015490533562823,576,13442,576,14976
-9.1485,1.0,0.8975026709401709,0.04109295855033174,0.11016219794769945,576,13441,576,14976
-9.072,1.0,0.8974358974358975,0.0410958904109589,0.11016949152542374,576,13440,576,14976
-9.0015,1.0,0.8973691239316239,0.04109882268997503,0.11017678606899292,576,13439,576,14976
-8.996500000000001,1.0,0.8971688034188035,0.041107622038252925,0.11019867549668874,576,13436,576,14976
-8.9915,1.0,0.8969017094017094,0.041119360365505425,0.1102278749337573,576,13432,576,14976
-8.9865,1.0,0.8955662393162394,0.04117815270231627,0.11037410453701246,576,13412,576,14976
-8.9815,1.0,0.8946981837606838,0.04121645796064401,0.11046936201287925,576,13399,576,14976
-8.9765,1.0,0.8938301282051282,0.041254834550923936,0.11056478405315615,576,13386,576,14976
-8.971499999999999,1.0,0.8928952991452992,0.04129624318898767,0.11066773077946263,576,13372,576,14976
-8.9665,1.0,0.8920940170940171,0.04133180252583238,0.11075612353567625,576,13360,576,14976
-8.961500000000001,1.0,0.8902243589743589,0.04141501294219154,0.11096292344625235,576,13332,576,14976
-8.9565,1.0,0.8890892094017094,0.04146569721402347,0.11108885773416116,576,13315,576,14976
-8.9515,1.0,0.8880208333333334,0.04151351351351351,0.11120764552562988,576,13299,576,14976
-8.9465,1.0,0.8870860042735043,0.041555443330207054,0.11131179343099874,576,13285,576,14976
-8.941500000000001,1.0,0.8865518162393162,0.04157944127625785,0.11137139415032461,576,13277,576,14976
-8.936499999999999,1.0,0.8863514957264957,0.0415884476534296,0.11139376087829696,576,13274,576,14976
-8.9315,1.0,0.8855502136752137,0.04162451221274751,0.11148331770065657,576,13262,576,14976
-8.9265,1.0,0.8853498931623932,0.041633538127936395,0.11150572941097635,576,13259,576,14976
-8.9215,1.0,0.8852831196581197,0.04163654763625849,0.11151320198364831,576,13258,576,14976
-8.9165,1.0,0.8851495726495726,0.04164256795835743,0.11152815013404828,576,13256,576,14976
-8.9115,1.0,0.8850827991452992,0.04164557877232304,0.1115356257121791,576,13255,576,14976
-8.904,1.0,0.8849492521367521,0.04165160170655868,0.11155057987531006,576,13253,576,14976
-8.8965,1.0,0.8847489316239316,0.04166063937509041,0.11157301864020383,576,13250,576,14976
-8.889,1.0,0.8846821581196581,0.04166365280289331,0.11158050023469458,576,13249,576,14976
-8.758,1.0,0.8846153846153846,0.041666666666666664,0.11158798283261805,576,13248,576,14976
-8.6265,1.0,0.8843482905982906,0.04167872648335745,0.11161792326267776,576,13244,576,14976
-8.616,1.0,0.8840811965811965,0.04169079328314997,0.1116478797638218,576,13240,576,14976
-8.6055,1.0,0.8839476495726496,0.04169682930360504,0.11166286404509462,576,13238,576,14976
-8.5945,1.0,0.8838141025641025,0.04170286707211121,0.1116778523489933,576,13236,576,14976
-8.584,1.0,0.883346688034188,0.041724013038754074,0.11173034311421474,576,13229,576,14976
-8.5735,1.0,0.8832131410256411,0.041730058682895026,0.11174534953999059,576,13227,576,14976
-8.5625,1.0,0.8830128205128205,0.04173913043478261,0.11176786673831275,576,13224,576,14976
-8.552,1.0,0.882278311965812,0.04177242729712089,0.11185050749479063,576,13213,576,14976
-8.5415,1.0,0.8818108974358975,0.04179364388332608,0.11190316072629455,576,13206,576,14976
-8.5305,1.0,0.8809428418803419,0.04183310334810081,0.11200107693343206,576,13193,576,14976
-8.52,1.0,0.8800080128205128,0.04187568157033806,0.11210671697096275,576,13179,576,14976
-8.5095,1.0,0.8792735042735043,0.04190919674039581,0.11218985976267531,576,13168,576,14976
-8.5025,1.0,0.8784722222222222,0.04194581998252257,0.11228070175438597,576,13156,576,14976
-8.497,1.0,0.8783386752136753,0.04195193008011653,0.11229585639087596,576,13154,576,14976
-8.488,1.0,0.8776709401709402,0.04198250728862974,0.11237169097784983,576,13144,576,14976
-8.4775,1.0,0.8773370726495726,0.04199781261392636,0.11240964669323786,576,13139,576,14976
-8.4665,1.0,0.8766025641025641,0.04203152364273205,0.11249323958896702,576,13128,576,14976
-8.456,1.0,0.8761351495726496,0.0420530043075126,0.11254649983090971,576,13121,576,14976
-8.4455,1.0,0.8753338675213675,0.04208987943003288,0.1126379205306979,576,13109,576,14976
-8.4345,1.0,0.8743322649572649,0.04213606437454279,0.11275240547499663,576,13094,576,14976
-8.4255,1.0,0.8739983974358975,0.04215148188803513,0.1127906188571816,576,13089,576,14976
-8.4205,1.0,0.8737313034188035,0.042163824024595564,0.11282120821750627,576,13085,576,14976
-8.413499999999999,1.0,0.8736645299145299,0.04216691068814055,0.11282885815025767,576,13084,576,14976
-8.404,1.0,0.8735977564102564,0.04216999780364595,0.11283650912049908,576,13083,576,14976
-8.3985,1.0,0.8734642094017094,0.04217617339093505,0.11285181417429638,576,13081,576,14976
-8.392,1.0,0.8731971153846154,0.04218852999340804,0.11288243674106234,576,13077,576,14976
-8.3825,1.0,0.8729967948717948,0.0421978021978022,0.11290541457456915,576,13074,576,14976
-8.3665,1.0,0.8727964743589743,0.04220707847878655,0.11292840176450629,576,13071,576,14976
-8.349499999999999,1.0,0.8727297008547008,0.04221017147882163,0.11293606624134656,576,13070,576,14976
-8.3385,1.0,0.8725961538461539,0.04221635883905013,0.11295139831658974,576,13068,576,14976
-8.328,1.0,0.8721287393162394,0.04223802889198504,0.11300509337860781,576,13061,576,14976
-8.317499999999999,1.0,0.8717948717948718,0.04225352112676056,0.11304347826086958,576,13056,576,14976
-8.311499999999999,1.0,0.8713942307692307,0.04227212681638045,0.11308957455484574,576,13050,576,14976
-8.306000000000001,1.0,0.8711271367521367,0.042284539715166644,0.1131203263086336,576,13046,576,14976
-8.296,1.0,0.8708600427350427,0.04229695990600676,0.11315109479124168,576,13042,576,14976
-8.29,1.0,0.8706597222222222,0.042306279838413514,0.11317418213969939,576,13039,576,14976
-8.2835,1.0,0.8703926282051282,0.04231871280581882,0.11320497993060753,576,13035,576,14976
-8.2775,1.0,0.8703258547008547,0.042321822189566496,0.11321268199755069,576,13034,576,14976
-8.273,1.0,0.8701923076923077,0.042328042328042326,0.11322808927599348,576,13032,576,14976
-8.268,1.0,0.8701255341880342,0.042331153082972,0.11323579448792108,576,13031,576,14976
-8.2605,1.0,0.8700587606837606,0.0423342642951639,0.11324350074860488,576,13030,576,14976
-8.2525,1.0,0.8698584401709402,0.0423436006763214,0.11326662582533524,576,13027,576,14976
-8.2495,1.0,0.8697248931623932,0.04234982721858687,0.11328204779086393,576,13025,576,14976
-8.245999999999999,1.0,0.8695913461538461,0.042356055592322965,0.11329747395656023,576,13023,576,14976
-8.2425,1.0,0.8691239316239316,0.04237786933490288,0.11335149863760219,576,13016,576,14976
-8.2365,1.0,0.8689903846153846,0.0423841059602649,0.11336694372530319,576,13014,576,14976
-8.2315,1.0,0.8688568376068376,0.042390344421548425,0.11338239302262197,576,13012,576,14976
-8.228,1.0,0.867988782051282,0.04243093922651934,0.11348291618359137,576,12999,576,14976
-8.224,1.0,0.8679220085470085,0.04243406512450273,0.11349065611785569,576,12998,576,14976
-8.2195,1.0,0.8678552350427351,0.042437191483091434,0.11349839710797353,576,12997,576,14976
-8.215,1.0,0.867721688034188,0.04244344558249208,0.11351388225663415,576,12995,576,14976
-8.211500000000001,1.0,0.8676549145299145,0.042446573323507736,0.11352162641560923,576,12994,576,14976
-8.2065,1.0,0.8668536324786325,0.04248414220386488,0.1136146388092312,576,12982,576,14976
-8.202,1.0,0.8667200854700855,0.04249041015048687,0.11363015569516526,576,12980,576,14976
-8.1985,1.0,0.8665197649572649,0.04249981553899505,0.11365343897274777,576,12977,576,14976
-8.196,1.0,0.866386217948718,0.04250608811157848,0.11366896645945762,576,12975,576,14976
-8.1905,1.0,0.8661858974358975,0.042515500442869794,0.11369226564635146,576,12972,576,14976
-8.182,1.0,0.8652510683760684,0.042559479828579876,0.11380112159759267,576,12958,576,14976
-8.1775,1.0,0.8649839743589743,0.042572062084257206,0.11383226159529347,576,12954,576,14976
-8.173,1.0,0.8644497863247863,0.04259724892767342,0.11389459274469542,576,12946,576,14976
-8.166,1.0,0.8643162393162394,0.04260355029585799,0.11391018619934283,576,12944,576,14976
-8.161000000000001,1.0,0.8633146367521367,0.04265087004813032,0.11402727335023642,576,12929,576,14976
-8.1585,1.0,0.8631143162393162,0.04266034661531625,0.11405071967100755,576,12926,576,14976
-8.154,1.0,0.8630475427350427,0.04266350640693282,0.11405853725409557,576,12925,576,14976
-8.1455,1.0,0.8629139957264957,0.04266982739462182,0.11407417563584013,576,12923,576,14976
-8.1405,1.0,0.8616452991452992,0.042729970326409496,0.114222954420648,576,12904,576,14976
-8.1395,1.0,0.8614449786324786,0.04273948208058173,0.11424648129076555,576,12901,576,14976
-8.135,1.0,0.8613782051282052,0.0427426536064114,0.11425432573468827,576,12900,576,14976
-8.130500000000001,1.0,0.8611111111111112,0.04275534441805225,0.1142857142857143,576,12896,576,14976
-8.1255,1.0,0.8609775641025641,0.042761692650334075,0.11430141502953703,576,12894,576,14976
-8.1195,1.0,0.8607772435897436,0.042771218534194695,0.11432497423565785,576,12891,576,14976
-8.115,1.0,0.8592414529914529,0.042844391550133885,0.11450591797412608,576,12868,576,14976
-8.1115,1.0,0.8591746794871795,0.042847578665476456,0.1145137980868488,576,12867,576,14976
-8.107,1.0,0.8589075854700855,0.042860331869930796,0.11454532938665933,576,12863,576,14976
-8.099,1.0,0.8587740384615384,0.042866711319490956,0.11456110154905337,576,12861,576,14976
-8.094000000000001,1.0,0.8575053418803419,0.04292741094052765,0.11471115400523921,576,12842,576,14976
-8.091000000000001,1.0,0.8573717948717948,0.04293381037567084,0.11472697186982903,576,12840,576,14976
-8.086500000000001,1.0,0.8565705128205128,0.04297224709042077,0.11482197074247862,576,12828,576,14976
-8.0795,1.0,0.8563701923076923,0.042981867024848894,0.11484574504796742,576,12825,576,14976
-8.074,1.0,0.8562366452991453,0.04298828270766475,0.11486160005522193,576,12823,576,14976
-8.07,1.0,0.8553018162393162,0.04303324617108704,0.1149727078007324,576,12809,576,14976
-8.0585,1.0,0.8536992521367521,0.04311054561784298,0.11516367914734583,576,12785,576,14976
-8.047,1.0,0.8526308760683761,0.04316223304608468,0.11529134622046698,576,12769,576,14976
-8.035499999999999,1.0,0.8513621794871795,0.04322377307519135,0.11544331899542112,576,12750,576,14976
-8.0245,1.0,0.8503605769230769,0.043272481406355645,0.11556358080422253,576,12735,576,14976
-8.0135,1.0,0.8490918803418803,0.043334336442973215,0.1157162726008345,576,12716,576,14976
-8.002500000000001,1.0,0.8482905982905983,0.043373493975903614,0.1158129175946548,576,12704,576,14976
-7.999499999999999,1.0,0.8470886752136753,0.043432363142814054,0.1159581881533101,576,12686,576,14976
-7.9945,1.0,0.8470219017094017,0.04343563833798356,0.11596626942644088,576,12685,576,14976
-7.986000000000001,1.0,0.8469551282051282,0.04343891402714932,0.11597435182603848,576,12684,576,14976
-7.98,1.0,0.8464209401709402,0.04346513733776034,0.11603905160390517,576,12676,576,14976
-7.9745,1.0,0.8456864316239316,0.04350124612944642,0.11612813176076488,576,12665,576,14976
-7.9670000000000005,1.0,0.8454861111111112,0.043511104396434505,0.11615245009074411,576,12662,576,14976
-7.9625,1.0,0.8453525641025641,0.043517679057116954,0.11616866796984084,576,12660,576,14976
-7.9605,1.0,0.8451522435897436,0.043527544774427565,0.11619300328189372,576,12657,576,14976
-7.9575,1.0,0.8448183760683761,0.043543997580889025,0.11623358480022353,576,12652,576,14976
-7.955,1.0,0.84375,0.043596730245231606,0.11636363636363636,576,12636,576,14976
-7.952999999999999,1.0,0.8436832264957265,0.0436000302777988,0.11637177424994756,576,12635,576,14976
-7.9485,1.0,0.8435496794871795,0.04360663184192596,0.11638805343778415,576,12633,576,14976
-7.944,1.0,0.843482905982906,0.043609933373712904,0.11639619473978736,576,12632,576,14976
-7.9399999999999995,1.0,0.843215811965812,0.04362314450166616,0.11642877134061014,576,12628,576,14976
-7.936,1.0,0.8430154914529915,0.04363305810165897,0.11645321576037511,576,12625,576,14976
-7.933999999999999,1.0,0.8428819444444444,0.043639669671944846,0.11646951774340311,576,12623,576,14976
-7.9295,1.0,0.8421474358974359,0.04367606915377616,0.11655926029700196,576,12612,576,14976
-7.925000000000001,1.0,0.8420806623931624,0.04367938120876621,0.11656742556917689,576,12611,576,14976
-7.9205000000000005,1.0,0.8420138888888888,0.043682693766115575,0.11657559198542806,576,12610,576,14976
-7.916,1.0,0.8419471153846154,0.04368600682593857,0.11658375954599594,576,12609,576,14976
-7.9145,1.0,0.8418135683760684,0.043692634453462796,0.11660009810104409,576,12607,576,14976
-7.9125,1.0,0.8416800213675214,0.043699264092254005,0.11661644123624641,576,12605,576,14976
-7.9094999999999995,1.0,0.8412126068376068,0.04372248367997571,0.11667367830598796,576,12598,576,14976
-7.9030000000000005,1.0,0.8410790598290598,0.043729122380807776,0.11669004207573633,576,12596,576,14976
-7.897,1.0,0.8409455128205128,0.04373576309794989,0.11670641043624633,576,12594,576,14976
-7.8925,1.0,0.8408787393162394,0.043739084212924294,0.11671459633864066,576,12593,576,14976
-7.8875,1.0,0.8405448717948718,0.04375569735642662,0.11675554308167276,576,12588,576,14976
-7.883,1.0,0.8403445512820513,0.04376567130157283,0.11678012492104708,576,12585,576,14976
-7.8785,1.0,0.8402777777777778,0.04376899696048632,0.11678832116788322,576,12584,576,14976
-7.8740000000000006,1.0,0.8402110042735043,0.043772323124857515,0.11679651856531201,576,12583,576,14976
-7.869,1.0,0.8400106837606838,0.04378230465186987,0.11682111766357765,576,12580,576,14976
-7.864,1.0,0.8392761752136753,0.04381894256371244,0.11691140307735544,576,12569,576,14976
-7.8565000000000005,1.0,0.8391426282051282,0.043825610591189224,0.11692783360269834,576,12567,576,14976
-7.848000000000001,1.0,0.8390758547008547,0.04382894536600213,0.1169360505973296,576,12566,576,14976
-7.837,1.0,0.8387419871794872,0.04384562685544645,0.11697715289982424,576,12561,576,14976
-7.827,1.0,0.8386752136752137,0.0438489646772229,0.11698537682789653,576,12560,576,14976
-7.823,1.0,0.8385416666666666,0.0438556418455916,0.11700182815356491,576,12558,576,14976
-7.821,1.0,0.8384081196581197,0.04386232104782212,0.1170182841068917,576,12556,576,14976
-7.817500000000001,1.0,0.8382745726495726,0.04386900228484387,0.1170347446898298,576,12554,576,14976
-7.8075,1.0,0.8379407051282052,0.043885714285714285,0.11707591641455006,576,12549,576,14976
-7.798,1.0,0.8378739316239316,0.04388905821395916,0.11708415423585702,576,12548,576,14976
-7.7915,1.0,0.8377403846153846,0.0438957475994513,0.117100633356791,576,12546,576,14976
-7.785,1.0,0.8376736111111112,0.04389909305693163,0.11710887465690759,576,12545,576,14976
-7.7805,1.0,0.8375400641025641,0.043905785501943746,0.11712536073766454,576,12543,576,14976
-7.7735,1.0,0.8374065170940171,0.04391247998780209,0.11714185146075326,576,12541,576,14976
-7.7620000000000005,1.0,0.8373397435897436,0.04391582799634035,0.11715009856378485,576,12540,576,14976
-7.75,1.0,0.8372729700854701,0.043919176515440334,0.1171583468281349,576,12539,576,14976
-7.7405,1.0,0.8368055555555556,0.04394263045468416,0.11721611721611722,576,12532,576,14976
-7.731,1.0,0.836738782051282,0.0439459830624857,0.11722437477985206,576,12531,576,14976
-7.7215,1.0,0.8360710470085471,0.043979537298618004,0.1173070144518858,576,12521,576,14976
-7.7125,1.0,0.8357371794871795,0.043996333638863426,0.11734837799717913,576,12516,576,14976
-7.703,1.0,0.835136217948718,0.04402659940380647,0.11742290593465529,576,12507,576,14976
-7.6935,1.0,0.8348023504273504,0.044043431717387976,0.1174643512635889,576,12502,576,14976
-7.684,1.0,0.8346020299145299,0.04405353728489484,0.11748923250723717,576,12499,576,14976
-7.6745,1.0,0.8339342948717948,0.04408725602755453,0.11757224616689042,576,12489,576,14976
-7.665,1.0,0.8334668803418803,0.04411088987593812,0.11763042556199634,576,12482,576,14976
-7.6585,1.0,0.8327991452991453,0.04414469650521153,0.11771363893604982,576,12472,576,14976
-7.654,1.0,0.8326655982905983,0.04415146405028361,0.11773029574076696,576,12470,576,14976
-7.6495,1.0,0.8320646367521367,0.044181943698703686,0.1178053097345133,576,12461,576,14976
-7.645,1.0,0.8319978632478633,0.04418533292420988,0.1178136505239309,576,12460,576,14976
-7.6405,1.0,0.8317307692307693,0.04419889502762431,0.11784702549575071,576,12456,576,14976
-7.6355,1.0,0.8315304487179487,0.0442090720699977,0.11787206913650211,576,12453,576,14976
-7.631,1.0,0.8312633547008547,0.04422264875239923,0.11790547721958479,576,12449,576,14976
-7.6265,1.0,0.8310630341880342,0.04423283673782829,0.11793054571226082,576,12446,576,14976
-7.6215,1.0,0.8305288461538461,0.04426002766251729,0.11799744717061411,576,12438,576,14976
-7.6165,1.0,0.8299946581196581,0.044287252037521145,0.11806442457783455,576,12430,576,14976
-7.612,1.0,0.8296607905982906,0.04430428428582417,0.11810632408261765,576,12425,576,14976
-7.6075,1.0,0.8291933760683761,0.04432815145451747,0.11816503337594092,576,12418,576,14976
-7.603,1.0,0.8287927350427351,0.04434862950415768,0.11821540210287014,576,12412,576,14976
-7.5985,1.0,0.8283253205128205,0.04437254448809799,0.11827421991612767,576,12405,576,14976
-7.5935,1.0,0.828125,0.044382801664355064,0.11829944547134935,576,12402,576,14976
-7.5885,1.0,0.8276575854700855,0.04440675352709891,0.11835834696635607,576,12395,576,14976
-7.584,1.0,0.827590811965812,0.04441017733230532,0.1183667662540902,576,12394,576,14976
-7.582000000000001,1.0,0.8269230769230769,0.044444444444444446,0.11845102505694761,576,12384,576,14976
-7.5785,1.0,0.8268563034188035,0.04444787406435682,0.11845945753541683,576,12383,576,14976
-7.574999999999999,1.0,0.8267895299145299,0.044451304213613214,0.11846789121458068,576,12382,576,14976
-7.5735,1.0,0.8261217948717948,0.04448563484708063,0.11855229410088346,576,12372,576,14976
-7.571,1.0,0.8260550213675214,0.04448907082721866,0.11856074100463128,576,12371,576,14976
-7.5675,1.0,0.8256543803418803,0.044509697859516265,0.11861144771544659,576,12365,576,14976
-7.5655,1.0,0.8255208333333334,0.04451657778808254,0.11862835959221502,576,12363,576,14976
-7.561,1.0,0.8246527777777778,0.04456134921862912,0.11873840445269018,576,12350,576,14976
-7.5565,1.0,0.8245192307692307,0.04456824512534819,0.11875535255495291,576,12348,576,14976
-7.5555,1.0,0.8242521367521367,0.04458204334365325,0.11878926327812679,576,12344,576,14976
-7.5535,1.0,0.8237179487179487,0.04460966542750929,0.11885714285714286,576,12336,576,14976
-7.55,1.0,0.8233173076923077,0.044630404463040445,0.11890810347291697,576,12330,576,14976
-7.547000000000001,1.0,0.8221821581196581,0.0446892699200869,0.11905272948415253,576,12313,576,14976
-7.5445,1.0,0.8217147435897436,0.04471355379599441,0.11911238367931282,576,12306,576,14976
-7.541,1.0,0.8211805555555556,0.044741339133136555,0.1191806331471136,576,12298,576,14976
-7.538,1.0,0.8203792735042735,0.04478308194682009,0.11928315412186381,576,12286,576,14976
-7.536,1.0,0.820045405982906,0.044800497783308704,0.11932592326998924,576,12281,576,14976
-7.5329999999999995,1.0,0.8186431623931624,0.04487379245870988,0.11950588911232406,576,12260,576,14976
-7.529999999999999,1.0,0.8173744658119658,0.044940313645938985,0.11966918374685365,576,12241,576,14976
-7.528499999999999,1.0,0.8173076923076923,0.0449438202247191,0.11967779056386652,576,12240,576,14976
-7.5275,1.0,0.8171073717948718,0.04495434324514165,0.11970361844471622,576,12237,576,14976
-7.5245,1.0,0.8162393162393162,0.045,0.11981566820276499,576,12224,576,14976
-7.52,1.0,0.8154380341880342,0.045042227087894904,0.11991928509656963,576,12212,576,14976
-7.516,1.0,0.8139690170940171,0.04511984960050133,0.12010971560560127,576,12190,576,14976
-7.5120000000000005,1.0,0.813301282051282,0.045155221072436504,0.12019647500722336,576,12180,576,14976
-7.5095,1.0,0.8125667735042735,0.045194193801490784,0.12029205523024651,576,12169,576,14976
-7.507,1.0,0.812232905982906,0.04521193092621664,0.12033555105582876,576,12164,576,14976
-7.503,1.0,0.8115651709401709,0.04524744697564807,0.12042263713996237,576,12154,576,14976
-7.500500000000001,1.0,0.8112313034188035,0.045265225933202355,0.12046622746687903,576,12149,576,14976
-7.4985,1.0,0.8109642094017094,0.04527945916201556,0.12050112245636903,576,12145,576,14976
-7.494,1.0,0.8104300213675214,0.0453079524895776,0.12057097311789,576,12137,576,14976
-7.4905,1.0,0.8101629273504274,0.04532221260524038,0.12060592882510691,576,12133,576,14976
-7.4895,1.0,0.8100961538461539,0.0453257790368272,0.12061467091910699,576,12132,576,14976
-7.4864999999999995,1.0,0.8098290598290598,0.04534005037783375,0.12064965197215777,576,12128,576,14976
-7.4830000000000005,1.0,0.8097622863247863,0.04534361961741321,0.12065840040606195,576,12127,576,14976
-7.4815000000000005,1.0,0.8096955128205128,0.04534718941898914,0.12066715010877449,576,12126,576,14976
-7.4805,1.0,0.8093616452991453,0.04536504686146334,0.12071091766412767,576,12121,576,14976
-7.478,1.0,0.8091613247863247,0.045375768079407595,0.1207371934407198,576,12118,576,14976
-7.474,1.0,0.8090277777777778,0.04538291837377876,0.12075471698113208,576,12116,576,14976
-7.4675,1.0,0.8087606837606838,0.04539722572509458,0.12078977932636469,576,12112,576,14976
-7.458,1.0,0.8086271367521367,0.045404382784171526,0.12080731813561785,576,12110,576,14976
-7.4485,1.0,0.8084935897435898,0.04541154210028382,0.12082486203891955,576,12108,576,14976
-7.4395,1.0,0.8082932692307693,0.0454222853087296,0.120851187450069,576,12105,576,14976
-7.4305,1.0,0.8082264957264957,0.045425867507886436,0.12085996513654852,576,12104,576,14976
-7.4215,1.0,0.8081597222222222,0.045429450272103475,0.12086874409820587,576,12103,576,14976
-7.4165,1.0,0.8080261752136753,0.04543661749625306,0.12088630584816565,576,12101,576,14976
-7.4115,1.0,0.8078926282051282,0.04544378698224852,0.1209038727021725,576,12099,576,14976
-7.406000000000001,1.0,0.8077590811965812,0.045450958731160736,0.12092144466245185,576,12097,576,14976
-7.399,1.0,0.8076923076923077,0.045454545454545456,0.12093023255813953,576,12096,576,14976
-7.391,1.0,0.8075587606837606,0.045461720599842145,0.12094781218200322,576,12094,576,14976
-7.3885000000000005,1.0,0.8074252136752137,0.04546889801073571,0.12096539691770865,576,12092,576,14976
-7.386,1.0,0.8073584401709402,0.04547248756611668,0.12097419120319884,576,12091,576,14976
-7.382,1.0,0.8071581196581197,0.045483259633607075,0.12100058173356602,576,12088,576,14976
-7.3795,1.0,0.8069577991452992,0.0454940368059395,0.1210269837806386,576,12085,576,14976
-7.3774999999999995,1.0,0.8068910256410257,0.04549763033175355,0.12103578702356707,576,12084,576,14976
-7.3740000000000006,1.0,0.8066907051282052,0.04550841431618867,0.12106220443797744,576,12081,576,14976
-7.37,1.0,0.8062900641025641,0.04552999762864596,0.12111507387728365,576,12075,576,14976
-7.366,1.0,0.8055555555555556,0.04556962025316456,0.12121212121212122,576,12064,576,14976
-7.362,1.0,0.804954594017094,0.045602090095796056,0.12129163933231286,576,12055,576,14976
-7.3575,1.0,0.8040197649572649,0.045652690813981135,0.12141554177307554,576,12041,576,14976
-7.353,1.0,0.8028846153846154,0.045714285714285714,0.12156633547632963,576,12024,576,14976
-7.349,1.0,0.8017494658119658,0.04577604704760391,0.12171750420598348,576,12007,576,14976
-7.345000000000001,1.0,0.8005475427350427,0.045841623557500995,0.12187797553651214,576,11989,576,14976
-7.341,1.0,0.7998130341880342,0.0458817906643301,0.12197624981674242,576,11978,576,14976
-7.337,1.0,0.7990117521367521,0.04592568968266624,0.12208363903154806,576,11966,576,14976
-7.333,1.0,0.7980101495726496,0.04598068172746867,0.12221814175541683,576,11951,576,14976
-7.3285,1.0,0.7969417735042735,0.04603948525297738,0.12236193837782192,576,11935,576,14976
-7.3255,1.0,0.796607905982906,0.046057892211738366,0.12240694424010594,576,11930,576,14976
-7.3235,1.0,0.7964075854700855,0.04606894345357114,0.12243396365241706,576,11927,576,14976
-7.321,1.0,0.7959401709401709,0.046094750320102434,0.12249705535924618,576,11920,576,14976
-7.319,1.0,0.7958733974358975,0.0460984393757503,0.12250607376868144,576,11919,576,14976
-7.316,1.0,0.7952724358974359,0.04613166746756367,0.12258729924856344,576,11910,576,14976
-7.311999999999999,1.0,0.7950053418803419,0.046146450889280564,0.12262343404568903,576,11906,576,14976
-7.308,1.0,0.7948050213675214,0.04615754467505409,0.1226505491265571,576,11903,576,14976
-7.304,1.0,0.7947382478632479,0.04616124378906876,0.12265959015185023,576,11902,576,14976
-7.3004999999999995,1.0,0.7946714743589743,0.0461649434960327,0.12266863251013639,576,11901,576,14976
-7.298500000000001,1.0,0.7946047008547008,0.04616864379608849,0.12267767620171043,576,11900,576,14976
-7.2935,1.0,0.7945379273504274,0.04617234468937876,0.12268672122686722,576,11899,576,14976
-7.2835,1.0,0.7944711538461539,0.046176046176046176,0.12269576758590178,576,11898,576,14976
-7.275499999999999,1.0,0.7944043803418803,0.046179748256233465,0.12270481527910922,576,11897,576,14976
-7.2705,1.0,0.7942708333333334,0.04618715419773876,0.1227229146692234,576,11895,576,14976
-7.265499999999999,1.0,0.7942040598290598,0.04619085805934242,0.12273196636672076,576,11894,576,14976
-7.2555,1.0,0.7941372863247863,0.04619456251503729,0.12274101939957219,576,11893,576,14976
-7.2475000000000005,1.0,0.7940705128205128,0.04619826756496631,0.12275007376807319,576,11892,576,14976
-7.245,1.0,0.7938701923076923,0.046209386281588445,0.12277724489043017,576,11889,576,14976
-7.2425,1.0,0.7938034188034188,0.04621309370988447,0.12278630460448643,576,11888,576,14976
-7.24,1.0,0.7934695512820513,0.046231639778473395,0.12283162323761719,576,11883,576,14976
-7.237500000000001,1.0,0.7933360042735043,0.04623906237456851,0.1228497600590624,576,11881,576,14976
-7.234500000000001,1.0,0.7928685897435898,0.04626506024096386,0.12291328113458413,576,11874,576,14976
-7.23,1.0,0.7923344017094017,0.04629480790869635,0.1229859571322986,576,11866,576,14976
-7.2275,1.0,0.7922008547008547,0.04630225080385852,0.12300413956238912,576,11864,576,14976
-7.225,1.0,0.7919337606837606,0.04631714377613381,0.12304052055604853,576,11860,576,14976
-7.2219999999999995,1.0,0.7917334401709402,0.04632831979409636,0.12306782042748318,576,11857,576,14976
-7.218500000000001,1.0,0.7912660256410257,0.04635441815548044,0.12313156726357852,576,11850,576,14976
-7.2145,1.0,0.7904647435897436,0.04639922667955534,0.12324100133313584,576,11838,576,14976
-7.212,1.0,0.7903311965811965,0.04640670319046084,0.12325925925925928,576,11836,576,14976
-7.2095,1.0,0.7899305555555556,0.04642914718684508,0.12331406551059731,576,11830,576,14976
-7.207000000000001,1.0,0.7896634615384616,0.04644412191582003,0.12335063009636768,576,11826,576,14976
-7.2045,1.0,0.7892628205128205,0.046466602129719266,0.12340551765054882,576,11820,576,14976
-7.202,1.0,0.7891960470085471,0.04647035094796289,0.1234146703255952,576,11819,576,14976
-7.198,1.0,0.7886618589743589,0.04650036328408816,0.1234879406307978,576,11811,576,14976
-7.194,1.0,0.7881944444444444,0.046526655896607434,0.12355212355212357,576,11804,576,14976
-7.1915,1.0,0.7879941239316239,0.04653793326331098,0.12357965094689938,576,11801,576,14976
-7.189,1.0,0.7877270299145299,0.04655297825911258,0.12361637322635764,576,11797,576,14976
-7.1865,1.0,0.7874599358974359,0.04656803298569003,0.12365311733670209,576,11793,576,14976
-7.183999999999999,1.0,0.7871260683760684,0.046586865092203174,0.12369907820398456,576,11788,576,14976
-7.1815,1.0,0.7867922008547008,0.046605712436281255,0.12374507325053916,576,11783,576,14976
-7.179,1.0,0.7864583333333334,0.04662457503642545,0.12379110251450677,576,11778,576,14976
-7.1765,1.0,0.7863915598290598,0.04662834938881243,0.12380031247675025,576,11777,576,14976
-7.1739999999999995,1.0,0.7863247863247863,0.046632124352331605,0.12380952380952381,576,11776,576,14976
-7.1715,1.0,0.7860576923076923,0.04664723032069971,0.1238463828520393,576,11772,576,14976
-7.1690000000000005,1.0,0.7855902777777778,0.046673689328255406,0.12391093901258471,576,11765,576,14976
-7.166,1.0,0.7853899572649573,0.04668503809369428,0.12393862654550872,576,11762,576,14976
-7.1635,1.0,0.7852564102564102,0.04669260700389105,0.12395709177592372,576,11760,576,14976
-7.161,1.0,0.7850560897435898,0.04670396497202627,0.12398479994039194,576,11757,576,14976
-7.1585,1.0,0.7847222222222222,0.04672290720311486,0.12403100775193798,576,11752,576,14976
-7.156000000000001,1.0,0.7840544871794872,0.046760837798343884,0.12412352677905417,576,11742,576,14976
-7.153499999999999,1.0,0.7839209401709402,0.046768431308866515,0.12414204715010446,576,11740,576,14976
-7.151,1.0,0.7837206196581197,0.046779826199951274,0.1241698380717857,576,11737,576,14976
-7.1485,1.0,0.7834535256410257,0.046795028028272,0.12420691199522282,576,11733,576,14976
-7.147,1.0,0.7832532051282052,0.04680643588493418,0.1242347319695386,576,11730,576,14976
-7.145,1.0,0.7830528846153846,0.04681784930504755,0.12426256440893138,576,11727,576,14976
-7.1434999999999995,1.0,0.7827857905982906,0.046833075859826004,0.12429969373272579,576,11723,576,14976
-7.140499999999999,1.0,0.7826522435897436,0.046840692851915104,0.12431826671647367,576,11721,576,14976
-7.136,1.0,0.7818509615384616,0.046886446886446886,0.12442982128168699,576,11709,576,14976
-7.1335,1.0,0.781784188034188,0.046890263757733634,0.12443912653305415,576,11708,576,14976
-7.1305,1.0,0.781517094017094,0.046905537459283386,0.12447636146020347,576,11704,576,14976
-7.125500000000001,1.0,0.7811164529914529,0.046928466677529736,0.12453225565035175,576,11698,576,14976
-7.1205,1.0,0.7810496794871795,0.04693229039354681,0.12454157622932416,576,11697,576,14976
-7.115,1.0,0.7806490384615384,0.04695524578136464,0.12459752901535007,576,11691,576,14976
-7.109999999999999,1.0,0.7805154914529915,0.04696290256828373,0.1246161911181008,576,11689,576,14976
-7.105499999999999,1.0,0.7803819444444444,0.046970561852727716,0.124634858812074,576,11687,576,14976
-7.1025,1.0,0.7799813034188035,0.04699355470343477,0.12469089546646685,576,11681,576,14976
-7.1,1.0,0.7799145299145299,0.04699738903394256,0.12470023980815348,576,11680,576,14976
-7.0975,1.0,0.7795806623931624,0.04701657007591217,0.12474698253242374,576,11675,576,14976
-7.096500000000001,1.0,0.7794471153846154,0.0470242468772961,0.12476568943540527,576,11673,576,14976
-7.0945,1.0,0.7793803418803419,0.047028086218158065,0.1247750449910018,576,11672,576,14976
-7.092499999999999,1.0,0.7793135683760684,0.047031926186004734,0.12478440194975628,576,11671,576,14976
-7.09,1.0,0.7791132478632479,0.04704344985298922,0.12481248124812482,576,11668,576,14976
-7.0855,1.0,0.7788461538461539,0.047058823529411764,0.12484993997599039,576,11664,576,14976
-7.082000000000001,1.0,0.7786458333333334,0.04707036038244668,0.12487804878048782,576,11661,576,14976
-7.0795,1.0,0.7785790598290598,0.04707420725727362,0.1248874211948364,576,11660,576,14976
-7.077,1.0,0.7785122863247863,0.047078054760931756,0.12489679501613751,576,11659,576,14976
-7.0755,1.0,0.7784455128205128,0.047081902893575285,0.12490617024470801,576,11658,576,14976
-7.0735,1.0,0.7783119658119658,0.04708960104643558,0.12492492492492492,576,11656,576,14976
-7.0715,1.0,0.7780448717948718,0.047105004906771344,0.12496245118654252,576,11652,576,14976
-7.069,1.0,0.7779113247863247,0.04711271061671847,0.1249812227730209,576,11650,576,14976
-7.0665,1.0,0.7773771367521367,0.04714355868390899,0.12505636554937624,576,11642,576,14976
-7.064,1.0,0.7771768162393162,0.04715513712648383,0.1250845673908141,576,11639,576,14976
-7.0615000000000006,1.0,0.7770432692307693,0.04716285924834193,0.12510337568603866,576,11637,576,14976
-7.0595,1.0,0.7769097222222222,0.04717058389976251,0.12512218963831867,576,11635,576,14976
-7.0575,1.0,0.7767761752136753,0.047178311081988694,0.1251410092502068,576,11633,576,14976
-7.056,1.0,0.7767094017094017,0.047182175622542594,0.12515042117930206,576,11632,576,14976
-7.0535,1.0,0.7764423076923077,0.0471976401179941,0.1251880830574782,576,11628,576,14976
-7.0495,1.0,0.7761752136752137,0.04721311475409836,0.12522576760987356,576,11624,576,14976
-7.045999999999999,1.0,0.7759748931623932,0.047224727391981636,0.12525404591644712,576,11621,576,14976
-7.0435,1.0,0.7758413461538461,0.047232472324723246,0.12527290521719492,576,11619,576,14976
-7.0395,1.0,0.7755074786324786,0.04725184577522559,0.12532007832504896,576,11614,576,14976
-7.036,1.0,0.7752403846153846,0.047267355982274745,0.12535784239867412,576,11610,576,14976
-7.034000000000001,1.0,0.7749732905982906,0.04728287637497948,0.12539562923888473,576,11606,576,14976
-7.032500000000001,1.0,0.7747061965811965,0.04729840696337658,0.1254334388662747,576,11602,576,14976
-7.031000000000001,1.0,0.7746394230769231,0.04730229120473023,0.12544289483603469,576,11601,576,14976
-7.0285,1.0,0.7744391025641025,0.04731394775751602,0.12547127130146285,576,11598,576,14976
-7.0255,1.0,0.7743055555555556,0.04732172198488334,0.12549019607843137,576,11596,576,14976
-7.023,1.0,0.774238782051282,0.047325610056692134,0.125499660607889,576,11595,576,14976
-7.021,1.0,0.7739049145299145,0.04734506000328785,0.12554700467783314,576,11590,576,14976
-7.0184999999999995,1.0,0.773704594017094,0.0473567376469621,0.12557542826956458,576,11587,576,14976
-7.0145,1.0,0.7736378205128205,0.04736063147508633,0.12558490566037736,576,11586,576,14976
-7.0105,1.0,0.7735042735042735,0.04736842105263158,0.12560386473429952,576,11584,576,14976
-7.0085,1.0,0.7733707264957265,0.04737621319295937,0.12562282953344409,576,11582,576,14976
-7.0075,1.0,0.7730368589743589,0.04739570476425574,0.12567026659617855,576,11577,576,14976
-7.0055,1.0,0.772636217948718,0.0474191158310694,0.1257272383830752,576,11571,576,14976
-7.003,1.0,0.7725026709401709,0.04742692466035406,0.12574624045945743,576,11569,576,14976
-7.0,1.0,0.7721020299145299,0.04745036658703353,0.1258032811673093,576,11563,576,14976
-6.9975000000000005,1.0,0.7719017094017094,0.047462096242584045,0.12583182093163944,576,11560,576,14976
-6.996,1.0,0.7718349358974359,0.047466007416563656,0.1258413370642063,576,11559,576,14976
-6.994,1.0,0.7717013888888888,0.04747383169867304,0.12586037364798427,576,11557,576,14976
-6.9925,1.0,0.7716346153846154,0.04747774480712166,0.12586989409984872,576,11556,576,14976
-6.99,1.0,0.7713675213675214,0.047493403693931395,0.12590799031476999,576,11552,576,14976
-6.987500000000001,1.0,0.7711004273504274,0.047509072913229956,0.12594610959733576,576,11548,576,14976
-6.984999999999999,1.0,0.7707665598290598,0.047528673983001896,0.1259937911713485,576,11543,576,14976
-6.9825,1.0,0.7704994658119658,0.04754436648782501,0.12603196243278045,576,11539,576,14976
-6.9795,1.0,0.7700988247863247,0.04756792468411925,0.12608926271122226,576,11533,576,14976
-6.975,1.0,0.7700320512820513,0.04757185332011893,0.1260988178235829,576,11532,576,14976
-6.9725,1.0,0.7699652777777778,0.047575782605104484,0.12610837438423647,576,11531,576,14976
-6.971,1.0,0.7695646367521367,0.04759937195273118,0.1261657441807567,576,11525,576,14976
-6.9685,1.0,0.7694310897435898,0.04760724026779073,0.12618487904754683,576,11523,576,14976
-6.964499999999999,1.0,0.7692307692307693,0.047619047619047616,0.1262135922330097,576,11520,576,14976
-6.9595,1.0,0.7689636752136753,0.04763479986768111,0.12625189681335358,576,11516,576,14976
-6.9544999999999995,1.0,0.7685630341880342,0.04765844779083237,0.12630939729770763,576,11510,576,14976
-6.9495000000000005,1.0,0.7684294871794872,0.047666335650446874,0.12632857576677803,576,11508,576,14976
-6.9445,1.0,0.7681623931623932,0.04768211920529802,0.12636695018226002,576,11504,576,14976
-6.9415,1.0,0.7679620726495726,0.047693963732715075,0.12639574629699965,576,11501,576,14976
-6.9365000000000006,1.0,0.7678952991452992,0.04769791321629679,0.12640534791856578,576,11500,576,14976
-6.9295,1.0,0.7678285256410257,0.04770186335403727,0.1264149509990124,576,11499,576,14976
-6.922,1.0,0.7676949786324786,0.04770976559264475,0.12643416153787707,576,11497,576,14976
-6.9145,1.0,0.7676282051282052,0.04771371769383698,0.12644376899696047,576,11496,576,14976
-6.9094999999999995,1.0,0.7674946581196581,0.04772162386081193,0.12646298829609365,576,11494,576,14976
-6.906000000000001,1.0,0.7672943376068376,0.04773348802519267,0.1264918282022045,576,11491,576,14976
-6.9035,1.0,0.7670272435897436,0.04774931609052475,0.12653030187818418,576,11487,576,14976
-6.8995,1.0,0.7669604700854701,0.04775327474713978,0.12653992395437264,576,11486,576,14976
-6.8955,1.0,0.7668269230769231,0.04776119402985075,0.12655917249771828,576,11484,576,14976
-6.8865,1.0,0.7667601495726496,0.047765154656273325,0.1265687989655435,576,11483,576,14976
-6.8774999999999995,1.0,0.7666933760683761,0.04776911593962514,0.12657842689791574,576,11482,576,14976
-6.873,1.0,0.7665598290598291,0.047777040477770406,0.12659768715763847,576,11480,576,14976
-6.8655,1.0,0.7664930555555556,0.04778100373289092,0.12660731948565776,576,11479,576,14976
-6.839,1.0,0.7662927350427351,0.04779289744440757,0.12663622526636226,576,11476,576,14976
-6.8125,1.0,0.765892094017094,0.04781670263988046,0.12669407644282019,576,11470,576,14976
-6.8035,1.0,0.7657585470085471,0.04782464297575556,0.12671337191593054,576,11468,576,14976
-6.7945,1.0,0.765625,0.04783258594917788,0.12673267326732673,576,11466,576,14976
-6.781000000000001,1.0,0.7654246794871795,0.04784450535758784,0.12676163632208426,576,11463,576,14976
-6.7675,1.0,0.7652911324786325,0.047852454930630554,0.1267809523809524,576,11461,576,14976
-6.7595,1.0,0.765090811965812,0.047864384244640186,0.126809937509526,576,11458,576,14976
-6.755,1.0,0.7650240384615384,0.04786836200448766,0.1268196021644692,576,11457,576,14976
-6.749499999999999,1.0,0.7647569444444444,0.04788427965749439,0.12685827552031717,576,11453,576,14976
-6.7364999999999995,1.0,0.7645566239316239,0.04789622484616664,0.12688729601952112,576,11450,576,14976
-6.7225,1.0,0.7644898504273504,0.0479002079002079,0.12689697247006787,576,11449,576,14976
-6.7135,1.0,0.7644230769230769,0.04790419161676647,0.1269066503965833,576,11448,576,14976
-6.7055,1.0,0.7640892094017094,0.04792412014310675,0.12695506218051422,576,11443,576,14976
-6.6965,1.0,0.7638888888888888,0.047936085219707054,0.126984126984127,576,11440,576,14976
-6.6905,1.0,0.7636885683760684,0.0479480562723716,0.12701320509884742,576,11437,576,14976
-6.6835,1.0,0.7636217948717948,0.04795204795204795,0.1270229007633588,576,11436,576,14976
-6.676,1.0,0.7635550213675214,0.04795604029639497,0.12703259790823726,576,11435,576,14976
-6.6705000000000005,1.0,0.7631543803418803,0.04798000832986256,0.12709081188421295,576,11429,576,14976
-6.666,1.0,0.7630208333333334,0.047988002999250184,0.12711022840119166,576,11427,576,14976
-6.661,1.0,0.7628205128205128,0.048,0.1271393643031785,576,11424,576,14976
-6.656499999999999,1.0,0.7626869658119658,0.048008001333555594,0.12715879565948343,576,11422,576,14976
-6.651999999999999,1.0,0.7624866452991453,0.048020008336807,0.12718795383321868,576,11419,576,14976
-6.646,1.0,0.7621527777777778,0.04804003336113428,0.12723658051689862,576,11414,576,14976
-6.641500000000001,1.0,0.7619524572649573,0.0480520563944273,0.12726577437858508,576,11411,576,14976
-6.6370000000000005,1.0,0.7616853632478633,0.04806809646999916,0.12730472037334556,576,11407,576,14976
-6.6325,1.0,0.7615518162393162,0.04807612052416326,0.12732420231081187,576,11405,576,14976
-6.629,1.0,0.7610844017094017,0.04810422582261567,0.1273924360741081,576,11398,576,14976
-6.6265,1.0,0.7609508547008547,0.04811226194453725,0.12741194486983157,576,11396,576,14976
-6.6235,1.0,0.7608173076923077,0.0481203007518797,0.12743145964159902,576,11394,576,14976
-6.6215,1.0,0.7606837606837606,0.0481283422459893,0.12745098039215688,576,11392,576,14976
-6.619,1.0,0.7603498931623932,0.048148457744712866,0.1274998084437974,576,11387,576,14976
-6.616,1.0,0.7600160256410257,0.0481685900652283,0.12754867392304156,576,11382,576,14976
-6.6135,1.0,0.7597489316239316,0.04818470804751548,0.12758779328323877,576,11378,576,14976
-6.611000000000001,1.0,0.7593482905982906,0.04820890525610981,0.12764651733660634,576,11372,576,14976
-6.6080000000000005,1.0,0.7592147435897436,0.048216976393771975,0.1276661040355992,576,11370,576,14976
-6.605,1.0,0.7591479700854701,0.04822101297614065,0.12767589963937698,576,11369,576,14976
-6.6035,1.0,0.7587473290598291,0.04824524667057543,0.127734704843786,576,11363,576,14976
-6.601,1.0,0.7585470085470085,0.04825737265415549,0.12776412776412777,576,11360,576,14976
-6.5975,1.0,0.7582799145299145,0.048273550117331546,0.12780337941628267,576,11356,576,14976
-6.595000000000001,1.0,0.7582131410256411,0.048277596178023637,0.1278131960980106,576,11355,576,14976
-6.593500000000001,1.0,0.758079594017094,0.048285690334479,0.12783283398632558,576,11353,576,14976
-6.592499999999999,1.0,0.7578125,0.04830188679245283,0.1278721278721279,576,11349,576,14976
-6.5915,1.0,0.7576789529914529,0.04830998909670385,0.12789178387518255,576,11347,576,14976
-6.589,1.0,0.7576121794871795,0.04831404126824358,0.12790161414296694,576,11346,576,14976
-6.586,1.0,0.7570779914529915,0.04834648312909182,0.1279803107214275,576,11338,576,14976
-6.5835,1.0,0.7568108974358975,0.04836272040302267,0.1280196953377443,576,11334,576,14976
-6.5809999999999995,1.0,0.7565438034188035,0.048378968587266924,0.12805910420193936,576,11330,576,14976
-6.579000000000001,1.0,0.7564102564102564,0.04838709677419355,0.12807881773399016,576,11328,576,14976
-6.577500000000001,1.0,0.7561431623931624,0.048403361344537814,0.1281182630120111,576,11324,576,14976
-6.576499999999999,1.0,0.7557425213675214,0.04842777871195561,0.1281774765059313,576,11318,576,14976
-6.574,1.0,0.7556089743589743,0.04843592330978809,0.12819722650231127,576,11316,576,14976
-6.571,1.0,0.7554086538461539,0.04844814534443603,0.1282268629113046,576,11313,576,14976
-6.569,1.0,0.7551415598290598,0.04846445098864115,0.12826639944500118,576,11309,576,14976
-6.5675,1.0,0.7549412393162394,0.048476687426359195,0.12829606784888203,576,11306,576,14976
-6.5665,1.0,0.7540064102564102,0.04853387259858443,0.12843470206853969,576,11292,576,14976
-6.5655,1.0,0.7532719017094017,0.048578898540946276,0.12854383932020086,576,11281,576,14976
-6.563000000000001,1.0,0.7530048076923077,0.04859529233105543,0.12858357159415812,576,11277,576,14976
-6.5600000000000005,1.0,0.7528712606837606,0.04860349337608641,0.12860344694334958,576,11275,576,14976
-6.5575,1.0,0.7519364316239316,0.04866097828841767,0.12874274661508706,576,11261,576,14976
-6.5555,1.0,0.7518696581196581,0.04866508955728287,0.12875270813989478,576,11260,576,14976
-6.554,1.0,0.7514022435897436,0.048693887902612226,0.1288224820004645,576,11253,576,14976
-6.5515,1.0,0.7500667735042735,0.04877635701583538,0.12902225323718694,576,11233,576,14976
-6.5489999999999995,1.0,0.7496661324786325,0.04880115224942811,0.12908230548444652,576,11227,576,14976
-6.545999999999999,1.0,0.7490651709401709,0.048838392402916736,0.12917248874398388,576,11218,576,14976
-6.542999999999999,1.0,0.7489983974358975,0.04884253370643602,0.129182516885335,576,11217,576,14976
-6.5415,1.0,0.7477964743589743,0.0489171974522293,0.12936329005675193,576,11199,576,14976
-6.5405,1.0,0.7473290598290598,0.04894629503738953,0.12943372744243933,576,11192,576,14976
-6.539,1.0,0.7463274572649573,0.0490087637199013,0.12958492329257845,576,11177,576,14976
-6.537,1.0,0.7459268162393162,0.049033795862773476,0.1296455005843397,576,11171,576,14976
-6.534,1.0,0.7450587606837606,0.0490881199931822,0.1297769458742786,576,11158,576,14976
-6.531499999999999,1.0,0.7449252136752137,0.049096488237299694,0.12979719188767552,576,11156,576,14976
-6.5305,1.0,0.7442574786324786,0.04913837229141785,0.1298985167837627,576,11146,576,14976
-6.5295000000000005,1.0,0.7439236111111112,0.04915934112827516,0.1299492385786802,576,11141,576,14976
-6.528499999999999,1.0,0.7438568376068376,0.04916353704335951,0.12995938769134646,576,11140,576,14976
-6.5265,1.0,0.7429220085470085,0.0492223551529653,0.13010164190774043,576,11126,576,14976
-6.524,1.0,0.7421207264957265,0.04927288280581694,0.13022382219439663,576,11114,576,14976
-6.521,1.0,0.7419871794871795,0.049281314168377825,0.13024420788979335,576,11112,576,14976
-6.518000000000001,1.0,0.7412526709401709,0.04932773828894408,0.1303564433999217,576,11101,576,14976
-6.516,1.0,0.7409855769230769,0.04934464148033924,0.13039730428649793,576,11097,576,14976
-6.5145,1.0,0.7398504273504274,0.04941660947151681,0.13057124921531701,576,11080,576,14976
-6.5120000000000005,1.0,0.7387820512820513,0.049484536082474224,0.13073538654934003,576,11064,576,14976
-6.509,1.0,0.7386485042735043,0.0494930400412442,0.13075593273613076,576,11062,576,14976
-6.507,1.0,0.7379807692307693,0.04953560371517028,0.13085876061654608,576,11052,576,14976
-6.5055,1.0,0.7378472222222222,0.04954412523653879,0.130879345603272,576,11050,576,14976
-6.504,1.0,0.7377136752136753,0.04955264969029594,0.13089993706733793,576,11048,576,14976
-6.5024999999999995,1.0,0.7355101495726496,0.04969372789233026,0.13124063411941003,576,11015,576,14976
-6.5009999999999994,1.0,0.7345753205128205,0.04975382223373931,0.13138570864587448,576,11001,576,14976
-6.4985,1.0,0.7340411324786325,0.04978822715878641,0.1314687524689895,576,10993,576,14976
-6.495,1.0,0.7330395299145299,0.04985286480872425,0.131624742920424,576,10978,576,14976
-6.492,1.0,0.7323717948717948,0.0498960498960499,0.13172894236858773,576,10968,576,14976
-6.4905,1.0,0.7319711538461539,0.0499219968798752,0.1317915412640583,576,10962,576,14976
-6.489000000000001,1.0,0.7303685897435898,0.05002605523710266,0.13204253293128076,576,10938,576,14976
-6.4865,1.0,0.7302350427350427,0.05003474635163308,0.13206349206349208,576,10936,576,14976
-6.4830000000000005,1.0,0.7297676282051282,0.050065189048239894,0.1321369014531883,576,10929,576,14976
-6.4805,1.0,0.7295673076923077,0.050078247261345854,0.13216838760921365,576,10926,576,14976
-6.4795,1.0,0.7292334401709402,0.05010002609376359,0.13222089789431865,576,10921,576,14976
-6.478,1.0,0.7287660256410257,0.050130548302872065,0.13229448242963907,576,10914,576,14976
-6.4755,1.0,0.7278979700854701,0.05018733118410734,0.13243135694389177,576,10901,576,14976
-6.473000000000001,1.0,0.7276308760683761,0.05020482872831866,0.13247352917761326,576,10897,576,14976
-6.471500000000001,1.0,0.7275641025641025,0.0502092050209205,0.13248407643312102,576,10896,576,14976
-6.4704999999999995,1.0,0.7270299145299145,0.05024424284717376,0.13256851497769281,576,10888,576,14976
-6.468999999999999,1.0,0.7269631410256411,0.05024862601413243,0.13257907736435343,576,10887,576,14976
-6.467499999999999,1.0,0.7258279914529915,0.050323257033024635,0.1327588958034147,576,10870,576,14976
-6.465999999999999,1.0,0.7256276709401709,0.050336450231582626,0.13279067911579284,576,10867,576,14976
-6.464,1.0,0.7248263888888888,0.05038929227539148,0.13291796469366565,576,10855,576,14976
-6.4625,1.0,0.7247596153846154,0.050393700787401574,0.13292858284070938,576,10854,576,14976
-6.4615,1.0,0.7246260683760684,0.0504025201260063,0.13294982422499202,576,10852,576,14976
-6.458500000000001,1.0,0.7238915598290598,0.05045108172024174,0.13306677329068373,576,10841,576,14976
-6.455500000000001,1.0,0.7237580128205128,0.05045992115637319,0.1330880588658722,576,10839,576,14976
-6.4535,1.0,0.7228231837606838,0.05052188404525919,0.13323724877892545,576,10825,576,14976
-6.451499999999999,1.0,0.7223557692307693,0.05055292259083728,0.1333119692356994,576,10818,576,14976
-6.4505,1.0,0.7221554487179487,0.05056623650250198,0.13334401795015627,576,10815,576,14976
-6.448,1.0,0.7218215811965812,0.05058844194624978,0.13339746673080008,576,10810,576,14976
-6.4455,1.0,0.7217548076923077,0.05059288537549407,0.1334081616291189,576,10809,576,14976
-6.4445,1.0,0.7216880341880342,0.050597329585382995,0.13341885824246313,576,10808,576,14976
-6.4435,1.0,0.7214877136752137,0.05061066690097531,0.13345095837677443,576,10805,576,14976
-6.4425,1.0,0.7198183760683761,0.05072208524128214,0.13371906139504983,576,10780,576,14976
-6.441000000000001,1.0,0.7196180555555556,0.05073548841715846,0.13375130616509928,576,10777,576,14976
-6.439500000000001,1.0,0.7193509615384616,0.05075337034099921,0.13379432338988503,576,10773,576,14976
-6.4384999999999994,1.0,0.7188167735042735,0.05078917203068512,0.13388044090433665,576,10765,576,14976
-6.4365,1.0,0.71875,0.050793650793650794,0.13389121338912136,576,10764,576,14976
-6.4345,1.0,0.7185496794871795,0.05080709182323366,0.1339235412474849,576,10761,576,14976
-6.4335,1.0,0.7181490384615384,0.050833995234312944,0.1339882438199533,576,10755,576,14976
-6.432,1.0,0.7172809829059829,0.050892383813394594,0.13412864742866357,576,10742,576,14976
-6.4305,1.0,0.7168803418803419,0.05091937765205092,0.13419354838709677,576,10736,576,14976
-6.4295,1.0,0.7156784188034188,0.051000531255533915,0.13438862865449847,576,10718,576,14976
-6.4285,1.0,0.7154780982905983,0.05101408201222212,0.13442119718878748,576,10715,576,14976
-6.4275,1.0,0.7140758547008547,0.051109139307897074,0.1346496196795598,576,10694,576,14976
-6.4265,1.0,0.7139423076923077,0.051118210862619806,0.13467141469731306,576,10692,576,14976
-6.425000000000001,1.0,0.7133413461538461,0.051159072741806554,0.13476957965497693,576,10683,576,14976
-6.423500000000001,1.0,0.7130074786324786,0.05118180202594633,0.13482417760492627,576,10678,576,14976
-6.422499999999999,1.0,0.7118723290598291,0.05125923289134111,0.13501014198782962,576,10661,576,14976
-6.4215,1.0,0.711471688034188,0.05128661739827264,0.13507589901777742,576,10655,576,14976
-6.42,1.0,0.7108039529914529,0.051332323322342034,0.13518563652611912,576,10645,576,14976
-6.4185,1.0,0.7102029914529915,0.051373528362468786,0.13528455284552846,576,10636,576,14976
-6.4175,1.0,0.7086004273504274,0.05148373257061137,0.13554903877484523,576,10612,576,14976
-6.4165,1.0,0.7076655982905983,0.051548236978700555,0.13570380035883217,576,10598,576,14976
-6.415,1.0,0.7073317307692307,0.0515713134568896,0.13575915803214492,576,10593,576,14976
-6.4135,1.0,0.7067975427350427,0.051608278828062,0.13584782431218875,576,10585,576,14976
-6.412,1.0,0.7062633547008547,0.05164529722944499,0.1359366064863982,576,10577,576,14976
-6.41,1.0,0.7053952991452992,0.05170556552962298,0.13608112528622834,576,10564,576,14976
-6.4085,1.0,0.7045272435897436,0.051765974656241574,0.13622595169873106,576,10551,576,14976
-6.407500000000001,1.0,0.7044604700854701,0.05177062735933849,0.13623710496151956,576,10550,576,14976
-6.406499999999999,1.0,0.7037927350427351,0.051817200431810005,0.13634873811864964,576,10540,576,14976
-6.4055,1.0,0.7021233974358975,0.05193400054097917,0.13662862303965845,576,10515,576,14976
-6.4045000000000005,1.0,0.7009882478632479,0.05201372584432003,0.13681960203913832,576,10498,576,14976
-6.4030000000000005,1.0,0.7000534188034188,0.052079566003616636,0.1369772802107343,576,10484,576,14976
-6.401,1.0,0.6982505341880342,0.05220701531768331,0.13728240244204273,576,10457,576,14976
-6.3995,1.0,0.6978498931623932,0.052235422145642516,0.13735039207593894,576,10451,576,14976
-6.398,1.0,0.6973157051282052,0.0522733460386605,0.13744114974807964,576,10443,576,14976
-6.3955,1.0,0.696113782051282,0.05235887646577584,0.13764579369674912,576,10425,576,14976
-6.3934999999999995,1.0,0.6951789529914529,0.05242559388368071,0.13780538302277434,576,10411,576,14976
-6.3925,1.0,0.6943108974358975,0.05248769819573537,0.13795390482507047,576,10398,576,14976
-6.391500000000001,1.0,0.6940438034188035,0.05250683682771194,0.13799966827002821,576,10394,576,14976
-6.390499999999999,1.0,0.6933092948717948,0.05255954010402409,0.13812567444176974,576,10383,576,14976
-6.3895,1.0,0.6929086538461539,0.05258833196384552,0.13819450211776432,576,10377,576,14976
-6.388,1.0,0.6922409188034188,0.052636388558896095,0.13830936746737596,576,10367,576,14976
-6.3865,1.0,0.6919070512820513,0.052660449808008776,0.13836687177781473,576,10362,576,14976
-6.3855,1.0,0.6915731837606838,0.05268453306503247,0.13842442392479826,576,10357,576,14976
-6.384,1.0,0.6911725427350427,0.052713462066440925,0.1384935497295048,576,10351,576,14976
-6.3825,1.0,0.6905048076923077,0.05276174773289365,0.1386089129529363,576,10341,576,14976
-6.3815,1.0,0.6904380341880342,0.052766581165262,0.13862045984671778,576,10340,576,14976
-6.3805,1.0,0.6890357905982906,0.0528682882055989,0.13886338980221982,576,10319,576,14976
-6.379,1.0,0.6889690170940171,0.052873141178630435,0.13887497913536972,576,10318,576,14976
-6.3765,1.0,0.6875,0.052980132450331126,0.1391304347826087,576,10296,576,14976
-6.3740000000000006,1.0,0.6866319444444444,0.05304355833870522,0.1392818280739935,576,10283,576,14976
-6.3725000000000005,1.0,0.6864983974358975,0.05305332964907433,0.13930514859773965,576,10281,576,14976
-6.371,1.0,0.6863648504273504,0.05306310456011055,0.13932847693209413,576,10279,576,14976
-6.369,1.0,0.6856971153846154,0.053112033195020746,0.13944523590044414,576,10269,576,14976
-6.3675,1.0,0.6850293803418803,0.05316105214582372,0.13956219072381115,576,10259,576,14976
-6.3665,1.0,0.6842948717948718,0.05321507760532151,0.1396910678307589,576,10248,576,14976
-6.365,1.0,0.6839610042735043,0.05323967094925594,0.13974972705131436,576,10243,576,14976
-6.3625,1.0,0.6835603632478633,0.053269212984370665,0.1398201831778842,576,10237,576,14976
-6.359999999999999,1.0,0.6830261752136753,0.053308653401203145,0.13991423526444127,576,10229,576,14976
-6.358499999999999,1.0,0.6824919871794872,0.053348152264517924,0.14000841396718552,576,10221,576,14976
-6.356999999999999,1.0,0.6822916666666666,0.05336297943301834,0.14004376367614882,576,10218,576,14976
-6.355,1.0,0.6811565170940171,0.053447155980328474,0.14024441635061105,576,10201,576,14976
-6.3535,1.0,0.680488782051282,0.053496795764837,0.14036271615352172,576,10191,576,14976
-6.3525,1.0,0.6802884615384616,0.05351170568561873,0.14039824502193723,576,10188,576,14976
-6.351,1.0,0.6801549145299145,0.053521650250882735,0.14042194092827007,576,10186,576,14976
-6.3495,1.0,0.6797542735042735,0.05355150613611008,0.14049307666328945,576,10180,576,14976
-6.3485,1.0,0.6796875,0.05355648535564853,0.14050493962678376,576,10179,576,14976
-6.3475,1.0,0.679420405982906,0.05357641149660497,0.14055241152124334,576,10175,576,14976
-6.346500000000001,1.0,0.6790865384615384,0.05360134003350084,0.14061179651850603,576,10170,576,14976
-6.345000000000001,1.0,0.6785523504273504,0.05364127398025703,0.14070691696262475,576,10162,576,14976
-6.343500000000001,1.0,0.6782184829059829,0.053666262927420105,0.14076643261991373,576,10157,576,14976
-6.342499999999999,1.0,0.6773504273504274,0.05373134328358209,0.14092140921409213,576,10144,576,14976
-6.340999999999999,1.0,0.6766159188034188,0.05378653469044729,0.14105281003644995,576,10133,576,14976
-6.3395,1.0,0.6764823717948718,0.053796581675539364,0.1410767274268758,576,10131,576,14976
-6.3385,1.0,0.6757478632478633,0.05385190725504862,0.14120841819416158,576,10120,576,14976
-6.3375,1.0,0.6751469017094017,0.05389725835126789,0.1413163481953291,576,10111,576,14976
-6.3365,1.0,0.6745459401709402,0.05394268589623525,0.14142444331123577,576,10102,576,14976
-6.3355,1.0,0.6741452991452992,0.053973013493253376,0.1414965986394558,576,10096,576,14976
-6.3345,1.0,0.6736778846153846,0.0540084388185654,0.14158087296860378,576,10089,576,14976
-6.3335,1.0,0.6731436965811965,0.054048981889837665,0.14167730949340146,576,10081,576,14976
-6.3325,1.0,0.6728098290598291,0.05407435223432219,0.14173764906303238,576,10076,576,14976
-6.3315,1.0,0.671340811965812,0.0541862652869238,0.14200375490698072,576,10054,576,14976
-6.330500000000001,1.0,0.6704727564102564,0.05425261373269285,0.1421614694574968,576,10041,576,14976
-6.329000000000001,1.0,0.6697382478632479,0.05430888176503866,0.14229519411664102,576,10030,576,14976
-6.327500000000001,1.0,0.6687366452991453,0.05438579926352564,0.14247795187944173,576,10015,576,14976
-6.3260000000000005,1.0,0.6673344017094017,0.054493850520340587,0.14273460284782982,576,9994,576,14976
-6.3245000000000005,1.0,0.6668002136752137,0.05453512592312062,0.1428326180257511,576,9986,576,14976
-6.3235,1.0,0.6662660256410257,0.054576463899943146,0.14293076790929396,576,9978,576,14976
-6.3225,1.0,0.6657318376068376,0.0546178645932107,0.1430290527763452,576,9970,576,14976
-6.3215,1.0,0.6651976495726496,0.05465932814575821,0.14312747290555652,576,9962,576,14976
-6.3205,1.0,0.6647302350427351,0.054695660431108156,0.14321370169549877,576,9955,576,14976
-6.3195,1.0,0.664329594017094,0.05472684085510689,0.14328769482476536,576,9949,576,14976
-6.3185,1.0,0.6640625,0.05474764756201882,0.1433370660694289,576,9945,576,14976
-6.3175,1.0,0.6638621794871795,0.05476326297775243,0.14337411683611925,576,9942,576,14976
-6.3165,1.0,0.6630608974358975,0.0548258138206739,0.14352251164395377,576,9930,576,14976
-6.3155,1.0,0.6625934829059829,0.05486236784455662,0.14360921722620182,576,9923,576,14976
-6.314,1.0,0.6622596153846154,0.0548885077186964,0.1436712139526852,576,9918,576,14976
-6.3125,1.0,0.6621928418803419,0.05489373868293148,0.14368361972195837,576,9917,576,14976
-6.3115000000000006,1.0,0.6613915598290598,0.05495658811182139,0.14383265623649408,576,9905,576,14976
-6.310499999999999,1.0,0.6607905982905983,0.05500381970970206,0.1439446366782007,576,9896,576,14976
-6.308999999999999,1.0,0.6607238247863247,0.0550090726769172,0.14395708971364307,576,9895,576,14976
-6.3075,1.0,0.6605235042735043,0.055024837600305694,0.1439944617514711,576,9892,576,14976
-6.3065,1.0,0.6604567307692307,0.055030094582975066,0.14400692340977933,576,9891,576,14976
-6.3055,1.0,0.6602564102564102,0.05504587155963303,0.1440443213296399,576,9888,576,14976
-6.3045,1.0,0.6599893162393162,0.05506692160611855,0.14409421544856252,576,9884,576,14976
-6.303,1.0,0.6599225427350427,0.05507218663352137,0.14410669437949253,576,9883,576,14976
-6.3015,1.0,0.6592548076923077,0.05512489233419466,0.1442316026696715,576,9873,576,14976
-6.3004999999999995,1.0,0.6591880341880342,0.055130168453292494,0.14424410540915397,576,9872,576,14976
-6.2989999999999995,1.0,0.6591212606837606,0.05513544558246387,0.14425661031642828,576,9871,576,14976
-6.297499999999999,1.0,0.6590544871794872,0.05514072372199885,0.14426911739205825,576,9870,576,14976
-6.2965,1.0,0.6589877136752137,0.05514600287218765,0.14428162663660798,576,9869,576,14976
-6.2955000000000005,1.0,0.6583199786324786,0.055198850023957836,0.14440683849691924,576,9859,576,14976
-6.294499999999999,1.0,0.6582532051282052,0.055204140310523286,0.1444193716368686,576,9858,576,14976
-6.2935,1.0,0.6581196581196581,0.05521472392638037,0.14444444444444446,576,9856,576,14976
-6.2925,1.0,0.6580528846153846,0.055220017256255395,0.1444569841132043,576,9855,576,14976
-6.2915,1.0,0.6579861111111112,0.055225311601150524,0.14446952595936793,576,9854,576,14976
-6.29,1.0,0.6575186965811965,0.05526240046052001,0.14455737989748937,576,9847,576,14976
-6.2885,1.0,0.6572516025641025,0.05528361646991074,0.1446076301381768,576,9843,576,14976
-6.2875,1.0,0.6571848290598291,0.055288923017853715,0.14462019815748306,576,9842,576,14976
-6.2865,1.0,0.6571180555555556,0.055294230584621296,0.14463276836158193,576,9841,576,14976
-6.2844999999999995,1.0,0.656784188034188,0.05532078371110257,0.14469565217391303,576,9836,576,14976
-6.282,1.0,0.6566506410256411,0.0553314121037464,0.14472082101234998,576,9834,576,14976
-6.279999999999999,1.0,0.6561164529914529,0.055373966544895216,0.14482158398607486,576,9826,576,14976
-6.2775,1.0,0.6560496794871795,0.055379290452841075,0.14483418922447558,576,9825,576,14976
-6.2745,1.0,0.6557825854700855,0.05540059632586323,0.14488463212886374,576,9821,576,14976
-6.2725,1.0,0.655715811965812,0.05540592535590612,0.1448972483455242,576,9820,576,14976
-6.2715,1.0,0.6556490384615384,0.05541125541125541,0.14490986675955764,576,9819,576,14976
-6.27,1.0,0.6552483974358975,0.055443257291365865,0.14498562342075455,576,9813,576,14976
-6.2684999999999995,1.0,0.6550480769230769,0.05545927209705372,0.14502353146243685,576,9810,576,14976
-6.2669999999999995,1.0,0.6548477564102564,0.055475296157180005,0.1450614593322291,576,9807,576,14976
-6.2635000000000005,1.0,0.6542467948717948,0.055523423944476576,0.1451753620659571,576,9798,576,14976
-6.259,1.0,0.6537793803418803,0.05556091444005016,0.14526407682234832,576,9791,576,14976
-6.2565,1.0,0.6536458333333334,0.05557163531114327,0.1452894438138479,576,9789,576,14976
-6.254,1.0,0.6527777777777778,0.05564142194744977,0.14545454545454548,576,9776,576,14976
-6.2515,1.0,0.6525106837606838,0.05566293003478933,0.14550542147604056,576,9772,576,14976
-6.250500000000001,1.0,0.6522435897435898,0.05568445475638051,0.14555633310007,576,9768,576,14976
-6.248,1.0,0.6521768162393162,0.05568983853814174,0.14556906657335317,576,9767,576,14976
-6.2435,1.0,0.6516426282051282,0.05573294629898404,0.1456710146196271,576,9759,576,14976
-6.2405,1.0,0.6515758547008547,0.055738339461970196,0.14568376816669587,576,9758,576,14976
-6.2395,1.0,0.6511084401709402,0.05577612084826184,0.14577310556285591,576,9751,576,14976
-6.237,1.0,0.6510416666666666,0.0557815223707147,0.1457858769931663,576,9750,576,14976
-6.2330000000000005,1.0,0.6506410256410257,0.05581395348837209,0.1458625525946704,576,9744,576,14976
-6.2305,1.0,0.6505742521367521,0.05581936234131214,0.14587533970369074,576,9743,576,14976
-6.2285,1.0,0.6504407051282052,0.0558301831927886,0.14590092064883822,576,9741,576,14976
-6.226,1.0,0.6503739316239316,0.05583559519193486,0.1459137144861452,576,9740,576,14976
-6.223,1.0,0.6500400641025641,0.05586267093395403,0.14597771734362663,576,9735,576,14976
-6.2204999999999995,1.0,0.6499065170940171,0.055873508584731786,0.1460033342107572,576,9733,576,14976
-6.2195,1.0,0.6497729700854701,0.05588435044144756,0.14602896007020624,576,9731,576,14976
-6.2170000000000005,1.0,0.6497061965811965,0.0558897729477974,0.14604177637352994,576,9730,576,14976
-6.2135,1.0,0.6496394230769231,0.05589519650655022,0.14605459492670939,576,9729,576,14976
-6.211,1.0,0.6495058760683761,0.05590604678249054,0.14608023878500573,576,9727,576,14976
-6.2095,1.0,0.6493055555555556,0.05592233009708738,0.1461187214611872,576,9724,576,14976
-6.2075,1.0,0.6491052350427351,0.05593862289987375,0.14615722441809398,576,9721,576,14976
-6.205500000000001,1.0,0.6489049145299145,0.055954925199145134,0.14619574767176244,576,9718,576,14976
-6.204000000000001,1.0,0.648704594017094,0.055971237003206685,0.1462342912382459,576,9715,576,14976
-6.202500000000001,1.0,0.6485042735042735,0.05598755832037325,0.14627285513361463,576,9712,576,14976
-6.2010000000000005,1.0,0.6482371794871795,0.056009334889148193,0.14632430531129087,576,9708,576,14976
-6.1995000000000005,1.0,0.6479700854700855,0.05603112840466926,0.14637579169598874,576,9704,576,14976
-6.1985,1.0,0.647903311965812,0.056036579433797064,0.14638866895398964,576,9703,576,14976
-6.1965,1.0,0.6478365384615384,0.05604203152364273,0.14640154847791662,576,9702,576,14976
-6.1945,1.0,0.6477697649572649,0.05604748467451591,0.1464144302683678,576,9701,576,14976
-6.191,1.0,0.647636217948718,0.05605839416058394,0.1464402006512365,576,9699,576,14976
-6.1875,1.0,0.6475694444444444,0.05606385049639868,0.1464530892448513,576,9698,576,14976
-6.1865000000000006,1.0,0.6473691239316239,0.056080225878687565,0.1464917686416058,576,9695,576,14976
-6.185499999999999,1.0,0.6473023504273504,0.0560856864654333,0.146504666314492,576,9694,576,14976
-6.1845,1.0,0.6467681623931624,0.05612940947183785,0.1466079295154185,576,9686,576,14976
-6.1835,1.0,0.6467013888888888,0.05613487964136049,0.1466208476517755,576,9685,576,14976
-6.182,1.0,0.6463007478632479,0.05616772306192101,0.14669840430221281,576,9679,576,14976
-6.18,1.0,0.6462339743589743,0.056173200702165006,0.1467113383882913,576,9678,576,14976
-6.178,1.0,0.6460336538461539,0.056189640035118525,0.14675015433459743,576,9675,576,14976
-6.1765,1.0,0.6450988247863247,0.05626648432157859,0.14693156732891832,576,9661,576,14976
-6.175000000000001,1.0,0.6450320512820513,0.05627198124267292,0.14694454256446485,576,9660,576,14976
-6.173500000000001,1.0,0.6444978632478633,0.05631599530700039,0.14704842700600917,576,9652,576,14976
-6.172499999999999,1.0,0.6444310897435898,0.05632150190671751,0.1470614228899691,576,9651,576,14976
-6.1715,1.0,0.6438301282051282,0.05637110980622431,0.14717848929771804,576,9642,576,14976
-6.1705000000000005,1.0,0.6437633547008547,0.05637662718997749,0.1471915081822203,576,9641,576,14976
-6.1690000000000005,1.0,0.6434294871794872,0.0564042303172738,0.14725663716814158,576,9636,576,14976
-6.167,1.0,0.6427617521367521,0.05645951774161929,0.14738706820194863,576,9626,576,14976
-6.165,1.0,0.6420272435897436,0.05652045922873123,0.14753080946892455,576,9615,576,14976
-6.1635,1.0,0.6418269230769231,0.05653710247349823,0.14757006030507272,576,9612,576,14976
-6.162,1.0,0.641159188034188,0.056592650815484376,0.1477010473992544,576,9602,576,14976
-6.1605,1.0,0.6406917735042735,0.0566315996460525,0.14779287680966338,576,9595,576,14976
-6.1594999999999995,1.0,0.6404914529914529,0.05664830841856806,0.14783226723525233,576,9592,576,14976
-6.1579999999999995,1.0,0.6399572649572649,0.05669291338582677,0.14793741109530587,576,9584,576,14976
-6.1555,1.0,0.6397569444444444,0.05670965836369007,0.14797687861271677,576,9581,576,14976
-6.1530000000000005,1.0,0.6392895299145299,0.056748768472906407,0.14806905143263926,576,9574,576,14976
-6.151,1.0,0.6382211538461539,0.056838365896980464,0.14828016396364285,576,9558,576,14976
-6.1495,1.0,0.6376869658119658,0.05688327078807032,0.14838594613875514,576,9550,576,14976
-6.1485,1.0,0.6376201923076923,0.05688888888888889,0.14839917952376705,576,9549,576,14976
-6.147,1.0,0.6372195512820513,0.056922620812333236,0.14847862942803605,576,9543,576,14976
-6.145,1.0,0.6370192307692307,0.05693950177935943,0.1485183862906105,576,9540,576,14976
-6.1434999999999995,1.0,0.6364182692307693,0.05699020480854853,0.14863778472532382,576,9531,576,14976
-6.1419999999999995,1.0,0.6361511752136753,0.05701276848460853,0.14869091234027343,576,9527,576,14976
-6.140000000000001,1.0,0.6354166666666666,0.057074910820451845,0.14883720930232558,576,9516,576,14976
-6.138,1.0,0.6351495726495726,0.057097541633624106,0.14889047959914103,576,9512,576,14976
-6.135999999999999,1.0,0.6348157051282052,0.05712585540017852,0.14895712111717843,576,9507,576,14976
-6.1345,1.0,0.6346153846153846,0.05714285714285714,0.1489971346704871,576,9504,576,14976
-6.133,1.0,0.6342815170940171,0.0571712158808933,0.14906387171907196,576,9499,576,14976
-6.131,1.0,0.6339476495726496,0.05719960278053625,0.14913066857859833,576,9494,576,14976
-6.129,1.0,0.633613782051282,0.05722801788375559,0.14919752532950778,576,9489,576,14976
-6.127000000000001,1.0,0.633346688034188,0.05725077030116291,0.14925105390617993,576,9485,576,14976
-6.125500000000001,1.0,0.633079594017094,0.05727354081734116,0.149304620906236,576,9481,576,14976
-6.1240000000000006,1.0,0.6326789529914529,0.05730773057407223,0.14938504354071283,576,9475,576,14976
-6.122,1.0,0.632011217948718,0.05736480430236032,0.14951927396891007,576,9465,576,14976
-6.12,1.0,0.6316773504273504,0.05739338381825428,0.14958647968356706,576,9460,576,14976
-6.1185,1.0,0.6312767094017094,0.057427716849451645,0.14966720633207412,576,9454,576,14976
-6.1175,1.0,0.6312099358974359,0.057433443015255756,0.1496806692453,576,9453,576,14976
-6.116,1.0,0.6309428418803419,0.05745635910224439,0.14973454512732837,576,9449,576,14976
-6.1145,1.0,0.6308760683760684,0.05746209098164405,0.14974802015838734,576,9448,576,14976
-6.1135,1.0,0.6308092948717948,0.05746782400478898,0.14976149761497617,576,9447,576,14976
-6.112500000000001,1.0,0.6307425213675214,0.05747355817202155,0.14977497749774976,576,9446,576,14976
-6.111000000000001,1.0,0.6306089743589743,0.05748502994011976,0.14980194454447246,576,9444,576,14976
-6.109,1.0,0.6304754273504274,0.057496506288680374,0.14982892130379977,576,9442,576,14976
-6.106999999999999,1.0,0.6304086538461539,0.05750224618149147,0.14984241332733003,576,9441,576,14976
-6.1035,1.0,0.6302751068376068,0.05751372940589116,0.14986940466540577,576,9439,576,14976
-6.1,1.0,0.6300747863247863,0.057530962844586496,0.1499099099099099,576,9436,576,14976
-6.098000000000001,1.0,0.6299412393162394,0.05754245754245754,0.14993692557217517,576,9434,576,14976
-6.096500000000001,1.0,0.6298076923076923,0.05755395683453238,0.14996395097332374,576,9432,576,14976
-6.093999999999999,1.0,0.6294738247863247,0.05758272518244527,0.15003155711838428,576,9427,576,14976
-6.09,1.0,0.6294070512820513,0.057588482303539294,0.15004508566275926,576,9426,576,14976
-6.087,1.0,0.6293402777777778,0.0575942405759424,0.1500586166471278,576,9425,576,14976
-6.0845,1.0,0.6292735042735043,0.0576,0.15007215007215008,576,9424,576,14976
-6.082000000000001,1.0,0.6292067307692307,0.0576057605760576,0.15008568593848653,576,9423,576,14976
-6.0795,1.0,0.6288728632478633,0.05763458074844907,0.1501534019130121,576,9418,576,14976
-6.077500000000001,1.0,0.6286725427350427,0.057651886698028225,0.15019406083581552,576,9415,576,14976
-6.0745000000000005,1.0,0.6285389957264957,0.057663429772750026,0.15022117901959015,576,9413,576,14976
-6.0695,1.0,0.6282051282051282,0.057692307692307696,0.15028901734104047,576,9408,576,14976
-6.064500000000001,1.0,0.6277377136752137,0.0577327854064348,0.15038409399005875,576,9401,576,14976
-6.0615000000000006,1.0,0.6276709401709402,0.057738572574178026,0.15039768618944324,576,9400,576,14976
-6.0595,1.0,0.6268028846153846,0.057813911472448055,0.15057460863270292,576,9387,576,14976
-6.0575,1.0,0.6264022435897436,0.05784874962338054,0.15065640561339974,576,9381,576,14976
-6.0525,1.0,0.6263354700854701,0.05785456006428284,0.15067004708438972,576,9380,576,14976
-6.047499999999999,1.0,0.6262019230769231,0.05786618444846293,0.1506973374388698,576,9378,576,14976
-6.0435,1.0,0.6260016025641025,0.05788362978595116,0.15073829151191231,576,9375,576,14976
-6.039,1.0,0.6252003205128205,0.05795351645034712,0.15090233064296726,576,9363,576,14976
-6.0375,1.0,0.625,0.057971014492753624,0.15094339622641512,576,9360,576,14976
-6.0329999999999995,1.0,0.6248664529914529,0.05798268572579022,0.15097078570132463,576,9358,576,14976
-6.0255,1.0,0.624732905982906,0.05799436165928312,0.15099818511796734,576,9356,576,14976
-6.0205,1.0,0.6245993589743589,0.05800604229607251,0.15102559448175715,576,9354,576,14976
-6.0095,1.0,0.6235309829059829,0.05809965705063547,0.15124522814033814,576,9338,576,14976
-5.9990000000000006,1.0,0.6234642094017094,0.058105518006657926,0.15125897645668576,576,9337,576,14976
-5.9895,1.0,0.6222622863247863,0.05821121778676099,0.15150687426022036,576,9319,576,14976
-5.9795,1.0,0.6220619658119658,0.058228871815608575,0.15154826958105647,576,9316,576,14976
-5.97,1.0,0.6216613247863247,0.05826421201699373,0.15163112812101331,576,9310,576,14976
-5.9595,1.0,0.6215277777777778,0.05827600161877782,0.15165876777251186,576,9308,576,14976
-5.9465,1.0,0.6204594017094017,0.05837049047426023,0.15188024826579044,576,9292,576,14976
-5.9254999999999995,1.0,0.6191907051282052,0.05848309473042949,0.1521440980159093,576,9273,576,14976
-5.914,1.0,0.6186565170940171,0.05853063713037293,0.15225546710586513,576,9265,576,14976
-5.909000000000001,1.0,0.6185897435897436,0.05853658536585366,0.15226939970717424,576,9264,576,14976
-5.9,1.0,0.6185229700854701,0.058542534810448216,0.15228333485860712,576,9263,576,14976
-5.891,1.0,0.617721688034188,0.058614022590821206,0.15245075584058634,576,9251,576,14976
-5.8805,1.0,0.6173878205128205,0.05864386072083079,0.15252062328139324,576,9246,576,14976
-5.872,1.0,0.6169871794871795,0.05867970660146699,0.15260454878943508,576,9240,576,14976
-5.8614999999999995,1.0,0.616920405982906,0.0586856851757514,0.1526185453544896,576,9239,576,14976
-5.843999999999999,1.0,0.6161858974358975,0.0587515299877601,0.152772677194271,576,9228,576,14976
-5.8335,1.0,0.6157852564102564,0.05878750765462339,0.15285688039683998,576,9222,576,14976
-5.824999999999999,1.0,0.6156517094017094,0.0587995100040833,0.15288496876148475,576,9220,576,14976
-5.8149999999999995,1.0,0.6155181623931624,0.05881151725546253,0.15291306745083627,576,9218,576,14976
-5.8065,1.0,0.6151175213675214,0.05884756845116469,0.15299742552408974,576,9212,576,14976
-5.8004999999999995,1.0,0.6150507478632479,0.058853581281291506,0.15301149425287355,576,9211,576,14976
-5.794499999999999,1.0,0.6149172008547008,0.05886561062851303,0.15303963947392626,576,9209,576,14976
-5.786,1.0,0.6144497863247863,0.05890775209654326,0.1531382293392233,576,9202,576,14976
-5.7805,1.0,0.6142494658119658,0.05892583120204604,0.15318052103470498,576,9199,576,14976
-5.773999999999999,1.0,0.6137820512820513,0.05896805896805897,0.15327929255711129,576,9192,576,14976
-5.768,1.0,0.6137152777777778,0.05897409644722023,0.1532934131736527,576,9191,576,14976
-5.765499999999999,1.0,0.6134481837606838,0.05899825873194715,0.15334992166620587,576,9187,576,14976
-5.763999999999999,1.0,0.6127136752136753,0.05906480721903199,0.15350553505535056,576,9176,576,14976
-5.7620000000000005,1.0,0.6125801282051282,0.059076923076923075,0.1535338623362244,576,9174,576,14976
-5.7585,1.0,0.6125133547008547,0.05908298287003795,0.15354802989757313,576,9173,576,14976
-5.7555,1.0,0.6123130341880342,0.05910116971065053,0.1535905482739524,576,9170,576,14976
-5.7545,1.0,0.6113114316239316,0.059192272120028776,0.15380349385340603,576,9155,576,14976
-5.7535,1.0,0.6111778846153846,0.05920444033302498,0.15383193121937694,576,9153,576,14976
-5.752000000000001,1.0,0.6111111111111112,0.05921052631578947,0.15384615384615385,576,9152,576,14976
-5.7495,1.0,0.6109775641025641,0.05922270203578038,0.1538746069909377,576,9150,576,14976
-5.7465,1.0,0.6100427350427351,0.05930807248764415,0.15407407407407409,576,9136,576,14976
-5.7445,1.0,0.6097088675213675,0.05933862161326878,0.1541454377026401,576,9131,576,14976
-5.7435,1.0,0.6085069444444444,0.059448859531427395,0.15440289505428229,576,9113,576,14976
-5.7415,1.0,0.6082398504273504,0.05947341249354672,0.15446022463566325,576,9109,576,14976
-5.739000000000001,1.0,0.6077056623931624,0.05952257931177018,0.15457501161170462,576,9101,576,14976
-5.7365,1.0,0.6073717948717948,0.05955334987593052,0.15464684014869892,576,9096,576,14976
-5.7335,1.0,0.6068376068376068,0.059602649006622516,0.1547619047619048,576,9088,576,14976
-5.731,1.0,0.6057692307692307,0.05970149253731343,0.1549925484351714,576,9072,576,14976
-5.7295,1.0,0.6048344017094017,0.059788249948100475,0.1551949263197165,576,9058,576,14976
-5.728,1.0,0.6047008547008547,0.059800664451827246,0.15522388059701495,576,9056,576,14976
-5.726,1.0,0.6042334401709402,0.059844155844155845,0.1553253057033511,576,9049,576,14976
-5.7235,1.0,0.6036324786324786,0.059900166389351084,0.15545590433482812,576,9040,576,14976
-5.721500000000001,1.0,0.6030982905982906,0.05995004163197336,0.1555721765145849,576,9032,576,14976
-5.7204999999999995,1.0,0.6017628205128205,0.060075093867334166,0.15586361933308357,576,9012,576,14976
-5.7185,1.0,0.601028311965812,0.06014409522815078,0.15602437880918896,576,9001,576,14976
-5.7155000000000005,1.0,0.6001602564102564,0.060225846925972396,0.15621479534359745,576,8988,576,14976
-5.7135,1.0,0.5990251068376068,0.0603330889284592,0.15646450399623885,576,8971,576,14976
-5.7125,1.0,0.5985576923076923,0.06037735849056604,0.15656755739555892,576,8964,576,14976
-5.7105,1.0,0.5984241452991453,0.0603900188718809,0.15659702616224358,576,8962,576,14976
-5.7085,1.0,0.5967548076923077,0.06054872280037843,0.15696632393170457,576,8937,576,14976
-5.7075,1.0,0.5964877136752137,0.06057419286991272,0.15702557327545533,576,8933,576,14976
-5.7055,1.0,0.5959535256410257,0.06062519734764762,0.1571442062517707,576,8925,576,14976
-5.7025,1.0,0.5956196581196581,0.060657118786857624,0.15721844293272866,576,8920,576,14976
-5.699999999999999,1.0,0.5949519230769231,0.06072106261859583,0.1573671269150747,576,8910,576,14976
-5.6985,1.0,0.5943509615384616,0.060778727445394115,0.15750118315191672,576,8901,576,14976
-5.697,1.0,0.593215811965812,0.06088794926004228,0.1577550246492226,576,8884,576,14976
-5.6955,1.0,0.592948717948718,0.06091370558375635,0.15781487101669198,576,8880,576,14976
-5.6945,1.0,0.5926148504273504,0.06094593164744472,0.15788974285985388,576,8875,576,14976
-5.6925,1.0,0.5925480769230769,0.06095238095238095,0.1579047257544126,576,8874,576,14976
-5.6899999999999995,1.0,0.5924145299145299,0.06096528365791702,0.15793470007593016,576,8872,576,14976
-5.688000000000001,1.0,0.5922809829059829,0.06097819182722845,0.15796468577938108,576,8870,576,14976
-5.6865000000000006,1.0,0.5910122863247863,0.06110109260634348,0.15825011887779364,576,8851,576,14976
-5.6845,1.0,0.5908787393162394,0.061114058355437664,0.15828022448397225,576,8849,576,14976
-5.6805,1.0,0.5906784188034188,0.06113351729993632,0.15832540437678402,576,8846,576,14976
-5.677,1.0,0.5899439102564102,0.06120497290404845,0.1584912848842747,576,8835,576,14976
-5.6754999999999995,1.0,0.5898103632478633,0.061217982782442344,0.15852148232828428,576,8833,576,14976
-5.6705000000000005,1.0,0.5888755341880342,0.06130920702501331,0.15873318706477155,576,8819,576,14976
-5.6655,1.0,0.5886752136752137,0.06132879045996593,0.15877862595419848,576,8816,576,14976
-5.6645,1.0,0.5885416666666666,0.06134185303514377,0.15880893300248142,576,8814,576,14976
-5.6635,1.0,0.5880742521367521,0.06138761590109773,0.15891509884442748,576,8807,576,14976
-5.6615,1.0,0.5880074786324786,0.06139415902792582,0.15893027698185294,576,8806,576,14976
-5.657,1.0,0.5875400641025641,0.06144,0.15903660518015866,576,8799,576,14976
-5.6530000000000005,1.0,0.5873397435897436,0.06145966709346991,0.15908221797323135,576,8796,576,14976
-5.6485,1.0,0.5868723290598291,0.06150560597971169,0.15918874964125132,576,8789,576,14976
-5.6445,1.0,0.5865384615384616,0.06153846153846154,0.15926493108728945,576,8784,576,14976
-5.6434999999999995,1.0,0.586471688034188,0.061545036862912704,0.15928017612711784,576,8783,576,14976
-5.6419999999999995,1.0,0.5859375,0.061597690086621755,0.15940224159402244,576,8775,576,14976
-5.6375,1.0,0.585403311965812,0.061650433479610404,0.15952449429584892,576,8767,576,14976
-5.632,1.0,0.5852697649572649,0.06166363344395675,0.15955508677725574,576,8765,576,14976
-5.6274999999999995,1.0,0.5850026709401709,0.061690050337367464,0.1596163069544365,576,8761,576,14976
-5.624499999999999,1.0,0.5845352564102564,0.06173633440514469,0.15972355538491073,576,8754,576,14976
-5.621,1.0,0.5844017094017094,0.06174957118353345,0.15975422427035332,576,8752,576,14976
-5.616,1.0,0.5840678418803419,0.0617826879759734,0.15983094803573145,576,8747,576,14976
-5.611,1.0,0.5837339743589743,0.061815840309079204,0.1599077455314242,576,8742,576,14976
-5.6075,1.0,0.5835336538461539,0.06183574879227053,0.15995385946361626,576,8739,576,14976
-5.606,1.0,0.5834001068376068,0.06184902824009449,0.15998461686376314,576,8737,576,14976
-5.6045,1.0,0.5831330128205128,0.061875604253947794,0.1600461671636049,576,8733,576,14976
-5.5995,1.0,0.5829994658119658,0.06188890082733427,0.16007696007696007,576,8731,576,14976
-5.592499999999999,1.0,0.5822649572649573,0.06196213425129088,0.16024653312788906,576,8720,576,14976
-5.5875,1.0,0.5819310897435898,0.061995479496286726,0.16032373060988533,576,8715,576,14976
-5.5845,1.0,0.5813969017094017,0.062048906603468706,0.16044740140777167,576,8707,576,14976
-5.5835,1.0,0.5812633547008547,0.06206227777179183,0.16047834892467935,576,8705,576,14976
-5.579000000000001,1.0,0.5811298076923077,0.06207565470417071,0.16050930838236713,576,8703,576,14976
-5.574,1.0,0.5803285256410257,0.06215603755260602,0.1606953162723322,576,8691,576,14976
-5.569000000000001,1.0,0.5793269230769231,0.0622568093385214,0.16092843326885878,576,8676,576,14976
-5.5605,1.0,0.5787927350427351,0.06231068801384682,0.1610530391018196,576,8668,576,14976
-5.5545,1.0,0.5776575854700855,0.06242549040858351,0.16131846825012117,576,8651,576,14976
-5.5495,1.0,0.577590811965812,0.06243225666594407,0.16133410897808803,576,8650,576,14976
-5.542,1.0,0.577323717948718,0.062459336369551074,0.16139670223084385,576,8646,576,14976
-5.537,1.0,0.5767895299145299,0.06251356631213371,0.16152203455639683,576,8638,576,14976
-5.531499999999999,1.0,0.5763221153846154,0.06256109481915934,0.1616318601262749,576,8631,576,14976
-5.5265,1.0,0.5760550213675214,0.06258828642833858,0.16169468467593043,576,8627,576,14976
-5.5235,1.0,0.5752537393162394,0.06267000326406268,0.16188345169763596,576,8615,576,14976
-5.5184999999999995,1.0,0.5750534188034188,0.06269046582498912,0.1619307123394317,576,8612,576,14976
-5.511,1.0,0.5746527777777778,0.06273143106077107,0.1620253164556962,576,8606,576,14976
-5.5045,1.0,0.5738514957264957,0.06281352235550709,0.16221485669721192,576,8594,576,14976
-5.5024999999999995,1.0,0.5737179487179487,0.06282722513089005,0.16224648985959442,576,8592,576,14976
-5.499499999999999,1.0,0.5735176282051282,0.06284779050736497,0.16229396274261193,576,8589,576,14976
-5.492,1.0,0.5726495726495726,0.06293706293706294,0.16250000000000003,576,8576,576,14976
-5.4864999999999995,1.0,0.5723157051282052,0.06297146605444408,0.16257938446507084,576,8571,576,14976
-5.483499999999999,1.0,0.5721153846153846,0.06299212598425197,0.16262705238467556,576,8568,576,14976
-5.479,1.0,0.5719150641025641,0.06301279947489334,0.16267474826473752,576,8565,576,14976
-5.4755,1.0,0.5713141025641025,0.06307490144546649,0.16281800391389434,576,8556,576,14976
-5.473000000000001,1.0,0.5711805555555556,0.06308871851040526,0.16284987277353688,576,8554,576,14976
-5.471,1.0,0.571113782051282,0.06309562931317779,0.1628658118821572,576,8553,576,14976
-5.468999999999999,1.0,0.5710470085470085,0.06310254163014899,0.16288175411119815,576,8552,576,14976
-5.467499999999999,1.0,0.5707131410256411,0.0631371259454127,0.16296151209479973,576,8547,576,14976
-5.4665,1.0,0.5704460470085471,0.06316482070402456,0.16302537474282355,576,8543,576,14976
-5.465,1.0,0.5703125,0.0631786771964462,0.16305732484076435,576,8541,576,14976
-5.4635,1.0,0.5702457264957265,0.06318560772268539,0.1630733045864367,576,8540,576,14976
-5.4625,1.0,0.5701789529914529,0.06319253976961053,0.16308928746447124,576,8539,576,14976
-5.461,1.0,0.570045405982906,0.06320640842752112,0.16312126262131166,576,8537,576,14976
-5.4595,1.0,0.5695779914529915,0.06325499670546893,0.16323327447518146,576,8530,576,14976
-5.4585,1.0,0.5689102564102564,0.0633245382585752,0.16339355852317364,576,8520,576,14976
-5.4575,1.0,0.5685096153846154,0.06336633663366337,0.16348988013362153,576,8514,576,14976
-5.4565,1.0,0.5682425213675214,0.06339423288575831,0.16355415765677217,576,8510,576,14976
-5.455500000000001,1.0,0.5678418803418803,0.06343612334801763,0.16365066876475218,576,8504,576,14976
-5.4544999999999995,1.0,0.5675747863247863,0.06346408109299251,0.1637150728059819,576,8500,576,14976
-5.452999999999999,1.0,0.5673076923076923,0.06349206349206349,0.16377952755905514,576,8496,576,14976
-5.451499999999999,1.0,0.5665064102564102,0.06357615894039735,0.16397319668900276,576,8484,576,14976
-5.4505,1.0,0.5650373931623932,0.06373091391900863,0.16432944894331425,576,8462,576,14976
-5.4495000000000005,1.0,0.5643028846153846,0.06380857427716849,0.16450815620365794,576,8451,576,14976
-5.4485,1.0,0.5640357905982906,0.06383686135431675,0.16457323706853924,576,8447,576,14976
-5.4475,1.0,0.5639690170940171,0.06384393704278431,0.1645895153313551,576,8446,576,14976
-5.4465,1.0,0.563301282051282,0.06391478029294274,0.16475247524752476,576,8436,576,14976
-5.4455,1.0,0.5631009615384616,0.06393606393606394,0.16480142616618798,576,8433,576,14976
-5.444,1.0,0.5623664529914529,0.06401422538341854,0.16498116200674204,576,8422,576,14976
-5.4425,1.0,0.5620993589743589,0.06404269513008673,0.1650466177345765,576,8418,576,14976
-5.4415,1.0,0.5613648504273504,0.06412111766670377,0.16522688908747893,576,8407,576,14976
-5.4405,1.0,0.5608974358974359,0.06417112299465241,0.16534181240063595,576,8400,576,14976
-5.439500000000001,1.0,0.5606303418803419,0.06419973250111458,0.1654075546719682,576,8396,576,14976
-5.4384999999999994,1.0,0.5602964743589743,0.06423553027768485,0.16548980606663355,576,8391,576,14976
-5.4375,1.0,0.5585603632478633,0.06442232412481826,0.1659188353774055,576,8365,576,14976
-5.436,1.0,0.5584268162393162,0.06443673789014431,0.16595192978956816,576,8363,576,14976
-5.4345,1.0,0.5581597222222222,0.06446558477895915,0.1660181582360571,576,8359,576,14976
-5.4335,1.0,0.5572248931623932,0.06456675260621006,0.16625037466280349,576,8345,576,14976
-5.432,1.0,0.5567574786324786,0.0646174556876823,0.16636672665466906,576,8338,576,14976
-5.4305,1.0,0.5564903846153846,0.06464646464646465,0.16643328665733148,576,8334,576,14976
-5.4295,1.0,0.5564236111111112,0.06465372095633629,0.16644993498049415,576,8333,576,14976
-5.4285,1.0,0.5551549145299145,0.06479190101237345,0.16676688715173382,576,8314,576,14976
-5.4275,1.0,0.5548210470085471,0.06482836240855375,0.1668504963401183,576,8309,576,14976
-5.4265,1.0,0.5545539529914529,0.06485756108546335,0.16691744407663758,576,8305,576,14976
-5.4254999999999995,1.0,0.5540197649572649,0.06491603741688268,0.16705150085332798,576,8297,576,14976
-5.4245,1.0,0.5530181623931624,0.06502596522917137,0.16730343856826865,576,8282,576,14976
-5.423500000000001,1.0,0.5528178418803419,0.06504799548277809,0.16735391732877403,576,8279,576,14976
-5.422000000000001,1.0,0.5525507478632479,0.06507739238504123,0.16742126974544722,576,8275,576,14976
-5.4205000000000005,1.0,0.5521501068376068,0.0651215375918598,0.16752240008053965,576,8269,576,14976
-5.4190000000000005,1.0,0.5514155982905983,0.0652026262168893,0.16770812336222538,576,8258,576,14976
-5.417,1.0,0.5509481837606838,0.06525433329557041,0.16782652546646495,576,8251,576,14976
-5.414,1.0,0.5496794871794872,0.0653950953678474,0.1681487469684721,576,8232,576,14976
-5.4105,1.0,0.5486111111111112,0.06551410373066424,0.16842105263157892,576,8216,576,14976
-5.4085,1.0,0.5485443376068376,0.06552155613695826,0.1684381010223707,576,8215,576,14976
-5.407500000000001,1.0,0.5481436965811965,0.0655663062037564,0.16854046389142105,576,8209,576,14976
-5.404999999999999,1.0,0.5468082264957265,0.0657159155733029,0.1688825738353801,576,8189,576,14976
-5.401999999999999,1.0,0.5461404914529915,0.06579097658480867,0.1690541501574723,576,8179,576,14976
-5.4,1.0,0.5456063034188035,0.06585114896535955,0.1691916624300966,576,8171,576,14976
-5.3985,1.0,0.5447382478632479,0.06594916418594,0.16941559763795563,576,8158,576,14976
-5.396,1.0,0.5446047008547008,0.06596426935409987,0.16945010183299392,576,8156,576,14976
-5.3919999999999995,1.0,0.5434695512820513,0.06609294320137693,0.1697439559318576,576,8139,576,14976
-5.3895,1.0,0.5432692307692307,0.06611570247933884,0.16979591836734695,576,8136,576,14976
-5.3875,1.0,0.5428018162393162,0.06616886846639862,0.16991728785867458,576,8129,576,14976
-5.3835,1.0,0.5423344017094017,0.06622212002759255,0.170038830983037,576,8122,576,14976
-5.38,1.0,0.5414663461538461,0.06632124352331606,0.17026501586002252,576,8109,576,14976
-5.377,1.0,0.5411992521367521,0.06635180278769727,0.17033473231651142,576,8105,576,14976
-5.3740000000000006,1.0,0.5402644230769231,0.06645898234683281,0.17057919015889286,576,8091,576,14976
-5.371,1.0,0.5397970085470085,0.06651270207852195,0.17070168239638903,576,8084,576,14976
-5.3685,1.0,0.5397302350427351,0.06652038341609885,0.17071919564994356,576,8083,576,14976
-5.367,1.0,0.5395299145299145,0.066543438077634,0.17077175697865354,576,8080,576,14976
-5.3655,1.0,0.5391292735042735,0.06658959537572254,0.17087697679194905,576,8074,576,14976
-5.3645,1.0,0.5386618589743589,0.06664352655328011,0.17099989723563871,576,8067,576,14976
-5.3635,1.0,0.5383947649572649,0.06667438360921403,0.17107021692196978,576,8063,576,14976
-5.361000000000001,1.0,0.5380608974358975,0.06671299513551077,0.1711581979016663,576,8058,576,14976
-5.3580000000000005,1.0,0.5376602564102564,0.06675938803894298,0.1712638946068341,576,8052,576,14976
-5.356,1.0,0.5375267094017094,0.06677486668212382,0.17129915585752523,576,8050,576,14976
-5.353,1.0,0.5371928418803419,0.06681359471059042,0.1713873725409414,576,8045,576,14976
-5.3505,1.0,0.5371260683760684,0.06682134570765662,0.17140502678203545,576,8044,576,14976
-5.348,1.0,0.5359909188034188,0.06695338835290016,0.17170570632545662,576,8027,576,14976
-5.345000000000001,1.0,0.5358573717948718,0.06696895709801186,0.1717411497574569,576,8025,576,14976
-5.343,1.0,0.5351896367521367,0.06704690955651263,0.1719185866308503,576,8015,576,14976
-5.340999999999999,1.0,0.5350560897435898,0.067062521830248,0.1719541180117805,576,8013,576,14976
-5.338,1.0,0.5347222222222222,0.06710158434296365,0.17204301075268816,576,8008,576,14976
-5.3345,1.0,0.5343883547008547,0.06714069238839025,0.17213199544843283,576,8003,576,14976
-5.3315,1.0,0.5339209401709402,0.06719552029864675,0.17225672877846793,576,7996,576,14976
-5.327500000000001,1.0,0.5338541666666666,0.0672033601680084,0.17227456258411847,576,7995,576,14976
-5.324,1.0,0.5327857905982906,0.06732904734073641,0.17256040651249613,576,7979,576,14976
-5.3225,1.0,0.5326522435897436,0.0673447913012978,0.17259620371330775,576,7977,576,14976
-5.3215,1.0,0.5324519230769231,0.06736842105263158,0.17264992737082382,576,7974,576,14976
-5.3205,1.0,0.5321180555555556,0.06740784084259802,0.17273954116059378,576,7969,576,14976
-5.316000000000001,1.0,0.5319177350427351,0.06743151486771248,0.17279335410176533,576,7966,576,14976
-5.3115000000000006,1.0,0.5317174145299145,0.06745520552757935,0.17284720058169734,576,7963,576,14976
-5.310499999999999,1.0,0.5314503205128205,0.06748681898066784,0.1729190481138938,576,7959,576,14976
-5.308999999999999,1.0,0.5313167735042735,0.06750263682175085,0.17295499428333855,576,7957,576,14976
-5.3075,1.0,0.5311832264957265,0.06751846207947486,0.17299095540076934,576,7955,576,14976
-5.3065,1.0,0.530982905982906,0.0675422138836773,0.173044925124792,576,7952,576,14976
-5.303,1.0,0.5307825854700855,0.06756598240469208,0.1730989285342765,576,7949,576,14976
-5.2995,1.0,0.530448717948718,0.0676056338028169,0.17318900915903412,576,7944,576,14976
-5.297000000000001,1.0,0.5299145299145299,0.06766917293233082,0.1733333333333333,576,7936,576,14976
-5.2935,1.0,0.5298477564102564,0.0676771237222418,0.17335139076987185,576,7935,576,14976
-5.2915,1.0,0.5296474358974359,0.06770098730606489,0.17340558566069197,576,7932,576,14976
-5.29,1.0,0.5295806623931624,0.06770894557423299,0.17342365815528923,576,7931,576,14976
-5.285,1.0,0.5293803418803419,0.06773283160865474,0.17347789824854043,576,7928,576,14976
-5.2795,1.0,0.5293135683760684,0.06774079736563565,0.1734959858200396,576,7927,576,14976
-5.276999999999999,1.0,0.5285122863247863,0.06783653279943469,0.17371333124543273,576,7915,576,14976
-5.275,1.0,0.5281116452991453,0.06788450206246317,0.17382220829416067,576,7909,576,14976
-5.2725,1.0,0.5277110042735043,0.06793253921453002,0.1739312219086443,576,7903,576,14976
-5.27,1.0,0.5271768162393162,0.06799669460512336,0.17407678627471493,576,7895,576,14976
-5.268000000000001,1.0,0.5269764957264957,0.0680207841284837,0.17413143574717455,576,7892,576,14976
-5.265000000000001,1.0,0.5267761752136753,0.06804489072652097,0.17418611954359886,576,7889,576,14976
-5.2620000000000005,1.0,0.5261752136752137,0.06811731315042574,0.17435037720033528,576,7880,576,14976
-5.26,1.0,0.5257745726495726,0.06816568047337278,0.17446005451876706,576,7874,576,14976
-5.258,1.0,0.5257077991452992,0.06817374837258847,0.1744783474887281,576,7873,576,14976
-5.2565,1.0,0.5255742521367521,0.06818988990174027,0.17451494493969585,576,7871,576,14976
-5.253500000000001,1.0,0.5251736111111112,0.06823836038384078,0.17462482946793995,576,7865,576,14976
-5.250500000000001,1.0,0.5249732905982906,0.06826262147428301,0.1746798236405627,576,7862,576,14976
-5.249499999999999,1.0,0.5245058760683761,0.06831929782943898,0.17480827818048114,576,7855,576,14976
-5.2485,1.0,0.5239049145299145,0.06839230586559013,0.17497371188222927,576,7846,576,14976
-5.246,1.0,0.5235710470085471,0.06843293334917429,0.17506575486586007,576,7841,576,14976
-5.2425,1.0,0.5229700854700855,0.06850618458610847,0.17523167649536645,576,7832,576,14976
-5.24,1.0,0.5227697649572649,0.06853063652587746,0.17528705361845573,576,7829,576,14976
-5.2385,1.0,0.522636217948718,0.06854694751874331,0.17532399114951006,576,7827,576,14976
-5.237,1.0,0.5224358974358975,0.06857142857142857,0.1753794266441821,576,7824,576,14976
-5.234999999999999,1.0,0.5223691239316239,0.0685795928086677,0.17539791293348792,576,7823,576,14976
-5.233499999999999,1.0,0.5219017094017094,0.06863679694947569,0.17552742616033754,576,7816,576,14976
-5.231999999999999,1.0,0.5217681623931624,0.06865315852205006,0.1755644650770205,576,7814,576,14976
-5.2305,1.0,0.5215678418803419,0.06867771551210207,0.17562005277044856,576,7811,576,14976
-5.2295,1.0,0.5213675213675214,0.06870229007633588,0.17567567567567566,576,7808,576,14976
-5.2285,1.0,0.5212339743589743,0.06871868289191124,0.1757127771911299,576,7806,576,14976
-5.2275,1.0,0.5211672008547008,0.06872688223362368,0.17573133382616962,576,7805,576,14976
-5.226,1.0,0.5211004273504274,0.06873508353221958,0.17574989438107308,576,7804,576,14976
-5.2245,1.0,0.5203659188034188,0.0688254271717051,0.17595431955165486,576,7793,576,14976
-5.2235,1.0,0.5198985042735043,0.06888304233436977,0.1760846560846561,576,7786,576,14976
-5.2225,1.0,0.5194310897435898,0.0689407540394973,0.17621518585195384,576,7779,576,14976
-5.221500000000001,1.0,0.5185630341880342,0.06904818988252218,0.17645811240721104,576,7766,576,14976
-5.2204999999999995,1.0,0.5182291666666666,0.06908960057574667,0.17655172413793105,576,7761,576,14976
-5.2195,1.0,0.5175614316239316,0.0691725711540771,0.1767392458842273,576,7751,576,14976
-5.218500000000001,1.0,0.5164930555555556,0.06930573938154254,0.17704011065006914,576,7735,576,14976
-5.217499999999999,1.0,0.515892094017094,0.06938087207901711,0.17720979765708203,576,7726,576,14976
-5.2165,1.0,0.515357905982906,0.06944779358572462,0.17736090385845238,576,7718,576,14976
-5.215,1.0,0.515090811965812,0.06948130277442702,0.17743655363616975,576,7714,576,14976
-5.2135,1.0,0.5146233974358975,0.06954002173125678,0.17756909614768968,576,7707,576,14976
-5.2125,1.0,0.5142227564102564,0.06959043131569409,0.17768286171916714,576,7701,576,14976
-5.2115,1.0,0.5128872863247863,0.06975899237011021,0.17806313536650617,576,7681,576,14976
-5.2105,1.0,0.5120860042735043,0.06986052152819891,0.17829208186006645,576,7669,576,14976
-5.2095,1.0,0.5118856837606838,0.06988595001213298,0.17834941050375133,576,7666,576,14976
-5.2085,1.0,0.5112847222222222,0.06996234665371068,0.17852161785216178,576,7657,576,14976
-5.2075,1.0,0.5107505341880342,0.07003039513677811,0.1786749704713841,576,7649,576,14976
-5.2065,1.0,0.5106169871794872,0.0700474279460051,0.17871334980131026,576,7647,576,14976
-5.205500000000001,1.0,0.5100827991452992,0.0701156421180767,0.1788670321401698,576,7639,576,14976
-5.2044999999999995,1.0,0.5090144230769231,0.07025246981339188,0.17917519112738234,576,7623,576,14976
-5.2035,1.0,0.5082799145299145,0.07034684904738642,0.17938766709788703,576,7612,576,14976
-5.202500000000001,1.0,0.5079460470085471,0.07038983257973848,0.17948441376334806,576,7607,576,14976
-5.201499999999999,1.0,0.5078125,0.0704070407040704,0.17952314165497898,576,7605,576,14976
-5.2005,1.0,0.5077457264957265,0.07041564792176039,0.17954251186879588,576,7604,576,14976
-5.199,1.0,0.5063434829059829,0.07059688687339134,0.1799502541364767,576,7583,576,14976
-5.197,1.0,0.5047409188034188,0.07080516287645974,0.1804185189200911,576,7559,576,14976
-5.1955,1.0,0.5044738247863247,0.0708399950805559,0.18049680008677732,576,7555,576,14976
-5.194,1.0,0.5041399572649573,0.0708835835589466,0.18059474712394183,576,7550,576,14976
-5.1925,1.0,0.5032051282051282,0.07100591715976332,0.1808695652173913,576,7536,576,14976
-5.1915,1.0,0.5030715811965812,0.07102342786683108,0.18090889323766038,576,7534,576,14976
-5.1905,1.0,0.5018028846153846,0.07119021134593993,0.18128336420089336,576,7515,576,14976
-5.189500000000001,1.0,0.5009348290598291,0.07130477841049765,0.1815404756709579,576,7502,576,14976
-5.1884999999999994,1.0,0.5003338675213675,0.07138431032346015,0.18171890357103856,576,7493,576,14976
-5.1875,1.0,0.5001335470085471,0.0714108604016861,0.18177845750491586,576,7490,576,14976
-5.1865000000000006,1.0,0.49906517094017094,0.0715527950310559,0.1820967388925367,576,7474,576,14976
-5.185499999999999,1.0,0.4987313034188034,0.07159726538222498,0.18219643052666157,576,7469,576,14976
-5.1845,1.0,0.4979967948717949,0.07169529499626587,0.18241613681210264,576,7458,576,14976
-5.183,1.0,0.4975293803418803,0.07175781736638843,0.1825562260010971,576,7451,576,14976
-5.1815,1.0,0.49732905982905984,0.07178464606181456,0.1826163301141352,576,7448,576,14976
-5.1805,1.0,0.4962606837606838,0.07192807192807193,0.18293755496921724,576,7432,576,14976
-5.1795,1.0,0.49619391025641024,0.0719370550768078,0.182957669048928,576,7431,576,14976
-5.1785,1.0,0.4954594017094017,0.0720360180090045,0.1831792162043153,576,7420,576,14976
-5.1775,1.0,0.4952590811965812,0.07206305517327662,0.1832397313071248,576,7417,576,14976
-5.1765,1.0,0.4951255341880342,0.07208109122763108,0.18328009692697433,576,7415,576,14976
-5.1754999999999995,1.0,0.49399038461538464,0.07223476297968397,0.18362392407856984,576,7398,576,14976
-5.1745,1.0,0.4939236111111111,0.07224382290229525,0.1836441893830703,576,7397,576,14976
-5.173,1.0,0.49292200854700857,0.07237999497361146,0.18394870661065665,576,7382,576,14976
-5.1715,1.0,0.49111912393162394,0.07262640272349011,0.1844993901762945,576,7355,576,14976
-5.1695,1.0,0.4909188034188034,0.07265388496468214,0.1845607808340728,576,7352,576,14976
-5.1675,1.0,0.4904513888888889,0.07271809115010731,0.18470418470418473,576,7345,576,14976
-5.1665,1.0,0.49025106837606836,0.07274564283910079,0.18476571174772374,576,7342,576,14976
-5.164,1.0,0.48965010683760685,0.07282842331521051,0.18495053906857842,576,7333,576,14976
-5.1615,1.0,0.4893162393162393,0.0728744939271255,0.18505338078291816,576,7328,576,14976
-5.1605,1.0,0.48818108974358976,0.07303157093952073,0.18540389972144847,576,7311,576,14976
-5.1579999999999995,1.0,0.4873130341880342,0.0731521463042926,0.18567284088373132,576,7298,576,14976
-5.1555,1.0,0.48677884615384615,0.07322654462242563,0.18583873129327674,576,7290,576,14976
-5.1545000000000005,1.0,0.48644497863247865,0.07327312046813382,0.1859425634149067,576,7285,576,14976
-5.153499999999999,1.0,0.48617788461538464,0.07331042382588775,0.1860257126886529,576,7281,576,14976
-5.151,1.0,0.4853766025641026,0.0734225621414914,0.1862756072987798,576,7269,576,14976
-5.148,1.0,0.48490918803418803,0.073488134728247,0.1864216894465606,576,7262,576,14976
-5.146,1.0,0.4817708333333333,0.07393145937620331,0.18740849194729137,576,7215,576,14976
-5.144,1.0,0.48170405982905984,0.07394094993581515,0.18742960126154537,576,7214,576,14976
-5.1419999999999995,1.0,0.4811030982905983,0.07402647474617659,0.18761979930093586,576,7205,576,14976
-5.1395,1.0,0.48023504273504275,0.07415036045314109,0.1878952122854562,576,7192,576,14976
-5.1370000000000005,1.0,0.4801682692307692,0.07415990730011587,0.18791643139469227,576,7191,576,14976
-5.135,1.0,0.4798344017094017,0.07420767843339346,0.1880225988700565,576,7186,576,14976
-5.133,1.0,0.47896634615384615,0.0743321718931475,0.18829919655991856,576,7173,576,14976
-5.1305,1.0,0.4785657051282051,0.07438977140643162,0.18842713169516478,576,7167,576,14976
-5.1285,1.0,0.4784321581196581,0.07440899108642295,0.1884698153811304,576,7165,576,14976
-5.1265,1.0,0.47749732905982906,0.07454380742849748,0.18876914350538856,576,7151,576,14976
-5.1235,1.0,0.4774305555555556,0.07455345586331867,0.18879056047197637,576,7150,576,14976
-5.1205,1.0,0.47596153846153844,0.07476635514018691,0.18926296633303002,576,7128,576,14976
-5.1185,1.0,0.47562767094017094,0.07481491102740616,0.18937066120405144,576,7123,576,14976
-5.1175,1.0,0.4753605769230769,0.07485380116959064,0.18945690538540363,576,7119,576,14976
-5.116,1.0,0.4752938034188034,0.07486353002339485,0.18947847870644502,576,7118,576,14976
-5.1129999999999995,1.0,0.47475961538461536,0.07494145199063232,0.1896512423068156,576,7110,576,14976
-5.1105,1.0,0.47429220085470086,0.07500976689673135,0.18980266910003424,576,7103,576,14976
-5.109500000000001,1.0,0.4740918803418803,0.07503908285565399,0.1898676403468736,576,7100,576,14976
-5.106,1.0,0.4734909188034188,0.07512716838398331,0.19006282124500284,576,7091,576,14976
-5.102,1.0,0.4729567307692308,0.07520564042303172,0.19023665256659425,576,7083,576,14976
-5.1005,1.0,0.47268963675213677,0.0752449379490529,0.19032368752144574,576,7079,576,14976
-5.099,1.0,0.47215544871794873,0.07532365633581797,0.19049799656554092,576,7071,576,14976
-5.0969999999999995,1.0,0.4720886752136752,0.07533350771645304,0.19051980764827114,576,7070,576,14976
-5.093500000000001,1.0,0.4712206196581197,0.07546181055941308,0.1908038069028781,576,7057,576,14976
-5.0905000000000005,1.0,0.47102029914529914,0.07549148099606816,0.1908694654737325,576,7054,576,14976
-5.0895,1.0,0.47068643162393164,0.07554098360655738,0.19097899690118214,576,7049,576,14976
-5.0875,1.0,0.46895032051282054,0.0757994472956968,0.1915505928398757,576,7023,576,14976
-5.085,1.0,0.46881677350427353,0.07581940239568251,0.19159470351180197,576,7021,576,14976
-5.083,1.0,0.4678819444444444,0.07595938283001451,0.191904047976012,576,7007,576,14976
-5.0805,1.0,0.4677483974358974,0.07597942223981005,0.19194832160572156,576,7005,576,14976
-5.0785,1.0,0.4675480769230769,0.07600950118764846,0.1920147703669513,576,7002,576,14976
-5.077500000000001,1.0,0.4657451923076923,0.07628128724672228,0.19261488598217386,576,6975,576,14976
-5.0755,1.0,0.4656116452991453,0.0763014968870049,0.19265948824823434,576,6973,576,14976
-5.0735,1.0,0.4651442307692308,0.07637231503579953,0.1928157589803013,576,6966,576,14976
-5.0725,1.0,0.46461004273504275,0.07645341120254845,0.19299466481094874,576,6958,576,14976
-5.0715,1.0,0.46307425213675213,0.07668752496338703,0.19351087335736714,576,6935,576,14976
-5.0705,1.0,0.4628071581196581,0.07672838683895031,0.19360093077370566,576,6931,576,14976
-5.0685,1.0,0.4625400641025641,0.07676929228308677,0.19369107205214758,576,6927,576,14976
-5.0665,1.0,0.4618055555555556,0.07688200747463962,0.19393939393939394,576,6916,576,14976
-5.0655,1.0,0.460670405982906,0.07705685618729097,0.19432441901202852,576,6899,576,14976
-5.064,1.0,0.46060363247863245,0.07706716617607706,0.19434711516000935,576,6898,576,14976
-5.0625,1.0,0.45986912393162394,0.07718075840814685,0.19459712314349198,576,6887,576,14976
-5.061,1.0,0.4596020299145299,0.07722214774098404,0.1946881946881947,576,6883,576,14976
-5.0595,1.0,0.45900106837606836,0.07731543624161073,0.194893417662216,576,6874,576,14976
-5.0575,1.0,0.45880074786324787,0.07734658251644957,0.1949619214997071,576,6871,576,14976
-5.0555,1.0,0.4580662393162393,0.07746100053792361,0.19521351478179258,576,6860,576,14976
-5.0545,1.0,0.4579326923076923,0.0774818401937046,0.19525932879605729,576,6858,576,14976
-5.0535,1.0,0.4567307692307692,0.07766990291262135,0.19567262464722487,576,6840,576,14976
-5.0515,1.0,0.45653044871794873,0.07770133549170376,0.1957416774497118,576,6837,576,14976
-5.0489999999999995,1.0,0.4563969017094017,0.07772230468222911,0.19578773973408636,576,6835,576,14976
-5.047000000000001,1.0,0.4543269230769231,0.07804878048780488,0.19650448748228624,576,6804,576,14976
-5.0455000000000005,1.0,0.45405982905982906,0.07809110629067245,0.19659735349716448,576,6800,576,14976
-5.044499999999999,1.0,0.45305822649572647,0.07825023773943758,0.1969463841874778,576,6785,576,14976
-5.0435,1.0,0.4517227564102564,0.07846342460155292,0.19741369082927987,576,6765,576,14976
-5.0425,1.0,0.4512553418803419,0.07853831469866376,0.19757777250059366,576,6758,576,14976
-5.0415,1.0,0.45072115384615385,0.07862407862407862,0.19776562871404801,576,6750,576,14976
-5.04,1.0,0.4505208333333333,0.07865628840639083,0.19783616692426584,576,6747,576,14976
-5.038,1.0,0.44958600427350426,0.07880695033520317,0.1981660116708348,576,6733,576,14976
-5.036,1.0,0.4482505341880342,0.0790231856221704,0.1986391309538021,576,6713,576,14976
-5.0344999999999995,1.0,0.44698183760683763,0.07922971114167814,0.1990906915530031,576,6694,576,14976
-5.0325,1.0,0.44584668803418803,0.07941541431131946,0.1994964632538065,576,6677,576,14976
-5.0295,1.0,0.4441773504273504,0.07969009407858328,0.20009620009620013,576,6652,576,14976
-5.026999999999999,1.0,0.44364316239316237,0.07977839335180055,0.2002888781896967,576,6644,576,14976
-5.0255,1.0,0.4428418803418803,0.07991120976692564,0.20057859209257475,576,6632,576,14976
-5.0245,1.0,0.44277510683760685,0.07992229776606077,0.2006027727546715,576,6631,576,14976
-5.0235,1.0,0.44264155982905984,0.0799444829979181,0.2006511515736163,576,6629,576,14976
-5.0225,1.0,0.4415731837606838,0.08012240923633329,0.20103902380089403,576,6613,576,14976
-5.021,1.0,0.4408386752136752,0.0802451936472555,0.20130655698040165,576,6602,576,14976
-5.0195,1.0,0.4401041666666667,0.08036835496023441,0.20157480314960632,576,6591,576,14976
-5.018000000000001,1.0,0.43916933760683763,0.08052565357192787,0.20191724305302755,576,6577,576,14976
-5.016500000000001,1.0,0.4387019230769231,0.08060453400503778,0.20208889968423607,576,6570,576,14976
-5.015000000000001,1.0,0.43803418803418803,0.08071748878923767,0.20233463035019456,576,6560,576,14976
-5.0135000000000005,1.0,0.43756677350427353,0.08079674568663206,0.20250699768772057,576,6553,576,14976
-5.012499999999999,1.0,0.437232905982906,0.08085345311622684,0.20263029712615688,576,6548,576,14976
-5.0115,1.0,0.43656517094017094,0.08096710711273546,0.20287734698853938,576,6538,576,14976
-5.01,1.0,0.4362313034188034,0.081024054016036,0.2030010979626693,576,6533,576,14976
-5.008,1.0,0.43583066239316237,0.08109249612839645,0.20314979855939447,576,6527,576,14976
-5.0065,1.0,0.4350293803418803,0.08122972782400226,0.2034478542609121,576,6515,576,14976
-5.0055,1.0,0.4346287393162393,0.0812985179957657,0.20359721032668543,576,6509,576,14976
-5.004,1.0,0.4342948717948718,0.08135593220338982,0.20372184133202742,576,6504,576,14976
-5.002000000000001,1.0,0.4338942307692308,0.08142493638676845,0.20387160009801517,576,6498,576,14976
-4.9995,1.0,0.4328926282051282,0.08159796005099873,0.20424696207192833,576,6483,576,14976
-4.997,1.0,0.43175747863247865,0.08179494461800625,0.20467404674046738,576,6466,576,14976
-4.9955,1.0,0.4314236111111111,0.08185306238453886,0.2048,576,6461,576,14976
-4.9945,1.0,0.43062232905982906,0.08199288256227757,0.20510292123752003,576,6449,576,14976
-4.993,1.0,0.43048878205128205,0.08201623237932508,0.20515349525335963,576,6447,576,14976
-4.991,1.0,0.43002136752136755,0.08209806157354618,0.20533070088845015,576,6440,576,14976
-4.9895,1.0,0.42962072649572647,0.08216833095577745,0.20548283526796743,576,6434,576,14976
-4.9885,1.0,0.42915331196581197,0.08225046408681994,0.20566061055493762,576,6427,576,14976
-4.987500000000001,1.0,0.4284855769230769,0.08236808236808237,0.20591510951614897,576,6417,576,14976
-4.986000000000001,1.0,0.4281517094017094,0.0824270177447052,0.20604259534422983,576,6412,576,14976
-4.984500000000001,1.0,0.42748397435897434,0.0825451418744626,0.2062980411604265,576,6402,576,14976
-4.9825,1.0,0.42701655982905984,0.08262803041170563,0.20647723042561114,576,6395,576,14976
-4.98,1.0,0.4268162393162393,0.08266360505166476,0.20655412115193647,576,6392,576,14976
-4.9785,1.0,0.4260817307692308,0.08279430789133248,0.20683654443753885,576,6381,576,14976
-4.977,1.0,0.42554754273504275,0.0828896244063894,0.20704242876695284,576,6373,576,14976
-4.9745,1.0,0.42528044871794873,0.08293736501079914,0.20714552471056888,576,6369,576,14976
-4.9725,1.0,0.4250133547008547,0.08298516063967729,0.20724872337775563,576,6365,576,14976
-4.971,1.0,0.4230101495726496,0.0833453914050065,0.2080260032504063,576,6335,576,14976
-4.9685,1.0,0.42267628205128205,0.08340573414422242,0.20815611708781587,576,6330,576,14976
-4.9665,1.0,0.42234241452991456,0.08346616432401101,0.20828639379146327,576,6325,576,14976
-4.9655000000000005,1.0,0.42220886752136755,0.08349036092187273,0.20833855014398397,576,6323,576,14976
-4.9625,1.0,0.42194177350427353,0.08353879622915156,0.20844294125015658,576,6319,576,14976
-4.9595,1.0,0.4208733974358974,0.08373310074138683,0.2088615539098783,576,6303,576,14976
-4.958,1.0,0.4201388888888889,0.08386721025043681,0.20915032679738563,576,6292,576,14976
-4.9565,1.0,0.41973824786324787,0.08394054211600116,0.2093081761006289,576,6286,576,14976
-4.955500000000001,1.0,0.41947115384615385,0.08398950131233596,0.20941354140448026,576,6282,576,14976
-4.954000000000001,1.0,0.4190037393162393,0.08407531747190192,0.20959818616954276,576,6275,576,14976
-4.952,1.0,0.4189369658119658,0.0840875912408759,0.20962459057697155,576,6274,576,14976
-4.9505,1.0,0.4186698717948718,0.08413672217353199,0.2097302747668263,576,6270,576,14976
-4.9495000000000005,1.0,0.41793536324786323,0.08427212874908559,0.21002145651899534,576,6259,576,14976
-4.9475,1.0,0.41786858974358976,0.08428446005267778,0.21004796768492806,576,6258,576,14976
-4.9455,1.0,0.41673344017094016,0.08449464573859469,0.21049968374446554,576,6241,576,14976
-4.9445,1.0,0.41646634615384615,0.0845442536327609,0.2106062523731173,576,6237,576,14976
-4.9435,1.0,0.41613247863247865,0.0846063454759107,0.21073961499493415,576,6232,576,14976
-4.9425,1.0,0.4150641025641026,0.08480565371024736,0.21116751269035536,576,6216,576,14976
-4.9399999999999995,1.0,0.41459668803418803,0.08489314664701547,0.21135526482916298,576,6209,576,14976
-4.9375,1.0,0.4140625,0.0849933598937583,0.21157024793388432,576,6201,576,14976
-4.936,1.0,0.41399572649572647,0.08500590318772137,0.21159715157680573,576,6200,576,14976
-4.9345,1.0,0.4129273504273504,0.08520710059171598,0.2120285423037717,576,6184,576,14976
-4.933,1.0,0.4126602564102564,0.0852575488454707,0.21213666496685363,576,6180,576,14976
-4.9315,1.0,0.41179220085470086,0.08542191902713926,0.21248882645894523,576,6167,576,14976
-4.9295,1.0,0.41165865384615385,0.08544726301735647,0.21254310895388936,576,6165,576,14976
-4.9265,1.0,0.4107238247863248,0.08562509290917199,0.21292386436340374,576,6151,576,14976
-4.9239999999999995,1.0,0.41052350427350426,0.08566329565734682,0.21300563236047107,576,6148,576,14976
-4.922000000000001,1.0,0.41025641025641024,0.08571428571428572,0.21311475409836067,576,6144,576,14976
-4.92,1.0,0.40818643162393164,0.08611152638660487,0.21396425356821397,576,6113,576,14976
-4.917999999999999,1.0,0.4074519230769231,0.0862533692722372,0.21426731908318314,576,6102,576,14976
-4.9155,1.0,0.4073851495726496,0.08626628725475513,0.21429491307147455,576,6101,576,14976
-4.9135,1.0,0.40685096153846156,0.08636977058029689,0.21451592110351939,576,6093,576,14976
-4.9125,1.0,0.405982905982906,0.08653846153846154,0.21487603305785125,576,6080,576,14976
-4.91,1.0,0.40544871794871795,0.08664259927797834,0.21509824198552224,576,6072,576,14976
-4.907,1.0,0.4053819444444444,0.08665563412065594,0.21512605042016808,576,6071,576,14976
-4.9055,1.0,0.4042467948717949,0.08687782805429864,0.2155998963462037,576,6054,576,14976
-4.9045000000000005,1.0,0.4033119658119658,0.08706166868198308,0.21599169262720666,576,6040,576,14976
-4.902,1.0,0.4029113247863248,0.08714069591527988,0.21616004156923876,576,6034,576,14976
-4.899,1.0,0.40271100427350426,0.08718026335704555,0.21624431448992854,576,6031,576,14976
-4.897,1.0,0.40237713675213677,0.08724628900333233,0.2163849154746424,576,6026,576,14976
-4.8955,1.0,0.4017761752136752,0.08736538753223115,0.21663845853404504,576,6017,576,14976
-4.8945,1.0,0.4014423076923077,0.08743169398907104,0.2167795726941115,576,6012,576,14976
-4.8934999999999995,1.0,0.4013087606837607,0.08745824476161555,0.21683606984623402,576,6010,576,14976
-4.8919999999999995,1.0,0.40050747863247865,0.08761788865226651,0.21717567214826416,576,5998,576,14976
-4.890499999999999,1.0,0.39903846153846156,0.08791208791208792,0.21780104712041884,576,5976,576,14976
-4.888999999999999,1.0,0.39890491452991456,0.08793893129770992,0.21785807803089816,576,5974,576,14976
-4.887499999999999,1.0,0.398571047008547,0.0880061115355233,0.21800078606052664,576,5969,576,14976
-4.8855,1.0,0.3975694444444444,0.08820826952526799,0.21843003412969286,576,5954,576,14976
-4.8835,1.0,0.3972355769230769,0.08827586206896551,0.21857349270983845,576,5949,576,14976
-4.8815,1.0,0.39576655982905984,0.08857450407504229,0.21920695560532208,576,5927,576,14976
-4.8795,1.0,0.3950988247863248,0.08871091945171723,0.2194961086927846,576,5917,576,14976
-4.8774999999999995,1.0,0.3938969017094017,0.08895752895752895,0.22001851117281504,576,5899,576,14976
-4.875500000000001,1.0,0.3930956196581197,0.08912269843725824,0.2203681631571977,576,5887,576,14976
-4.873,1.0,0.3922275641025641,0.08930232558139535,0.22074820907402495,576,5874,576,14976
-4.87,1.0,0.39095886752136755,0.08956616389364018,0.22130602473733207,576,5855,576,14976
-4.868,1.0,0.39055822649572647,0.08964980544747082,0.22148276321043528,576,5849,576,14976
-4.865,1.0,0.3887553418803419,0.09002813379180995,0.22228159230563718,576,5822,576,14976
-4.862500000000001,1.0,0.3878872863247863,0.09021143304620204,0.2226682724474776,576,5809,576,14976
-4.859999999999999,1.0,0.3874198717948718,0.09031044214487301,0.2228770425930887,576,5802,576,14976
-4.856,1.0,0.38675213675213677,0.09045226130653267,0.22317596566523604,576,5792,576,14976
-4.852,1.0,0.38488247863247865,0.09085173501577287,0.22401723209477653,576,5764,576,14976
-4.849,1.0,0.3844150641025641,0.09095215537659877,0.2242285406279477,576,5757,576,14976
-4.8475,1.0,0.3842815170940171,0.09098088769546675,0.22428898773419598,576,5755,576,14976
-4.846500000000001,1.0,0.3842147435897436,0.0909952606635071,0.22431922351038017,576,5754,576,14976
-4.843999999999999,1.0,0.3840811965811966,0.09102402022756005,0.22437971952535057,576,5752,576,14976
-4.8415,1.0,0.38374732905982906,0.09109599873477779,0.22453110241532856,576,5747,576,14976
-4.8405000000000005,1.0,0.38341346153846156,0.09116809116809117,0.22468268971104507,576,5742,576,14976
-4.8395,1.0,0.383079594017094,0.0912402977981942,0.22483448182678017,576,5737,576,14976
-4.8385,1.0,0.38287927350427353,0.09128367670364501,0.22492565558258987,576,5734,576,14976
-4.836,1.0,0.38227831196581197,0.09141406126011745,0.22519962105832994,576,5725,576,14976
-4.833,1.0,0.38201121794871795,0.09147212958551691,0.22532159783344619,576,5721,576,14976
-4.8309999999999995,1.0,0.3816105769230769,0.09155937052932761,0.22550481094999322,576,5715,576,14976
-4.829000000000001,1.0,0.3814102564102564,0.0916030534351145,0.22559652928416488,576,5712,576,14976
-4.827500000000001,1.0,0.3812099358974359,0.09164677804295943,0.2256883222568832,576,5709,576,14976
-4.826499999999999,1.0,0.3810763888888889,0.09167595097883177,0.2257495590828924,576,5707,576,14976
-4.8255,1.0,0.38054220085470086,0.09179282868525897,0.22599483906016568,576,5699,576,14976
-4.8245000000000005,1.0,0.38027510683760685,0.09185137936533248,0.22611767903247726,576,5695,576,14976
-4.823,1.0,0.38014155982905984,0.09188068272451747,0.22617914910969145,576,5693,576,14976
-4.8215,1.0,0.3800747863247863,0.09189534141671984,0.22620989668297986,576,5692,576,14976
-4.8205,1.0,0.3798076923076923,0.09195402298850575,0.2263329706202394,576,5688,576,14976
-4.819,1.0,0.3796073717948718,0.09199808337326305,0.22642536399510135,576,5685,576,14976
-4.8175,1.0,0.3795405982905983,0.09201277955271565,0.22645617855198694,576,5684,576,14976
-4.816000000000001,1.0,0.37940705128205127,0.09204218600191755,0.2265178328341955,576,5682,576,14976
-4.814500000000001,1.0,0.3793402777777778,0.09205689627617068,0.2265486725663717,576,5681,576,14976
-4.8134999999999994,1.0,0.37887286324786323,0.09216,0.22676478604524394,576,5674,576,14976
-4.811999999999999,1.0,0.37880608974358976,0.09217474795967355,0.22679569306255964,576,5673,576,14976
-4.810499999999999,1.0,0.37867254273504275,0.09220425804386105,0.2268575323790048,576,5671,576,14976
-4.808999999999999,1.0,0.37840544871794873,0.09226333493512734,0.22698131223571136,576,5667,576,14976
-4.806,1.0,0.3782719017094017,0.09229290177856113,0.22704325283121846,576,5665,576,14976
-4.8035,1.0,0.3780715811965812,0.09233728759217698,0.22713622713622716,576,5662,576,14976
-4.802,1.0,0.3778712606837607,0.09238171611868484,0.22722927761846237,576,5659,576,14976
-4.798500000000001,1.0,0.37767094017094016,0.09242618741976893,0.2273224043715847,576,5656,576,14976
-4.792,1.0,0.37753739316239315,0.09245585874799359,0.22738453129270295,576,5654,576,14976
-4.7875,1.0,0.37740384615384615,0.09248554913294797,0.22744669218151994,576,5652,576,14976
-4.784,1.0,0.37713675213675213,0.09254498714652956,0.2275711159737418,576,5648,576,14976
-4.7795,1.0,0.3767361111111111,0.09263428755226762,0.2277580071174377,576,5642,576,14976
-4.7765,1.0,0.37666933760683763,0.09264918771111469,0.22778918548939084,576,5641,576,14976
-4.774,1.0,0.3763354700854701,0.0927237604636188,0.22794520547945205,576,5636,576,14976
-4.772,1.0,0.37606837606837606,0.09278350515463918,0.2280701754385965,576,5632,576,14976
-4.7705,1.0,0.3758680555555556,0.09282836422240129,0.2281639928698752,576,5629,576,14976
-4.768,1.0,0.37580128205128205,0.09284332688588008,0.22819528250137136,576,5628,576,14976
-4.763999999999999,1.0,0.37573450854700857,0.09285829437369016,0.22822658071595117,576,5627,576,14976
-4.757999999999999,1.0,0.37566773504273504,0.0928732666881651,0.22825788751714676,576,5626,576,14976
-4.7515,1.0,0.37546741452991456,0.09291821261493789,0.2283518594757788,576,5623,576,14976
-4.746499999999999,1.0,0.37533386752136755,0.09294820074229466,0.22841455044612213,576,5621,576,14976
-4.7405,1.0,0.375267094017094,0.09296320206584893,0.22844590884129598,576,5620,576,14976
-4.7285,1.0,0.37520032051282054,0.09297820823244551,0.22847727584786487,576,5619,576,14976
-4.712,1.0,0.37493322649572647,0.09303828137619125,0.22860283005907406,576,5615,576,14976
-4.6955,1.0,0.37466613247863245,0.09309843219654114,0.22872852233676974,576,5611,576,14976
-4.6785,1.0,0.37439903846153844,0.09315866084425037,0.22885435290881587,576,5607,576,14976
-4.6635,1.0,0.37433226495726496,0.09317373018440635,0.22888583218707018,576,5606,576,14976
-4.654999999999999,1.0,0.37426549145299143,0.09318880440058243,0.2289173201265649,576,5605,576,14976
-4.6485,1.0,0.37406517094017094,0.09323405632890903,0.22901183594825214,576,5602,576,14976
-4.640499999999999,1.0,0.3739983974358974,0.0932491500728509,0.22904335856847902,576,5601,576,14976
-4.634,1.0,0.3738648504273504,0.09327935222672065,0.2291064298499243,576,5599,576,14976
-4.627000000000001,1.0,0.3737980769230769,0.09329446064139942,0.22913797851831455,576,5598,576,14976
-4.6205,1.0,0.3737313034188034,0.09330957395107727,0.22916953587660105,576,5597,576,14976
-4.6175,1.0,0.3736645299145299,0.09332469215813351,0.22920110192837465,576,5596,576,14976
-4.612,1.0,0.3735309829059829,0.09335494327390599,0.22926426012675669,576,5594,576,14976
-4.6055,1.0,0.3733974358974359,0.0933852140077821,0.22932745314222713,576,5592,576,14976
-4.5975,1.0,0.3732638888888889,0.09341550437885177,0.22939068100358426,576,5590,576,14976
-4.588,1.0,0.37319711538461536,0.09343065693430656,0.22942230801047844,576,5589,576,14976
-4.5815,1.0,0.3731303418803419,0.09344581440622972,0.229453943739658,576,5588,576,14976
-4.5760000000000005,1.0,0.37286324786324787,0.09350649350649351,0.22958057395143489,576,5584,576,14976
-4.572,1.0,0.37279647435897434,0.09352167559668777,0.22961225334621224,576,5583,576,14976
-4.5695,1.0,0.37272970085470086,0.09353686261773303,0.22964394148495723,576,5582,576,14976
-4.567,1.0,0.37266292735042733,0.09355205457203183,0.22967563837129057,576,5581,576,14976
-4.564500000000001,1.0,0.3725293803418803,0.09358245329000812,0.22973905840121495,576,5579,576,14976
-4.561,1.0,0.3723958333333333,0.09361287176986836,0.22980251346499103,576,5577,576,14976
-4.5555,1.0,0.3722622863247863,0.09364331003088928,0.22986600359165632,576,5575,576,14976
-4.5525,1.0,0.3720619658119658,0.0936890045543266,0.22996130458817024,576,5572,576,14976
-4.55,1.0,0.3719284188034188,0.09371949235274976,0.2300248824993088,576,5570,576,14976
-4.545,1.0,0.37159455128205127,0.09379579872984856,0.23018398118688618,576,5565,576,14976
-4.5405,1.0,0.3715277777777778,0.09381107491856677,0.23021582733812948,576,5564,576,14976
-4.5385,1.0,0.37132745726495725,0.09385693335505947,0.23031141868512112,576,5561,576,14976
-4.5375,1.0,0.3712606837606838,0.0938722294654498,0.23034330011074197,576,5560,576,14976
-4.5344999999999995,1.0,0.37119391025641024,0.0938875305623472,0.23037519036411463,576,5559,576,14976
-4.529,1.0,0.3709268162393162,0.09394878486380688,0.23050283972849422,576,5555,576,14976
-4.525,1.0,0.3705261752136752,0.09404081632653061,0.23069457923194236,576,5549,576,14976
-4.5225,1.0,0.3704594017094017,0.09405617243631613,0.230726566833056,576,5548,576,14976
-4.518,1.0,0.36999198717948717,0.09416380578715057,0.23095072866065236,576,5541,576,14976
-4.513999999999999,1.0,0.36945779914529914,0.09428711736781797,0.2312074475475893,576,5533,576,14976
-4.5115,1.0,0.36925747863247865,0.09433344251555846,0.23130386433138725,576,5530,576,14976
-4.5075,1.0,0.3689236111111111,0.09441075233568268,0.23146473779385174,576,5525,576,14976
-4.5024999999999995,1.0,0.3686565170940171,0.09447269148761686,0.23159359777313848,576,5521,576,14976
-4.499499999999999,1.0,0.3685229700854701,0.09450369155045119,0.2316580815815119,576,5519,576,14976
-4.496499999999999,1.0,0.3684561965811966,0.09451919921234,0.23169033695349486,576,5518,576,14976
-4.492,1.0,0.3683226495726496,0.09455022980958634,0.23175487465181055,576,5516,576,14976
-4.4895,1.0,0.36825587606837606,0.09456575274995896,0.23178715698565258,576,5515,576,14976
-4.4879999999999995,1.0,0.36778846153846156,0.09467455621301775,0.23201338538761848,576,5508,576,14976
-4.4864999999999995,1.0,0.36772168803418803,0.0946901200065757,0.23204573978524612,576,5507,576,14976
-4.484999999999999,1.0,0.367454594017094,0.09475242638591874,0.2321752476628994,576,5503,576,14976
-4.483499999999999,1.0,0.36738782051282054,0.0947680157946693,0.2322076472229975,576,5502,576,14976
-4.481999999999999,1.0,0.36698717948717946,0.09486166007905138,0.2324022346368715,576,5496,576,14976
-4.4795,1.0,0.366786858974359,0.0949085516559565,0.2324996506916306,576,5493,576,14976
-4.4755,1.0,0.36645299145299143,0.09498680738786279,0.232662192393736,576,5488,576,14976
-4.47,1.0,0.3661858974358974,0.09504950495049505,0.23279238947957473,576,5484,576,14976
-4.4665,1.0,0.3659855769230769,0.0950965824665676,0.23289013296011196,576,5481,576,14976
-4.465,1.0,0.3659188034188034,0.095112285336856,0.23292273236282193,576,5480,576,14976
-4.463,1.0,0.3657852564102564,0.09514370664023786,0.2329879585550266,576,5478,576,14976
-4.459,1.0,0.3654513888888889,0.09522235080178541,0.2331511839708561,576,5473,576,14976
-4.455500000000001,1.0,0.36478365384615385,0.09538002980625931,0.23347832187456152,576,5463,576,14976
-4.454000000000001,1.0,0.36465010683760685,0.09541162829219811,0.23354385964912283,576,5461,576,14976
-4.452500000000001,1.0,0.3645833333333333,0.09542743538767395,0.23357664233576644,576,5460,576,14976
-4.451499999999999,1.0,0.36451655982905984,0.09544324772162387,0.23360943422715144,576,5459,576,14976
-4.449999999999999,1.0,0.3641159188034188,0.09553823187925028,0.2338063790923142,576,5453,576,14976
-4.448,1.0,0.3640491452991453,0.09555408095554081,0.2338392355255762,576,5452,576,14976
-4.4465,1.0,0.3639823717948718,0.09556993529118965,0.23387210119465915,576,5451,576,14976
-4.4445,1.0,0.36331463675213677,0.09572876848928037,0.23420126671358196,576,5441,576,14976
-4.442,1.0,0.36318108974358976,0.09576059850374065,0.23426721103758974,576,5439,576,14976
-4.4405,1.0,0.3631143162393162,0.09577652144995012,0.2343001971275697,576,5438,576,14976
-4.439,1.0,0.3625133547008547,0.09592006661115737,0.23459749048357537,576,5429,576,14976
-4.4365,1.0,0.36204594017094016,0.0960320106702234,0.23482924075642111,576,5422,576,14976
-4.4345,1.0,0.3618456196581197,0.09608006672226856,0.2349287025271777,576,5419,576,14976
-4.433,1.0,0.36177884615384615,0.0960960960960961,0.23496187517650385,576,5418,576,14976
-4.431,1.0,0.36157852564102566,0.09614421632448673,0.23506144935725384,576,5415,576,14976
-4.4295,1.0,0.3611111111111111,0.0962566844919786,0.23529411764705882,576,5408,576,14976
-4.4275,1.0,0.36104433760683763,0.09627277285642655,0.23532739357940885,576,5407,576,14976
-4.425000000000001,1.0,0.3609107905982906,0.09630496572479519,0.23539397368793324,576,5405,576,14976
-4.423500000000001,1.0,0.3606436965811966,0.09636941609503095,0.2355272469922151,576,5401,576,14976
-4.422000000000001,1.0,0.3605769230769231,0.0963855421686747,0.23556058890147225,576,5400,576,14976
-4.4205000000000005,1.0,0.3605101495726496,0.09640167364016737,0.23559394025201755,576,5399,576,14976
-4.419499999999999,1.0,0.3602430555555556,0.09646625355886786,0.2357274401473296,576,5395,576,14976
-4.4185,1.0,0.35997596153846156,0.09653092006033183,0.2358610914245216,576,5391,576,14976
-4.4165,1.0,0.359775641025641,0.096579476861167,0.2359614293817357,576,5388,576,14976
-4.4145,1.0,0.359508547008547,0.09664429530201342,0.23609534619750283,576,5384,576,14976
-4.413,1.0,0.359241452991453,0.09670920080591,0.23622941510505396,576,5380,576,14976
-4.411,1.0,0.359107905982906,0.09674168626133692,0.2362965066742403,576,5378,576,14976
-4.4094999999999995,1.0,0.358974358974359,0.0967741935483871,0.23636363636363636,576,5376,576,14976
-4.4085,1.0,0.35884081196581197,0.09680672268907563,0.23643080420574028,576,5374,576,14976
-4.407,1.0,0.3585069444444444,0.09688814129520605,0.23659889094269873,576,5369,576,14976
-4.4045,1.0,0.35844017094017094,0.09690444145356662,0.23663253697383388,576,5368,576,14976
-4.4025,1.0,0.3579727564102564,0.09701869631126832,0.23686832740213526,576,5361,576,14976
-4.4005,1.0,0.3579059829059829,0.09703504043126684,0.2369020501138952,576,5360,576,14976
-4.398,1.0,0.3578392094017094,0.0970513900589722,0.23693578242916133,576,5359,576,14976
-4.396,1.0,0.3575053418803419,0.09713322091062394,0.2371045882017669,576,5354,576,14976
-4.3934999999999995,1.0,0.35730502136752135,0.09718238569259322,0.23720598717034924,576,5351,576,14976
-4.3905,1.0,0.35657051282051283,0.0973630831643002,0.23757852655625358,576,5340,576,14976
-4.388,1.0,0.3564369658119658,0.09739600946905648,0.23764638674664385,576,5338,576,14976
-4.3865,1.0,0.3563034188034188,0.09742895805142084,0.23771428571428568,576,5336,576,14976
-4.3845,1.0,0.3562366452991453,0.09744544070377263,0.23774824974996428,576,5335,576,14976
-4.382,1.0,0.35596955128205127,0.09751142712036567,0.2378842030021444,576,5331,576,14976
-4.379,1.0,0.3557692307692308,0.0975609756097561,0.23798627002288328,576,5328,576,14976
-4.3765,1.0,0.35510149572649574,0.09772650152697658,0.23832712689773702,576,5318,576,14976
-4.3740000000000006,1.0,0.3547676282051282,0.097809475292919,0.23849792174286946,576,5313,576,14976
-4.3715,1.0,0.3547008547008547,0.09782608695652174,0.2385321100917431,576,5312,576,14976
-4.3685,1.0,0.35389957264957267,0.09802586793737236,0.2389431361286617,576,5300,576,14976
-4.3655,1.0,0.35376602564102566,0.09805924412665985,0.2390117782246481,576,5298,576,14976
-4.362500000000001,1.0,0.35263087606837606,0.09834386204541574,0.23959683225341977,576,5281,576,14976
-4.359500000000001,1.0,0.35236378205128205,0.09841107124551512,0.23973490851462326,576,5277,576,14976
-4.358499999999999,1.0,0.35216346153846156,0.09846153846153846,0.23983857019313926,576,5274,576,14976
-4.3565000000000005,1.0,0.35209668803418803,0.09847837237134553,0.23987314401037915,576,5273,576,14976
-4.354,1.0,0.351696047008547,0.09857949683381824,0.24008079642187274,576,5267,576,14976
-4.351,1.0,0.35082799145299143,0.09879931389365351,0.24053194564903155,576,5254,576,14976
-4.348000000000001,1.0,0.35049412393162394,0.09888412017167382,0.24070591638941127,576,5249,576,14976
-4.346500000000001,1.0,0.3498263888888889,0.09905417024935512,0.24105461393596983,576,5239,576,14976
-4.345000000000001,1.0,0.3496928418803419,0.09908825047307758,0.24112447471380957,576,5237,576,14976
-4.3425,1.0,0.34942574786324787,0.09915648132208642,0.24126431781934177,576,5233,576,14976
-4.3395,1.0,0.3485576923076923,0.09937888198757763,0.24171993027309704,576,5220,576,14976
-4.3365,1.0,0.3484241452991453,0.09941318605453918,0.24179017727404825,576,5218,576,14976
-4.3335,1.0,0.3474893162393162,0.09965397923875433,0.24228305183459523,576,5204,576,14976
-4.3309999999999995,1.0,0.34728899572649574,0.0997057296174485,0.24238892935178444,576,5201,576,14976
-4.3294999999999995,1.0,0.3470886752136752,0.09975753377208174,0.24249489944622563,576,5198,576,14976
-4.3285,1.0,0.34615384615384615,0.1,0.2429906542056075,576,5184,576,14976
-4.327500000000001,1.0,0.34608707264957267,0.10001736412571627,0.24302614283627863,576,5183,576,14976
-4.326499999999999,1.0,0.34602029914529914,0.10003473428273706,0.243061641834648,576,5182,576,14976
-4.3245000000000005,1.0,0.34588675213675213,0.10006949270326616,0.24313267095265925,576,5180,576,14976
-4.3225,1.0,0.34581997863247865,0.1000868809730669,0.24316820108139706,576,5179,576,14976
-4.3215,1.0,0.3450186965811966,0.10029601253700157,0.2435953740301566,576,5167,576,14976
-4.3195,1.0,0.3448851495726496,0.10033095279568019,0.24366671547810806,576,5165,576,14976
-4.317,1.0,0.3446180555555556,0.10040090639707164,0.2438095238095238,576,5161,576,14976
-4.314,1.0,0.34368322649572647,0.10064651406604927,0.2443106739098517,576,5147,576,14976
-4.3115000000000006,1.0,0.343482905982906,0.1006993006993007,0.24441833137485314,576,5144,576,14976
-4.310499999999999,1.0,0.34321581196581197,0.10076976906927922,0.2445620223398001,576,5140,576,14976
-4.308999999999999,1.0,0.34268162393162394,0.10091100210231255,0.2448499117127722,576,5132,576,14976
-4.3075,1.0,0.3426148504273504,0.10092868407219205,0.2448859455481972,576,5131,576,14976
-4.306,1.0,0.3425480769230769,0.10094637223974763,0.24492198999116868,576,5130,576,14976
-4.3045,1.0,0.3424145299145299,0.10098176718092566,0.24499411071849236,576,5128,576,14976
-4.303,1.0,0.3412793803418803,0.10128362933005099,0.24560885608856092,576,5111,576,14976
-4.3015,1.0,0.34107905982905984,0.10133708655876143,0.24571766095688125,576,5108,576,14976
-4.3004999999999995,1.0,0.3410122863247863,0.10135491817701918,0.24575395067198344,576,5107,576,14976
-4.2995,1.0,0.34094551282051283,0.10137275607180571,0.24579025110782865,576,5106,576,14976
-4.298500000000001,1.0,0.3407451923076923,0.10142630744849446,0.2458992167873504,576,5103,576,14976
-4.297000000000001,1.0,0.3401442307692308,0.10158730158730159,0.246226694288251,576,5094,576,14976
-4.2955000000000005,1.0,0.34007745726495725,0.101605221379432,0.24626313452715706,576,5093,576,14976
-4.2935,1.0,0.33987713675213677,0.1016590187080833,0.24637251998815515,576,5090,576,14976
-4.291,1.0,0.3395432692307692,0.10174880763116058,0.24655504519188032,576,5085,576,14976
-4.288,1.0,0.3392761752136752,0.10182075304931942,0.24670126019273536,576,5081,576,14976
-4.2855,1.0,0.3390758547008547,0.10187477891758047,0.24681103530109763,576,5078,576,14976
-4.2829999999999995,1.0,0.3390090811965812,0.10189280028303556,0.24684764871680764,576,5077,576,14976
-4.2805,1.0,0.3389423076923077,0.10191082802547771,0.2468842729970326,576,5076,576,14976
-4.2795000000000005,1.0,0.33874198717948717,0.10196494954859267,0.24699421107317798,576,5073,576,14976
-4.2765,1.0,0.33847489316239315,0.10203720106288751,0.247140947571662,576,5069,576,14976
-4.2735,1.0,0.33820779914529914,0.10210955504343201,0.2472878585228117,576,5065,576,14976
-4.2715,1.0,0.33807425213675213,0.10214577052668913,0.24736137951538578,576,5063,576,14976
-4.2695,1.0,0.33787393162393164,0.1022001419446416,0.24747174301011302,576,5060,576,14976
-4.2684999999999995,1.0,0.3376736111111111,0.10225457127640689,0.24758220502901354,576,5057,576,14976
-4.2675,1.0,0.3373397435897436,0.1023454157782516,0.24776652769505655,576,5052,576,14976
-4.2655,1.0,0.3372061965811966,0.10238179879132599,0.24784033363121835,576,5050,576,14976
-4.263,1.0,0.3369391025641026,0.10245464247598719,0.24798807749627425,576,5046,576,14976
-4.2615,1.0,0.3368055555555556,0.10249110320284698,0.24806201550387594,576,5044,576,14976
-4.26,1.0,0.33673878205128205,0.10250934329951948,0.24809900104368568,576,5043,576,14976
-4.2585,1.0,0.33647168803418803,0.10258236865538735,0.24824705355810833,576,5039,576,14976
-4.2575,1.0,0.33627136752136755,0.10263720598717035,0.24835820895522384,576,5036,576,14976
-4.256,1.0,0.33587072649572647,0.10274705672493757,0.2485808186435614,576,5030,576,14976
-4.254,1.0,0.335536858974359,0.10283877878950187,0.24876663178352518,576,5025,576,14976
-4.2524999999999995,1.0,0.33513621794871795,0.10294906166219839,0.24898997456232227,576,5019,576,14976
-4.2505,1.0,0.3350694444444444,0.10296746514122274,0.24902723735408558,576,5018,576,14976
-4.2485,1.0,0.3347355769230769,0.10305958132045089,0.2492137187359593,576,5013,576,14976
-4.2475000000000005,1.0,0.3344017094017094,0.10315186246418338,0.24940047961630696,576,5008,576,14976
-4.2465,1.0,0.33366720085470086,0.10335546384353131,0.24981234048941603,576,4997,576,14976
-4.2445,1.0,0.33326655982905984,0.10346685827195977,0.2500375657400451,576,4991,576,14976
-4.2415,1.0,0.33226495726495725,0.1037463976945245,0.25060240963855424,576,4976,576,14976
-4.239000000000001,1.0,0.33199786324786323,0.10382119682768565,0.2507534659433394,576,4972,576,14976
-4.237500000000001,1.0,0.3314636752136752,0.10397111913357401,0.2510561255280628,576,4964,576,14976
-4.2364999999999995,1.0,0.3309962606837607,0.10410265678655341,0.25132155263555356,576,4957,576,14976
-4.234999999999999,1.0,0.33066239316239315,0.10419681620839363,0.25151148730350664,576,4952,576,14976
-4.233499999999999,1.0,0.33026175213675213,0.10431003259688519,0.2517397881996974,576,4946,576,14976
-4.231999999999999,1.0,0.3296607905982906,0.10448031924541992,0.2520830177245872,576,4937,576,14976
-4.2295,1.0,0.3292601495726496,0.10459415289631378,0.25231235784685363,576,4931,576,14976
-4.2275,1.0,0.32892628205128205,0.10468920392584515,0.25250379362670716,576,4926,576,14976
-4.226,1.0,0.328525641025641,0.10480349344978165,0.25273390036452004,576,4920,576,14976
-4.2235,1.0,0.327857905982906,0.10499453153481589,0.25311834499543656,576,4910,576,14976
-4.2205,1.0,0.32745726495726496,0.10510948905109489,0.25334957369062117,576,4904,576,14976
-4.218,1.0,0.32705662393162394,0.10522469857508221,0.25358122523620846,576,4898,576,14976
-4.2165,1.0,0.3267227564102564,0.10532089961601755,0.25377459203904223,576,4893,576,14976
-4.215,1.0,0.3266559829059829,0.10534016093635698,0.2538133007931666,576,4892,576,14976
-4.2135,1.0,0.3263888888888889,0.1054172767203514,0.25396825396825395,576,4888,576,14976
-4.2125,1.0,0.3261217948717949,0.1054945054945055,0.25412339645693344,576,4884,576,14976
-4.211,1.0,0.32585470085470086,0.10557184750733138,0.254278728606357,576,4880,576,14976
-4.2085,1.0,0.3252537393162393,0.10574628235726087,0.25462892119357305,576,4871,576,14976
-4.2055,1.0,0.3239182692307692,0.10613598673300166,0.25541059094397545,576,4851,576,14976
-4.2035,1.0,0.3234508547008547,0.10627306273062731,0.25568531038721576,576,4844,576,14976
-4.202,1.0,0.3229166666666667,0.10643015521064302,0.256,576,4836,576,14976
-4.1995000000000005,1.0,0.32211538461538464,0.10666666666666667,0.2564734895191122,576,4824,576,14976
-4.197,1.0,0.3219150641025641,0.10672595886603668,0.25659213569776407,576,4821,576,14976
-4.1955,1.0,0.32124732905982906,0.10692407648041581,0.256988416988417,576,4811,576,14976
-4.1945,1.0,0.320713141025641,0.10708310094813163,0.2573063244162672,576,4803,576,14976
-4.193,1.0,0.32037927350427353,0.10718273167100856,0.2575054162797895,576,4798,576,14976
-4.1915,1.0,0.3194444444444444,0.10746268656716418,0.2580645161290323,576,4784,576,14976
-4.1905,1.0,0.3191773504273504,0.1075429424943988,0.25822470515207946,576,4780,576,14976
-4.189500000000001,1.0,0.3190438034188034,0.10758311542771759,0.25830487426265136,576,4778,576,14976
-4.1884999999999994,1.0,0.3189770299145299,0.10760321315150383,0.25834497748796775,576,4777,576,14976
-4.1875,1.0,0.3187767094017094,0.10766355140186916,0.2584653619136378,576,4774,576,14976
-4.1865000000000006,1.0,0.31837606837606836,0.10778443113772455,0.2587064676616916,576,4768,576,14976
-4.1850000000000005,1.0,0.3177083333333333,0.10798650168728909,0.2591093117408907,576,4758,576,14976
-4.1835,1.0,0.3175747863247863,0.10802700675168792,0.259190031152648,576,4756,576,14976
-4.1825,1.0,0.3173076923076923,0.10810810810810811,0.259351620947631,576,4752,576,14976
-4.1815,1.0,0.31650641025641024,0.10835214446952596,0.2598376014990631,576,4740,576,14976
-4.1805,1.0,0.3157051282051282,0.1085972850678733,0.2603254067584481,576,4728,576,14976
-4.1795,1.0,0.3153712606837607,0.10869975467069258,0.2605291999373728,576,4723,576,14976
-4.1785,1.0,0.31503739316239315,0.10880241783150736,0.260733312441241,576,4718,576,14976
-4.1775,1.0,0.31456997863247865,0.10894647247966711,0.2610196078431372,576,4711,576,14976
-4.1765,1.0,0.31443643162393164,0.10898770104068117,0.26110152204613213,576,4709,576,14976
-4.1754999999999995,1.0,0.31416933760683763,0.10907025184624124,0.2612655047888209,576,4705,576,14976
-4.1745,1.0,0.31323450854700857,0.10936016707803303,0.26184107002360346,576,4691,576,14976
-4.173500000000001,1.0,0.31283386752136755,0.1094848888044098,0.26208851787683096,576,4685,576,14976
-4.172499999999999,1.0,0.312767094017094,0.10950570342205324,0.26212980466288593,576,4684,576,14976
-4.1715,1.0,0.312633547008547,0.1095473564092811,0.2622124172707217,576,4682,576,14976
-4.1705000000000005,1.0,0.31229967948717946,0.1096516276413478,0.26241917678599597,576,4677,576,14976
-4.1690000000000005,1.0,0.31043002136752135,0.11023923444976076,0.2635830825281166,576,4649,576,14976
-4.1675,1.0,0.31029647435897434,0.1102814474439977,0.2636666138488354,576,4647,576,14976
-4.1665,1.0,0.31022970085470086,0.11030256606664113,0.26370839936608553,576,4646,576,14976
-4.1655,1.0,0.31009615384615385,0.1103448275862069,0.2637920101458465,576,4644,576,14976
-4.1645,1.0,0.30969551282051283,0.11047180667433831,0.26404316090130114,576,4638,576,14976
-4.1635,1.0,0.3094284188034188,0.11055662188099807,0.26421086059066373,576,4634,576,14976
-4.1625,1.0,0.3092280982905983,0.11062031880161322,0.26433677521842736,576,4631,576,14976
-4.1615,1.0,0.30909455128205127,0.1106628242074928,0.2644207849992055,576,4629,576,14976
-4.1605,1.0,0.30896100427350426,0.11070536229098597,0.2645048481958353,576,4627,576,14976
-4.1594999999999995,1.0,0.30849358974358976,0.11085450346420324,0.26479949077021003,576,4620,576,14976
-4.1585,1.0,0.3071581196581197,0.11128284389489954,0.2656449553001277,576,4600,576,14976
-4.157,1.0,0.30662393162393164,0.11145510835913312,0.2659846547314578,576,4592,576,14976
-4.1555,1.0,0.3062232905982906,0.11158465710964742,0.26624,576,4586,576,14976
-4.154,1.0,0.30548878205128205,0.11182294700058241,0.266709408559064,576,4575,576,14976
-4.1525,1.0,0.30528846153846156,0.11188811188811189,0.2668377164849262,576,4572,576,14976
-4.1515,1.0,0.30515491452991456,0.11193159735717062,0.26692332370869426,576,4570,576,14976
-4.1505,1.0,0.30502136752136755,0.1119751166407465,0.26700898587933247,576,4568,576,14976
-4.1495,1.0,0.304954594017094,0.11199688897530624,0.2670518375862623,576,4567,576,14976
-4.1485,1.0,0.3038194444444444,0.11236831837690207,0.2677824267782427,576,4550,576,14976
-4.1475,1.0,0.3036858974358974,0.11241217798594848,0.26786864133934324,576,4548,576,14976
-4.146,1.0,0.3034188034188034,0.1125,0.26804123711340205,576,4544,576,14976
-4.1445,1.0,0.3032852564102564,0.11254396248534584,0.2681276184337738,576,4542,576,14976
-4.143000000000001,1.0,0.3030849358974359,0.1126099706744868,0.2682572948573271,576,4539,576,14976
-4.141500000000001,1.0,0.30301816239316237,0.11263199061400078,0.26830054821025473,576,4538,576,14976
-4.140499999999999,1.0,0.3028178418803419,0.11269810213265506,0.2684303919987095,576,4535,576,14976
-4.1395,1.0,0.30275106837606836,0.112720156555773,0.26847370119393354,576,4534,576,14976
-4.1385000000000005,1.0,0.30241720085470086,0.11283055827619981,0.268690456967544,576,4529,576,14976
-4.137499999999999,1.0,0.30201655982905984,0.11296332614238086,0.2689510263455633,576,4523,576,14976
-4.1365,1.0,0.30188301282051283,0.11300765155974102,0.2690379951495554,576,4521,576,14976
-4.1355,1.0,0.3016826923076923,0.11307420494699646,0.2691685538660628,576,4518,576,14976
-4.1345,1.0,0.3016159188034188,0.11309640683290792,0.26921210160168263,576,4517,576,14976
-4.1335,1.0,0.3015491452991453,0.11311861743912019,0.26925566343042073,576,4516,576,14976
-4.1315,1.0,0.3014155982905983,0.1131630648330059,0.26934282939462606,576,4514,576,14976
-4.1295,1.0,0.3012152777777778,0.11322980145468842,0.2694736842105263,576,4511,576,14976
-4.1285,1.0,0.3010817307692308,0.11327433628318584,0.26956099141422324,576,4509,576,14976
-4.1274999999999995,1.0,0.3006143162393162,0.11343048444269398,0.2698670126500162,576,4502,576,14976
-4.1259999999999994,1.0,0.2999465811965812,0.11365430149960537,0.2703053931124107,576,4492,576,14976
-4.124499999999999,1.0,0.2998798076923077,0.11367673179396093,0.2703493095044679,576,4491,576,14976
-4.1235,1.0,0.29954594017094016,0.11378901619913077,0.2705691056910569,576,4486,576,14976
-4.1225000000000005,1.0,0.29941239316239315,0.11383399209486166,0.2706571242680547,576,4484,576,14976
-4.1215,1.0,0.2993456196581197,0.11385649337813797,0.2707011550349764,576,4483,576,14976
-4.1195,1.0,0.29901175213675213,0.11396913335971508,0.27092152393357216,576,4478,576,14976
-4.1175,1.0,0.2983440170940171,0.11419508326724821,0.2713633398564906,576,4468,576,14976
-4.1165,1.0,0.2980769230769231,0.11428571428571428,0.27154046997389036,576,4464,576,14976
-4.115,1.0,0.29720886752136755,0.11458126118957629,0.27211774325429267,576,4451,576,14976
-4.1135,1.0,0.29707532051282054,0.11462686567164179,0.27220677245215114,576,4449,576,14976
-4.1115,1.0,0.29640758547008544,0.11485543369890329,0.27265279370801243,576,4439,576,14976
-4.109,1.0,0.29620726495726496,0.1149241819632881,0.27278688524590167,576,4436,576,14976
-4.1075,1.0,0.2957398504273504,0.11508491508491508,0.27310027900869854,576,4429,576,14976
-4.106,1.0,0.2956063034188034,0.11513092144713172,0.27318995238877036,576,4427,576,14976
-4.1045,1.0,0.2953392094017094,0.11522304460892178,0.27336947593231475,576,4423,576,14976
-4.1035,1.0,0.2950053418803419,0.11533840608730477,0.27359421243012166,576,4418,576,14976
-4.102,1.0,0.29493856837606836,0.11536150610855198,0.2736392040782766,576,4417,576,14976
-4.1005,1.0,0.29460470085470086,0.11547714514835605,0.27386438446346284,576,4412,576,14976
-4.099,1.0,0.2944043803418803,0.11554663991975928,0.27399967067347275,576,4409,576,14976
-4.0975,1.0,0.29407051282051283,0.11566265060240964,0.2742254449571523,576,4404,576,14976
-4.096,1.0,0.2938701923076923,0.11573236889692586,0.274361088211047,576,4401,576,14976
-4.0945,1.0,0.2936698717948718,0.1158021712907117,0.2744968657208842,576,4398,576,14976
-4.093500000000001,1.0,0.2924011752136752,0.11624621594349142,0.27535992056925374,576,4379,576,14976
-4.092499999999999,1.0,0.2920673076923077,0.11636363636363636,0.27558794302749257,576,4374,576,14976
-4.0915,1.0,0.29186698717948717,0.11643420254699818,0.275724937862469,576,4371,576,14976
-4.0905000000000005,1.0,0.29146634615384615,0.11657559198542805,0.27599933654005643,576,4365,576,14976
-4.0895,1.0,0.29126602564102566,0.1166464155528554,0.27613674078991035,576,4362,576,14976
-4.088,1.0,0.29099893162393164,0.11674098094852046,0.2763201594154766,576,4358,576,14976
-4.0865,1.0,0.2907986111111111,0.11681200567836139,0.27645788336933047,576,4355,576,14976
-4.085,1.0,0.2905315170940171,0.11690683986198498,0.2766417290108063,576,4351,576,14976
-4.0835,1.0,0.2902644230769231,0.1170018281535649,0.27682581933122613,576,4347,576,14976
-4.082000000000001,1.0,0.28939636752136755,0.11731160896130347,0.27742580860286764,576,4334,576,14976
-4.080500000000001,1.0,0.28926282051282054,0.11735941320293398,0.27751834556370913,576,4332,576,14976
-4.0794999999999995,1.0,0.28846153846153844,0.11764705882352941,0.2780748663101605,576,4320,576,14976
-4.0785,1.0,0.28832799145299143,0.11769513690232938,0.2781678368438649,576,4318,576,14976
-4.077,1.0,0.2874599358974359,0.11800860479409957,0.27877366393030656,576,4305,576,14976
-4.0755,1.0,0.28712606837606836,0.11812961443806398,0.2790073775989269,576,4300,576,14976
-4.074,1.0,0.2857905982905983,0.1186161449752883,0.2799461641991925,576,4280,576,14976
-4.0725,1.0,0.28565705128205127,0.11866501854140915,0.280040390440929,576,4278,576,14976
-4.0715,1.0,0.2831196581196581,0.11960132890365449,0.2818428184281843,576,4240,576,14976
-4.0705,1.0,0.28291933760683763,0.11967587783087472,0.281986104050161,576,4237,576,14976
-4.069,1.0,0.28178418803418803,0.12010008340283569,0.28280081577158395,576,4220,576,14976
-4.0675,1.0,0.281650641025641,0.12015018773466833,0.28289697381842915,576,4218,576,14976
-4.0665,1.0,0.2801148504273504,0.12072940683294907,0.28400750981396145,576,4195,576,14976
-4.0649999999999995,1.0,0.2799145299145299,0.12080536912751678,0.2841530054644809,576,4192,576,14976
-4.0634999999999994,1.0,0.2781116452991453,0.12149335583210293,0.2854692056956596,576,4165,576,14976
-4.0625,1.0,0.27771100427350426,0.12164730728616684,0.2857633522239396,576,4159,576,14976
-4.0615000000000006,1.0,0.2775106837606838,0.12172442941673711,0.2859106529209622,576,4156,576,14976
-4.060499999999999,1.0,0.2763087606837607,0.12218922358930845,0.28679765598069634,576,4138,576,14976
-4.0595,1.0,0.2760416666666667,0.12229299363057325,0.2869955156950672,576,4134,576,14976
-4.0585,1.0,0.27524038461538464,0.12260536398467432,0.2875907362599378,576,4122,576,14976
-4.0575,1.0,0.2748397435897436,0.12276214833759591,0.28788927335640135,576,4116,576,14976
-4.0565,1.0,0.2743055555555556,0.12297181895815543,0.2882882882882883,576,4108,576,14976
-4.0555,1.0,0.27350427350427353,0.1232876712328767,0.28888888888888886,576,4096,576,14976
-4.0545,1.0,0.273303952991453,0.12336688798457913,0.28903943025881534,576,4093,576,14976
-4.0535,1.0,0.27297008547008544,0.1234991423670669,0.28929068150208626,576,4088,576,14976
-4.052,1.0,0.2718349358974359,0.12395093608779859,0.29014821272885793,576,4071,576,14976
-4.0504999999999995,1.0,0.27136752136752135,0.12413793103448276,0.2905027932960894,576,4064,576,14976
-4.0495,1.0,0.27130074786324787,0.12416469066609183,0.29055351842151217,576,4063,576,14976
-4.048500000000001,1.0,0.27090010683760685,0.12432549104252104,0.29085824156615975,576,4057,576,14976
-4.047499999999999,1.0,0.27076655982905984,0.12437918376160656,0.2909599580346215,576,4055,576,14976
-4.0465,1.0,0.2703659188034188,0.12454054054054053,0.2912655347453177,576,4049,576,14976
-4.0455000000000005,1.0,0.2699652777777778,0.124702316518727,0.29157175398633256,576,4043,576,14976
-4.044499999999999,1.0,0.2693643162393162,0.12494577006507593,0.29203229203229203,576,4034,576,14976
-4.042999999999999,1.0,0.2692307692307692,0.125,0.29213483146067415,576,4032,576,14976
-4.0415,1.0,0.2688301282051282,0.12516297262059975,0.2924428822495606,576,4026,576,14976
-4.0405,1.0,0.2683627136752137,0.12535364526659412,0.2928030969558332,576,4019,576,14976
-4.039,1.0,0.26776175213675213,0.12559965111208024,0.29326753612971446,576,4010,576,14976
-4.0375,1.0,0.2671607905982906,0.12584662442648023,0.2937334510150044,576,4001,576,14976
-4.0365,1.0,0.2670940170940171,0.1258741258741259,0.2937853107344633,576,4000,576,14976
-4.0355,1.0,0.26669337606837606,0.12603938730853392,0.29409685401201835,576,3994,576,14976
-4.0344999999999995,1.0,0.2664930555555556,0.12612218086271076,0.2942528735632184,576,3991,576,14976
-4.0335,1.0,0.26622596153846156,0.126232741617357,0.29446115731728895,576,3987,576,14976
-4.032500000000001,1.0,0.26615918803418803,0.12626041209995617,0.29451327433628316,576,3986,576,14976
-4.031499999999999,1.0,0.26569177350427353,0.12645444566410538,0.2948786106680843,576,3979,576,14976
-4.029999999999999,1.0,0.265491452991453,0.1265377855887522,0.2950354609929078,576,3976,576,14976
-4.0280000000000005,1.0,0.26489049145299143,0.12678846577151662,0.2955070147398331,576,3967,576,14976
-4.0265,1.0,0.2647569444444444,0.12684430742127284,0.29561200923787534,576,3965,576,14976
-4.0255,1.0,0.26455662393162394,0.12692816218598502,0.2957696409527195,576,3962,576,14976
-4.0245,1.0,0.2641559829059829,0.12709620476610767,0.296085409252669,576,3956,576,14976
-4.0235,1.0,0.2636217948717949,0.1273209549071618,0.2965074839629366,576,3948,576,14976
-4.022,1.0,0.26335470085470086,0.12743362831858407,0.2967189728958631,576,3944,576,14976
-4.0205,1.0,0.26322115384615385,0.12749003984063745,0.29682483053870856,576,3942,576,14976
-4.0195,1.0,0.2630208333333333,0.12757475083056477,0.2969837587006961,576,3939,576,14976
-4.0184999999999995,1.0,0.26282051282051283,0.1276595744680851,0.29714285714285715,576,3936,576,14976
-4.0169999999999995,1.0,0.26221955128205127,0.1279147235176549,0.29762117689143264,576,3927,576,14976
-4.015499999999999,1.0,0.2618856837606838,0.12805691418408183,0.29788757608306476,576,3922,576,14976
-4.0145,1.0,0.26175213675213677,0.12811387900355872,0.2979942693409742,576,3920,576,14976
-4.013,1.0,0.26161858974358976,0.12817089452603472,0.2981010390541025,576,3918,576,14976
-4.0115,1.0,0.26148504273504275,0.12822796081923418,0.29820788530465947,576,3916,576,14976
-4.0105,1.0,0.2611511752136752,0.12837084911967908,0.29847533632286993,576,3911,576,14976
-4.0095,1.0,0.2610176282051282,0.12842809364548494,0.29858245110353493,576,3909,576,14976
-4.0085,1.0,0.2609508547008547,0.12845673505798394,0.29863603732950467,576,3908,576,14976
-4.0075,1.0,0.2608840811965812,0.12848538924827124,0.2986896427930354,576,3907,576,14976
-4.0065,1.0,0.2602831196581197,0.12874385337505587,0.29917295936713406,576,3898,576,14976
-4.0055,1.0,0.26008279914529914,0.12883023932006263,0.29933441266414823,576,3895,576,14976
-4.004,1.0,0.26001602564102566,0.12885906040268458,0.2993882691615689,576,3894,576,14976
-4.002000000000001,1.0,0.2598157051282051,0.12894560107454667,0.2995499549954996,576,3891,576,14976
-3.999,1.0,0.25961538461538464,0.12903225806451613,0.29971181556195964,576,3888,576,14976
-3.9965,1.0,0.25948183760683763,0.12909009412819364,0.2998198198198198,576,3886,576,14976
-3.9955,1.0,0.2594150641025641,0.12911903160726296,0.29987385114435033,576,3885,576,14976
-3.9935,1.0,0.2593482905982906,0.12914798206278028,0.2999279019466474,576,3884,576,14976
-3.99,1.0,0.2592147435897436,0.12920592193808883,0.30003606202668587,576,3882,576,14976
-3.9865,1.0,0.2591479700854701,0.1292349113753646,0.3000901713255185,576,3881,576,14976
-3.9835000000000003,1.0,0.2590144230769231,0.1292929292929293,0.3001984484935955,576,3879,576,14976
-3.9805,1.0,0.2589476495726496,0.1293219577907499,0.30025261638397693,576,3878,576,14976
-3.9765,1.0,0.2588141025641026,0.1293800539083558,0.3003610108303249,576,3876,576,14976
-3.9720000000000004,1.0,0.25841346153846156,0.12955465587044535,0.3006866642573184,576,3870,576,14976
-3.967,1.0,0.25814636752136755,0.12967131922557407,0.3009041591320072,576,3866,576,14976
-3.9635,1.0,0.25801282051282054,0.12972972972972974,0.301013024602026,576,3864,576,14976
-3.9605,1.0,0.257545405982906,0.12993458154748477,0.3013946748777396,576,3857,576,14976
-3.9565,1.0,0.25747863247863245,0.1299638989169675,0.30144927536231886,576,3856,576,14976
-3.9535,1.0,0.25727831196581197,0.13005193045834273,0.30161319557730654,576,3853,576,14976
-3.9505,1.0,0.25721153846153844,0.13008130081300814,0.3016678752719362,576,3852,576,14976
-3.9475,1.0,0.2569444444444444,0.1301989150090416,0.30188679245283023,576,3848,576,14976
-3.9445,1.0,0.2568108974358974,0.13025780189959293,0.3019963702359347,576,3846,576,14976
-3.9425,1.0,0.2566773504273504,0.13031674208144797,0.3021060275962237,576,3844,576,14976
-3.938,1.0,0.2565438034188034,0.13037573562698054,0.30221576462041416,576,3842,576,14976
-3.9325,1.0,0.2564102564102564,0.13043478260869565,0.3023255813953489,576,3840,576,14976
-3.9295,1.0,0.25614316239316237,0.13055303717135086,0.30254545454545456,576,3836,576,14976
-3.9265,1.0,0.25574252136752135,0.1307308216068997,0.3028758645795413,576,3830,576,14976
-3.9234999999999998,1.0,0.25514155982905984,0.13099840800545826,0.3033728350045579,576,3821,576,14976
-3.9205,1.0,0.2548744658119658,0.1311176872296836,0.3035942346287174,576,3817,576,14976
-3.9175,1.0,0.2546073717948718,0.13123718386876282,0.30381595764104435,576,3813,576,14976
-3.9145,1.0,0.2544738247863248,0.13129701390471848,0.30392694063926945,576,3811,576,14976
-3.9115,1.0,0.2537393162393162,0.1316270566727605,0.30453879941434847,576,3800,576,14976
-3.9085,1.0,0.25353899572649574,0.13171735650583125,0.3047060977842886,576,3797,576,14976
-3.9055,1.0,0.25340544871794873,0.13177762525737818,0.304817732185382,576,3795,576,14976
-3.903,1.0,0.2532719017094017,0.1318379491874571,0.30492944841487996,576,3793,576,14976
-3.9005,1.0,0.2532051282051282,0.13186813186813187,0.30498533724340177,576,3792,576,14976
-3.8975,1.0,0.2530048076923077,0.13195876288659794,0.3051531267192371,576,3789,576,14976
-3.8945,1.0,0.2527377136752137,0.1320797982114194,0.305377133418976,576,3785,576,14976
-3.8899999999999997,1.0,0.25267094017094016,0.13211009174311927,0.30543318649045526,576,3784,576,14976
-3.8855,1.0,0.25240384615384615,0.1322314049586777,0.3056576047024247,576,3780,576,14976
-3.8825,1.0,0.25213675213675213,0.1323529411764706,0.3058823529411765,576,3776,576,14976
-3.8795,1.0,0.25193643162393164,0.1324442400551851,0.30605113113849547,576,3773,576,14976
-3.8765,1.0,0.25166933760683763,0.13256616800920598,0.30627645867844655,576,3769,576,14976
-3.8735,1.0,0.2515357905982906,0.1326272162099931,0.3063892469158534,576,3767,576,14976
-3.8705,1.0,0.2514022435897436,0.1326883206634416,0.30650211825382206,576,3765,576,14976
-3.8645,1.0,0.2513354700854701,0.1327188940092166,0.30655858511422257,576,3764,576,14976
-3.857,1.0,0.2512019230769231,0.13278008298755187,0.306671581275341,576,3762,576,14976
-3.8525,1.0,0.25106837606837606,0.13284132841328414,0.30678466076696165,576,3760,576,14976
-3.8495,1.0,0.2510016025641026,0.1328719723183391,0.3068412317905218,576,3759,576,14976
-3.8465,1.0,0.25066773504273504,0.1330254041570439,0.307124400147656,576,3754,576,14976
-3.8435,1.0,0.25053418803418803,0.133086876155268,0.3072378138847858,576,3752,576,14976
-3.8405,1.0,0.250133547008547,0.13327163350300786,0.30757855822550834,576,3746,576,14976
-3.8375,1.0,0.25,0.13333333333333333,0.3076923076923077,576,3744,576,14976
-3.8345000000000002,1.0,0.2497996794871795,0.13342599027102153,0.3078630897317299,576,3741,576,14976
-3.8315,1.0,0.24959935897435898,0.13351877607788595,0.30803406145871903,576,3738,576,14976
-3.8285,1.0,0.24913194444444445,0.13373577896447644,0.30843373493975906,576,3731,576,14976
-3.8255,1.0,0.24886485042735043,0.13386009760632117,0.30866258579113337,576,3727,576,14976
-3.8225,1.0,0.24859775641025642,0.13398464759246337,0.30889177649897903,576,3723,576,14976
-3.8195,1.0,0.2481303418803419,0.1342031686859273,0.3092936802973978,576,3716,576,14976
-3.8165,1.0,0.24752938034188035,0.13448517394349754,0.3098119530813629,576,3707,576,14976
-3.8135,1.0,0.24712873931623933,0.1346738368014964,0.3101584342963653,576,3701,576,14976
-3.8105,1.0,0.24646100427350429,0.13498945394891024,0.3107376283846872,576,3691,576,14976
-3.8075,1.0,0.24606036324786323,0.13517953532034735,0.31108618433352025,576,3685,576,14976
-3.8045,1.0,0.24519230769230768,0.13559322033898305,0.31184407796101954,576,3672,576,14976
-3.8015,1.0,0.24499198717948717,0.13568904593639575,0.31201950121882616,576,3669,576,14976
-3.7984999999999998,1.0,0.24425747863247863,0.1360415682569674,0.3126644118752349,576,3658,576,14976
-3.7955,1.0,0.2437900641025641,0.13626685592618878,0.31307619943555975,576,3651,576,14976
-3.7925,1.0,0.24312232905982906,0.13658999288593787,0.31366635249764374,576,3641,576,14976
-3.7895,1.0,0.24245459401709402,0.13691466603280247,0.3142587346553352,576,3631,576,14976
-3.7865,1.0,0.2419871794871795,0.13714285714285715,0.3146747352496218,576,3624,576,14976
-3.7835,1.0,0.24165331196581197,0.13730631704410012,0.31497255347340525,576,3619,576,14976
-3.779,1.0,0.24145299145299146,0.13740458015267176,0.3151515151515152,576,3616,576,14976
-3.7714999999999996,1.0,0.24118589743589744,0.13753581661891118,0.3153904473085671,576,3612,576,14976
-3.7655,1.0,0.24111912393162394,0.13756866491521375,0.3154502369668246,576,3611,576,14976
-3.753,1.0,0.24105235042735043,0.13760152890587674,0.3155100492984452,576,3610,576,14976
-3.739,1.0,0.24098557692307693,0.13763440860215054,0.3155698843163285,576,3609,576,14976
-3.733,1.0,0.2406517094017094,0.13779904306220095,0.31586940015186027,576,3604,576,14976
-3.7275,1.0,0.2405181623931624,0.13786500718046912,0.31598936574249903,576,3602,576,14976
-3.7195,1.0,0.2403178418803419,0.13796407185628742,0.3161694850845525,576,3599,576,14976
-3.7110000000000003,1.0,0.23991720085470086,0.13816262892780043,0.31653034049838313,576,3593,576,14976
-3.705,1.0,0.23971688034188035,0.13826212193951032,0.3167110772744576,576,3590,576,14976
-3.701,1.0,0.2390491452991453,0.13859480269489893,0.3173150266971777,576,3580,576,14976
-3.6985,1.0,0.2389823717948718,0.13862815884476534,0.31737554835018117,576,3579,576,14976
-3.694,1.0,0.23824786324786323,0.138996138996139,0.3180428134556575,576,3568,576,14976
-3.6905,1.0,0.23804754273504272,0.1390968365129196,0.3182252820807038,576,3565,576,14976
-3.6885,1.0,0.23791399572649571,0.13916404928726744,0.3183470441936101,576,3563,576,14976
-3.6864999999999997,1.0,0.2378472222222222,0.13919768003866603,0.31840796019900497,576,3562,576,14976
-3.6845,1.0,0.23711271367521367,0.13956869396656166,0.31907957813998084,576,3551,576,14976
-3.6814999999999998,1.0,0.23691239316239315,0.1396702230843841,0.3192632386799693,576,3548,576,14976
-3.6785,1.0,0.2361111111111111,0.14007782101167315,0.32,576,3536,576,14976
-3.6765,1.0,0.2360443376068376,0.1401118949160788,0.32006155029813427,576,3535,576,14976
-3.675,1.0,0.2358440170940171,0.14021421616358326,0.3202463433410316,576,3532,576,14976
-3.6734999999999998,1.0,0.23510950854700854,0.14059067610446668,0.32092574734811957,576,3521,576,14976
-3.6719999999999997,1.0,0.23477564102564102,0.14076246334310852,0.32123552123552124,576,3516,576,14976
-3.67,1.0,0.2345753205128205,0.1408657373440939,0.32142167278346534,576,3513,576,14976
-3.6675,1.0,0.23397435897435898,0.1411764705882353,0.3219814241486068,576,3504,576,14976
-3.6654999999999998,1.0,0.23330662393162394,0.14152334152334153,0.322605661108957,576,3494,576,14976
-3.6639999999999997,1.0,0.23297275641025642,0.14169741697416974,0.3229186881428294,576,3489,576,14976
-3.6615,1.0,0.23203792735042736,0.14218711429276723,0.3237984043588246,576,3475,576,14976
-3.6595,1.0,0.23190438034188035,0.1422573474932082,0.3239244695347479,576,3473,576,14976
-3.6585,1.0,0.23137019230769232,0.14253897550111358,0.32442971339442384,576,3465,576,14976
-3.6574999999999998,1.0,0.2309027777777778,0.1427863163113535,0.3248730964467005,576,3458,576,14976
-3.6565000000000003,1.0,0.23063568376068377,0.14292803970223325,0.32512700273544354,576,3454,576,14976
-3.6550000000000002,1.0,0.2299679487179487,0.14328358208955225,0.3257635082223963,576,3444,576,14976
-3.653,1.0,0.2298344017094017,0.14335490293678446,0.3258911084998042,576,3442,576,14976
-3.6515,1.0,0.22930021367521367,0.14364089775561098,0.32640251078854454,576,3434,576,14976
-3.65,1.0,0.22909989316239315,0.1437484402295982,0.326594700686948,576,3431,576,14976
-3.6475,1.0,0.22856570512820512,0.14403600900225055,0.32710831531354434,576,3423,576,14976
-3.6455,1.0,0.2280982905982906,0.14428857715430862,0.32755905511811023,576,3416,576,14976
-3.644,1.0,0.22716346153846154,0.14479638009049775,0.32846427161468617,576,3402,576,14976
-3.6425,1.0,0.22682959401709402,0.14497860558771708,0.32878877692155706,576,3397,576,14976
-3.6414999999999997,1.0,0.22602831196581197,0.14541782378187326,0.32957021192315306,576,3385,576,14976
-3.6405000000000003,1.0,0.22596153846153846,0.14545454545454545,0.32963549920760693,576,3384,576,14976
-3.6395,1.0,0.22529380341880342,0.1458227848101266,0.33028979753870585,576,3374,576,14976
-3.638,1.0,0.22422542735042736,0.14641586171835283,0.331342094782955,576,3358,576,14976
-3.636,1.0,0.22375801282051283,0.1466768525592055,0.3318045862412762,576,3351,576,14976
-3.6334999999999997,1.0,0.22288995726495728,0.14716402657128258,0.3326669332267093,576,3338,576,14976
-3.6305,1.0,0.22182158119658119,0.1477680861980503,0.3337344564781389,576,3322,576,14976
-3.6285,1.0,0.22115384615384615,0.14814814814814814,0.3344051446945338,576,3312,576,14976
-3.627,1.0,0.2205528846153846,0.14849187935034802,0.33501107308234346,576,3303,576,14976
-3.6254999999999997,1.0,0.21988514957264957,0.14887567846988886,0.3356869074036716,576,3293,576,14976
-3.6245000000000003,1.0,0.21955128205128205,0.14906832298136646,0.3360258481421648,576,3288,576,14976
-3.6235,1.0,0.21941773504273504,0.14914552045572244,0.33616161616161616,576,3286,576,14976
-3.622,1.0,0.218883547008547,0.14945511157239233,0.3367057871307163,576,3278,576,14976
-3.6195,1.0,0.21768162393162394,0.15015641293013557,0.3379366368805849,576,3260,576,14976
-3.6165000000000003,1.0,0.21734775641025642,0.15035238841033674,0.33828013823947956,576,3255,576,14976
-3.614,1.0,0.21668002136752137,0.15074587804239728,0.3389692401711143,576,3245,576,14976
-3.6125,1.0,0.21641292735042736,0.15090385119203564,0.33924566768603465,576,3241,576,14976
-3.6115000000000004,1.0,0.21621260683760685,0.15102254850550603,0.33945328437372496,576,3238,576,14976
-3.6100000000000003,1.0,0.21607905982905984,0.15110178384050368,0.3395918367346939,576,3236,576,14976
-3.608,1.0,0.21587873931623933,0.15122079285901813,0.3397998774760057,576,3233,576,14976
-3.6055,1.0,0.2153445512820513,0.1515390686661405,0.34035590100224994,576,3225,576,14976
-3.6029999999999998,1.0,0.21514423076923078,0.15165876777251186,0.34056487924682766,576,3222,576,14976
-3.6014999999999997,1.0,0.21467681623931623,0.15193880242680033,0.34105349456855916,576,3215,576,14976
-3.6005000000000003,1.0,0.21447649572649571,0.15205913410770855,0.3412633305988515,576,3212,576,14976
-3.599,1.0,0.2143429487179487,0.15213946117274169,0.34140336479277805,576,3210,576,14976
-3.5975,1.0,0.21394230769230768,0.1523809523809524,0.3418241577649959,576,3204,576,14976
-3.5965,1.0,0.21360844017094016,0.15258278145695364,0.34217561176228667,576,3199,576,14976
-3.5955000000000004,1.0,0.21300747863247863,0.15294742432288902,0.3428100535640709,576,3190,576,14976
-3.5945,1.0,0.21294070512820512,0.15298804780876493,0.34288069235524415,576,3189,576,14976
-3.5925000000000002,1.0,0.2128071581196581,0.1530693595535477,0.34302205730777163,576,3187,576,14976
-3.5905,1.0,0.2126068376068376,0.15319148936170213,0.3432343234323433,576,3184,576,14976
-3.5895,1.0,0.21233974358974358,0.15335463258785942,0.3435177539223782,576,3180,576,14976
-3.5885,1.0,0.21220619658119658,0.15343633457645178,0.3436596447748864,576,3178,576,14976
-3.5875000000000004,1.0,0.21213942307692307,0.15347721822541965,0.3437306341664946,576,3177,576,14976
-3.5865,1.0,0.21207264957264957,0.1535181236673774,0.34380165289256204,576,3176,576,14976
-3.5854999999999997,1.0,0.21180555555555555,0.1536819637139808,0.3440860215053763,576,3172,576,14976
-3.5845000000000002,1.0,0.2111378205128205,0.15409309791332262,0.3447990053874845,576,3162,576,14976
-3.583,1.0,0.2110042735042735,0.15417558886509636,0.34494195688225543,576,3160,576,14976
-3.5815,1.0,0.2108707264957265,0.1542581681842528,0.3450850269597677,576,3158,576,14976
-3.5805,1.0,0.210803952991453,0.15429949102598448,0.34515660651317154,576,3157,576,14976
-3.5795000000000003,1.0,0.2107371794871795,0.15434083601286175,0.34522821576763485,576,3156,576,14976
-3.5780000000000003,1.0,0.21013621794871795,0.15471394037066882,0.345874038661401,576,3147,576,14976
-3.5755,1.0,0.20986912393162394,0.15488034417854263,0.34616184730601207,576,3143,576,14976
-3.5735,1.0,0.20960202991452992,0.1550471063257066,0.34645013533208413,576,3139,576,14976
-3.5715,1.0,0.2093349358974359,0.15521422797089734,0.34673890393832046,576,3135,576,14976
-3.5694999999999997,1.0,0.2091346153846154,0.1553398058252427,0.34695579649708086,576,3132,576,14976
-3.5685000000000002,1.0,0.2090678418803419,0.15538171027785272,0.3470281543274244,576,3131,576,14976
-3.5675,1.0,0.20840010683760685,0.15580200162293753,0.34775339602925814,576,3121,576,14976
-3.5645,1.0,0.20833333333333334,0.15584415584415584,0.3478260869565218,576,3120,576,14976
-3.561,1.0,0.20826655982905984,0.15588633288227335,0.34789880827932257,576,3119,576,14976
-3.5585,1.0,0.20799946581196582,0.15605526957464103,0.34818999790751204,576,3115,576,14976
-3.5564999999999998,1.0,0.20786591880341881,0.1561398753049607,0.34833577559137535,576,3113,576,14976
-3.5545,1.0,0.2076655982905983,0.1562669560499186,0.3485546711353163,576,3110,576,14976
-3.552,1.0,0.20739850427350429,0.15643671917436175,0.3488469601677149,576,3106,576,14976
-3.5505,1.0,0.20733173076923078,0.15647921760391198,0.3489201090375341,576,3105,576,14976
-3.548,1.0,0.20726495726495728,0.1565217391304348,0.3489932885906041,576,3104,576,14976
-3.5445,1.0,0.20679754273504272,0.1568200381159815,0.34950640621718126,576,3097,576,14976
-3.5415,1.0,0.20666399572649571,0.1569054753473168,0.3496532885059887,576,3095,576,14976
-3.5380000000000003,1.0,0.2064636752136752,0.15703380588876772,0.34987384356602186,576,3092,576,14976
-3.535,1.0,0.20612980769230768,0.15724815724815724,0.350242054304357,576,3087,576,14976
-3.5335,1.0,0.20599626068376067,0.15733406173176728,0.350389555695936,576,3085,576,14976
-3.5315,1.0,0.20552884615384615,0.15763546798029557,0.3509067903838043,576,3078,576,14976
-3.5294999999999996,1.0,0.20506143162393162,0.15793803125856867,0.3514255543822598,576,3071,576,14976
-3.528,1.0,0.2049946581196581,0.15798134942402633,0.35149978876214616,576,3070,576,14976
-3.5250000000000004,1.0,0.20446047008547008,0.1583287520615723,0.3520947947524333,576,3062,576,14976
-3.5215,1.0,0.20285790598290598,0.15938018815716656,0.35389196086771585,576,3038,576,14976
-3.519,1.0,0.20198985042735043,0.15995556789780616,0.3548731072723395,576,3025,576,14976
-3.5175,1.0,0.20185630341880342,0.16004445679355375,0.35502453595050143,576,3023,576,14976
-3.5155,1.0,0.20065438034188035,0.16084892488131808,0.35639323195545086,576,3005,576,14976
-3.5119999999999996,1.0,0.1998530982905983,0.1613897450266181,0.3573115739746618,576,2993,576,14976
-3.5084999999999997,1.0,0.19945245726495728,0.16166152119000843,0.3577725220382713,576,2987,576,14976
-3.5065,1.0,0.19918536324786323,0.1618432143860635,0.3580804820314181,576,2983,576,14976
-3.505,1.0,0.19891826923076922,0.1620253164556962,0.3583889726469955,576,2979,576,14976
-3.5025,1.0,0.1986511752136752,0.16220782878062517,0.35869799525759866,576,2975,576,14976
-3.4989999999999997,1.0,0.19758279914529914,0.16294200848656296,0.3599394332684404,576,2959,576,14976
-3.496,1.0,0.19731570512820512,0.1631265930331351,0.3602511366096558,576,2955,576,14976
-3.4945000000000004,1.0,0.1970486111111111,0.1633115962574426,0.36056338028169016,576,2951,576,14976
-3.4925,1.0,0.19618055555555555,0.16391576550939102,0.36158192090395475,576,2938,576,14976
-3.4905,1.0,0.19564636752136752,0.16428978893325727,0.3622115803221593,576,2930,576,14976
-3.4885,1.0,0.19557959401709402,0.1643366619115549,0.3622904419769214,576,2929,576,14976
-3.4855,1.0,0.1951121794871795,0.1646655231560892,0.36284343654600953,576,2922,576,14976
-3.4825,1.0,0.19477831196581197,0.16490123103349555,0.3632394673652041,576,2917,576,14976
-3.4795,1.0,0.19457799145299146,0.1650429799426934,0.36347750109217997,576,2914,576,14976
-3.4775,1.0,0.1938434829059829,0.1655648174762863,0.36435296693672,576,2903,576,14976
-3.4755000000000003,1.0,0.1937099358974359,0.16566005176876616,0.3645125958378971,576,2901,576,14976
-3.4725,1.0,0.1935763888888889,0.16575539568345324,0.3646723646723647,576,2899,576,14976
-3.4705000000000004,1.0,0.19317574786324787,0.1660420870567887,0.36515251261795045,576,2893,576,14976
-3.4690000000000003,1.0,0.19290865384615385,0.16623376623376623,0.36547331429826485,576,2889,576,14976
-3.4675000000000002,1.0,0.19284188034188035,0.16628175519630484,0.36555360281195076,576,2888,576,14976
-3.466,1.0,0.19264155982905984,0.16642588847154002,0.36579468014948346,576,2885,576,14976
-3.4645,1.0,0.19230769230769232,0.16666666666666666,0.3661971830985915,576,2880,576,14976
-3.4625,1.0,0.1919738247863248,0.16690814256737177,0.36660057281339503,576,2875,576,14976
-3.4595000000000002,1.0,0.19177350427350429,0.16705336426914152,0.36684303350970016,576,2872,576,14976
-3.4565,1.0,0.19130608974358973,0.16739319965126417,0.3674100242879223,576,2865,576,14976
-3.4535,1.0,0.19037126068376067,0.16807703530784943,0.36854928017718724,576,2851,576,14976
-3.4505,1.0,0.18956997863247863,0.1686676427525622,0.3695314234954475,576,2839,576,14976
-3.4485,1.0,0.18876869658119658,0.1692624155157214,0.37051881540859505,576,2827,576,14976
-3.447,1.0,0.18870192307692307,0.1693121693121693,0.3706013363028953,576,2826,576,14976
-3.4445,1.0,0.18810096153846154,0.16976127320954906,0.37134568176746263,576,2817,576,14976
-3.4415,1.0,0.187633547008547,0.17011222681630242,0.3719266875279392,576,2810,576,14976
-3.4385,1.0,0.18689903846153846,0.17066666666666666,0.3728433788931212,576,2799,576,14976
-3.4355,1.0,0.18636485042735043,0.17107217107217107,0.37351290684624017,576,2791,576,14976
-3.433,1.0,0.1856303418803419,0.17163289630512515,0.3744374437443745,576,2780,576,14976
-3.431,1.0,0.18556356837606838,0.17168405365126677,0.37452171955885666,576,2779,576,14976
-3.4285,1.0,0.18502938034188035,0.17209441290708097,0.3751972942502819,576,2771,576,14976
-3.4255,1.0,0.1843616452991453,0.1726101288582559,0.376045197740113,576,2761,576,14976
-3.4225,1.0,0.18362713675213677,0.17318099819603128,0.3769823289533303,576,2750,576,14976
-3.4195,1.0,0.18322649572649571,0.17349397590361446,0.37749546279491836,576,2744,576,14976
-3.4165,1.0,0.1828258547008547,0.17380808690404345,0.3780099954566107,576,2738,576,14976
-3.4135,1.0,0.18235844017094016,0.1741759903235561,0.3786120591581343,576,2731,576,14976
-3.4105,1.0,0.1815571581196581,0.1748103186646434,0.37964864248231805,576,2719,576,14976
-3.4074999999999998,1.0,0.1812900641025641,0.17502278942570648,0.3799954327472026,576,2715,576,14976
-3.4045,1.0,0.18102297008547008,0.17523577730453302,0.38034285714285715,576,2711,576,14976
-3.4015,1.0,0.18075587606837606,0.17544928419128847,0.38069091741020367,576,2707,576,14976
-3.3985,1.0,0.18055555555555555,0.17560975609756097,0.38095238095238093,576,2704,576,14976
-3.3949999999999996,1.0,0.18022168803418803,0.17587786259541985,0.38138895255558103,576,2699,576,14976
-3.3914999999999997,1.0,0.18015491452991453,0.17593158216249236,0.3814763869784503,576,2698,576,14976
-3.3885,1.0,0.18008814102564102,0.1759853345554537,0.3815638614996561,576,2697,576,14976
-3.3855,1.0,0.1798878205128205,0.1761467889908257,0.38182652592932537,576,2694,576,14976
-3.3825,1.0,0.1797542735042735,0.1762545899632803,0.3820018365472911,576,2692,576,14976
-3.3795,1.0,0.1796875,0.1763085399449036,0.382089552238806,576,2691,576,14976
-3.372,1.0,0.1796207264957265,0.17636252296387017,0.3821773082223243,576,2690,576,14976
-3.363,1.0,0.179553952991453,0.17641653905053598,0.3822651045256146,576,2689,576,14976
-3.2,1.0,0.1794871794871795,0.17647058823529413,0.38235294117647056,576,2688,576,14976
-3.0395000000000003,1.0,0.17942040598290598,0.17652467054857493,0.38244081820271203,576,2687,576,14976
-3.0385,1.0,0.17928685897435898,0.1766329346826127,0.38261669349275695,576,2685,576,14976
-3.037,1.0,0.17922008547008547,0.17668711656441718,0.3827046918123275,576,2684,576,14976
-3.0355,1.0,0.17888621794871795,0.17695852534562212,0.38314529127331337,576,2679,576,14976
-3.0345,1.0,0.17881944444444445,0.17701290719114934,0.3832335329341317,576,2678,576,14976
-3.0335,1.0,0.17841880341880342,0.17733990147783252,0.3837638376383764,576,2672,576,14976
-3.0324999999999998,1.0,0.1781517094017094,0.17755856966707767,0.38411819021237303,576,2668,576,14976
-3.0315000000000003,1.0,0.17768429487179488,0.17794253938832252,0.38473988439306356,576,2661,576,14976
-3.0305,1.0,0.17721688034188035,0.178328173374613,0.3853635942566002,576,2654,576,14976
-3.0294999999999996,1.0,0.17594818376068377,0.1793833696667705,0.38706675971156085,576,2635,576,14976
-3.0285,1.0,0.17541399572649571,0.1798314080549485,0.3877883943136798,576,2627,576,14976
-3.0275,1.0,0.1750801282051282,0.1801125703564728,0.3882407839477368,576,2622,576,14976
-3.0265,1.0,0.17467948717948717,0.18045112781954886,0.388785046728972,576,2616,576,14976
-3.0255,1.0,0.17381143162393162,0.1811890531613715,0.38996953363018516,576,2603,576,14976
-3.0244999999999997,1.0,0.17301014957264957,0.18187559204294285,0.39106933019976503,576,2591,576,14976
-3.0235000000000003,1.0,0.17107371794871795,0.1835564053537285,0.39375295787979175,576,2562,576,14976
-3.0225,1.0,0.17060630341880342,0.18396678377515172,0.39440625740696844,576,2555,576,14976
-3.0214999999999996,1.0,0.1703392094017094,0.18420211064918451,0.39478054567022547,576,2551,576,14976
-3.0205,1.0,0.16993856837606838,0.18455623197693047,0.3953433119505821,576,2545,576,14976
-3.0195,1.0,0.16960470085470086,0.18485237483953787,0.39581351094196,576,2540,576,14976
-3.0185,1.0,0.16907051282051283,0.18532818532818532,0.39656816015252616,576,2532,576,14976
-3.0175,1.0,0.1684027777777778,0.18592640413169786,0.39751552795031053,576,2522,576,14976
-3.0164999999999997,1.0,0.16806891025641027,0.18622696411251213,0.39799091126524755,576,2517,576,14976
-3.0155000000000003,1.0,0.16800213675213677,0.18628719275549807,0.3980861244019138,576,2516,576,14976
-3.0145,1.0,0.16786858974358973,0.18640776699029127,0.39827668741024413,576,2514,576,14976
-3.013,1.0,0.1674679487179487,0.1867704280155642,0.39884947267497606,576,2508,576,14976
-3.011,1.0,0.1672008547008547,0.18701298701298702,0.399232245681382,576,2504,576,14976
-3.0084999999999997,1.0,0.16713408119658119,0.18707372523546606,0.3993280537556996,576,2503,576,14976
-3.0065,1.0,0.16693376068376067,0.18725617685305593,0.3996157540826129,576,2500,576,14976
-3.005,1.0,0.16686698717948717,0.1873170731707317,0.3997117463367763,576,2499,576,14976
-2.9779999999999998,1.0,0.16666666666666666,0.1875,0.4,576,2496,576,14976
-2.95,1.0,0.16659989316239315,0.18756105503093454,0.4000961769656167,576,2495,576,14976
-2.944,1.0,0.16653311965811965,0.18762214983713354,0.4001924001924002,576,2494,576,14976
-2.9385,1.0,0.16633279914529914,0.18780567329638082,0.40048134777376654,576,2491,576,14976
-2.9349999999999996,1.0,0.16619925213675213,0.18792822185970637,0.40067421141343607,576,2489,576,14976
-2.9275,1.0,0.16613247863247863,0.18798955613577023,0.4007707129094413,576,2488,576,14976
-2.918,1.0,0.16606570512820512,0.188050930460333,0.40086726090098773,576,2487,576,14976
-2.912,1.0,0.16599893162393162,0.18811234487263226,0.4009638554216868,576,2486,576,14976
-2.9085,1.0,0.1658653846153846,0.18823529411764706,0.4011571841851495,576,2484,576,14976
-2.9059999999999997,1.0,0.1657318376068376,0.18835840418574232,0.4013506994693681,576,2482,576,14976
-2.904,1.0,0.1656650641025641,0.18842001962708538,0.4014475271411339,576,2481,576,14976
-2.902,1.0,0.1655315170940171,0.18854337152209494,0.4016413227130099,576,2479,576,14976
-2.9,1.0,0.16546474358974358,0.18860510805500982,0.40173829068083056,576,2478,576,14976
-2.8979999999999997,1.0,0.16526442307692307,0.1887905604719764,0.4020294757187726,576,2475,576,14976
-2.896,1.0,0.16519764957264957,0.18885245901639344,0.40212663122281295,576,2474,576,14976
-2.894,1.0,0.16493055555555555,0.18910045961917268,0.4025157232704403,576,2470,576,14976
-2.8925,1.0,0.16473023504273504,0.18928688793953335,0.4028080367949649,576,2467,576,14976
-2.891,1.0,0.16446314102564102,0.1895360315893386,0.4031984492367337,576,2463,576,14976
-2.8890000000000002,1.0,0.1640625,0.18991097922848665,0.4037854889589905,576,2457,576,14976
-2.887,1.0,0.16346153846153846,0.19047619047619047,0.4046692607003891,576,2448,576,14976
-2.885,1.0,0.16286057692307693,0.191044776119403,0.40555690957835727,576,2439,576,14976
-2.883,1.0,0.1622596153846154,0.19161676646706588,0.4064484611626771,576,2430,576,14976
-2.8810000000000002,1.0,0.16165865384615385,0.1921921921921922,0.40734394124847,576,2421,576,14976
-2.879,1.0,0.1606570512820513,0.193158953722334,0.40884520884520886,576,2406,576,14976
-2.8775,1.0,0.15992254273504272,0.19387411645910468,0.4099531904409953,576,2395,576,14976
-2.8765,1.0,0.15932158119658119,0.19446320054017555,0.41086419753086423,576,2386,576,14976
-2.875,1.0,0.15845352564102563,0.1953204476093591,0.41218726777309883,576,2373,576,14976
-2.8735,1.0,0.1577857905982906,0.19598502892140185,0.41321082691830147,576,2363,576,14976
-2.872,1.0,0.15745192307692307,0.19631901840490798,0.4137245151665838,576,2358,576,14976
-2.87,1.0,0.15678418803418803,0.19699042407660738,0.4147557328015952,576,2348,576,14976
-2.8680000000000003,1.0,0.15578258547008547,0.19800618769336542,0.41631223417563173,576,2333,576,14976
-2.866,1.0,0.15511485042735043,0.1986892031735081,0.41735640832706294,576,2323,576,14976
-2.864,1.0,0.15431356837606838,0.19951506754416348,0.4186163522012578,576,2311,576,14976
-2.8625,1.0,0.15391292735042736,0.19993057965984035,0.41924918115394305,576,2305,576,14976
-2.8615000000000004,1.0,0.15364583333333334,0.20020855057351408,0.419672131147541,576,2301,576,14976
-2.8600000000000003,1.0,0.15324519230769232,0.2006269592476489,0.4203081586259156,576,2295,576,14976
-2.8585000000000003,1.0,0.1529113247863248,0.20097697138869505,0.4208396560445119,576,2290,576,14976
-2.8575,1.0,0.1527777777777778,0.2011173184357542,0.42105263157894735,576,2288,576,14976
-2.856,1.0,0.15251068376068377,0.2013986013986014,0.42147922998986825,576,2284,576,14976
-2.8545,1.0,0.15237713675213677,0.20153953813855843,0.4216928535225545,576,2282,576,14976
-2.8535000000000004,1.0,0.15197649572649571,0.20196353436185133,0.4223350253807107,576,2276,576,14976
-2.8520000000000003,1.0,0.1516426282051282,0.20231822971549,0.42287166454891995,576,2271,576,14976
-2.8505000000000003,1.0,0.15130876068376067,0.20267417311752287,0.42340966921119594,576,2266,576,14976
-2.8485,1.0,0.15097489316239315,0.20303137116672543,0.42394904458598726,576,2261,576,14976
-2.8465,1.0,0.15050747863247863,0.20353356890459365,0.4247064828994385,576,2254,576,14976
-2.8449999999999998,1.0,0.1503071581196581,0.20374955783516094,0.4250319284802043,576,2251,576,14976
-2.8434999999999997,1.0,0.1499732905982906,0.20411055988660523,0.4255754475703325,576,2246,576,14976
-2.841,1.0,0.14970619658119658,0.2044002838892832,0.42601126472094214,576,2242,576,14976
-2.8385,1.0,0.1486378205128205,0.20556745182012848,0.42776349614395887,576,2226,576,14976
-2.8369999999999997,1.0,0.148571047008547,0.2056408425562299,0.4278734893288763,576,2225,576,14976
-2.835,1.0,0.14750267094017094,0.20682226211849192,0.4296411050864962,576,2209,576,14976
-2.8335,1.0,0.1468349358974359,0.20756756756756756,0.43075330054361893,576,2199,576,14976
-2.8325,1.0,0.1467681623931624,0.2076423936553713,0.430864836872087,576,2198,576,14976
-2.8315,1.0,0.14603365384615385,0.20846905537459284,0.4320955595949104,576,2187,576,14976
-2.8305,1.0,0.14596688034188035,0.20854453294713976,0.4322077922077922,576,2186,576,14976
-2.8295000000000003,1.0,0.14576655982905984,0.20877129394708227,0.43254484013517025,576,2183,576,14976
-2.8285,1.0,0.14536591880341881,0.2092262985833636,0.4332205154907576,576,2177,576,14976
-2.8274999999999997,1.0,0.14449786324786323,0.21021897810218979,0.43469174503657265,576,2164,576,14976
-2.8265000000000002,1.0,0.1440304487179487,0.21075740944017562,0.435488092122481,576,2157,576,14976
-2.8255,1.0,0.1438301282051282,0.210989010989011,0.4358302776322682,576,2154,576,14976
-2.8245,1.0,0.14322916666666666,0.21168687982359427,0.43686006825938567,576,2145,576,14976
-2.8235,1.0,0.14122596153846154,0.2140468227424749,0.4403281291346917,576,2115,576,14976
-2.8225,1.0,0.140491452991453,0.21492537313432836,0.4416135881104034,576,2104,576,14976
-2.8215000000000003,1.0,0.13948985042735043,0.21613508442776735,0.4433786304289901,576,2089,576,14976
-2.8205,1.0,0.13855502136752137,0.2172764994341758,0.4450387804225729,576,2075,576,14976
-2.8194999999999997,1.0,0.13768696581196582,0.21834723275208492,0.44659151905528716,576,2062,576,14976
-2.8185000000000002,1.0,0.13581730769230768,0.2206896551724138,0.44997295835586804,576,2034,576,14976
-2.8175,1.0,0.1346821581196581,0.2221365214037794,0.45205107307796794,576,2017,576,14976
-2.8165,1.0,0.13314636752136752,0.22412451361867705,0.4548933843630399,576,1994,576,14976
-2.8155,1.0,0.13214476495726496,0.225440313111546,0.4567664013175954,576,1979,576,14976
-2.8145,1.0,0.13167735042735043,0.2260596546310832,0.45764576457645767,576,1972,576,14976
-2.8135000000000003,1.0,0.13141025641025642,0.22641509433962265,0.4581497797356828,576,1968,576,14976
-2.8125,1.0,0.13067574786324787,0.2273983418870904,0.45954156310411487,576,1957,576,14976
-2.811,1.0,0.13014155982905984,0.22811881188118813,0.46055909216717406,576,1949,576,14976
-2.8095,1.0,0.13007478632478633,0.22820919175911253,0.46068660022148394,576,1948,576,14976
-2.8085,1.0,0.13000801282051283,0.22829964328180738,0.46081417889781223,576,1947,576,14976
-2.807,1.0,0.12994123931623933,0.22839016653449642,0.4609418282548476,576,1946,576,14976
-2.8049999999999997,1.0,0.12980769230769232,0.22857142857142856,0.4611973392461197,576,1944,576,14976
-2.803,1.0,0.12974091880341881,0.22866216752679636,0.4613252009980593,576,1943,576,14976
-2.801,1.0,0.1294070512820513,0.22911694510739858,0.46196557468073285,576,1938,576,14976
-2.799,1.0,0.1293402777777778,0.22920811778750497,0.46209386281588444,576,1937,576,14976
-2.7960000000000003,1.0,0.12913995726495728,0.2294820717131474,0.46247915508615894,576,1934,576,14976
-2.7935,1.0,0.12900641025641027,0.22966507177033493,0.4627363737486096,576,1932,576,14976
-2.792,1.0,0.12893963675213677,0.22975668129238133,0.46286509040333795,576,1931,576,14976
-2.7889999999999997,1.0,0.12887286324786323,0.2298483639265762,0.4629938786867001,576,1930,576,14976
-2.783,1.0,0.12867254273504272,0.23012385137834598,0.4633806739069897,576,1927,576,14976
-2.7755,1.0,0.12853899572649571,0.2303078768492603,0.46363889662858737,576,1925,576,14976
-2.7699999999999996,1.0,0.1284054487179487,0.2304921968787515,0.4638974073041539,576,1923,576,14976
-2.766,1.0,0.1283386752136752,0.23058446757405926,0.4640267707752371,576,1922,576,14976
-2.7605,1.0,0.1282719017094017,0.23067681217460953,0.46415620641562066,576,1921,576,14976
-2.5765000000000002,1.0,0.1282051282051282,0.23076923076923078,0.4642857142857143,576,1920,576,14976
-2.3955,1.0,0.12807158119658119,0.2309542902967121,0.4645449469570073,576,1918,576,14976
-2.394,1.0,0.12800480769230768,0.23104693140794225,0.46467467187936334,576,1917,576,14976
-2.392,1.0,0.12793803418803418,0.23113964686998395,0.464804469273743,576,1916,576,14976
-2.3875,1.0,0.12773771367521367,0.23141824025713137,0.46519429689684094,576,1913,576,14976
-2.383,1.0,0.12760416666666666,0.2316043425814234,0.46545454545454545,576,1911,576,14976
-2.3810000000000002,1.0,0.12753739316239315,0.23169750603378922,0.46558477895914946,576,1910,576,14976
-2.3795,1.0,0.12727029914529914,0.23207091055600323,0.4661064425770309,576,1906,576,14976
-2.378,1.0,0.12700320512820512,0.2324455205811138,0.46662927650028047,576,1902,576,14976
-2.375,1.0,0.12693643162393162,0.23253936213161083,0.4667601683029453,576,1901,576,14976
-2.3725,1.0,0.1268696581196581,0.23263327948303716,0.4668911335578002,576,1900,576,14976
-2.371,1.0,0.1267361111111111,0.232821341956346,0.4671532846715329,576,1898,576,14976
-2.3689999999999998,1.0,0.1265357905982906,0.2331040064751113,0.46754706378196126,576,1895,576,14976
-2.367,1.0,0.12640224358974358,0.2332928311057108,0.46780995220691596,576,1893,576,14976
-2.3625,1.0,0.12620192307692307,0.23357664233576642,0.4682048396173326,576,1890,576,14976
-2.358,1.0,0.12613514957264957,0.23367139959432048,0.4683366169434281,576,1889,576,14976
-2.3440000000000003,1.0,0.12606837606837606,0.23376623376623376,0.46846846846846846,576,1888,576,14976
-2.3209999999999997,1.0,0.12600160256410256,0.23386114494518878,0.4686003942551394,576,1887,576,14976
-2.3064999999999998,1.0,0.12593482905982906,0.23395613322502032,0.46873239436619724,576,1886,576,14976
-2.2984999999999998,1.0,0.12586805555555555,0.23405119869971555,0.46886446886446886,576,1885,576,14976
-2.294,1.0,0.12580128205128205,0.23414634146341465,0.4689966178128523,576,1884,576,14976
-2.292,1.0,0.12553418803418803,0.23452768729641693,0.4695259593679458,576,1880,576,14976
-2.2904999999999998,1.0,0.12546741452991453,0.23462321792260693,0.46965848151284223,576,1879,576,14976
-2.2880000000000003,1.0,0.12540064102564102,0.23471882640586797,0.4697910784867307,576,1878,576,14976
-2.285,1.0,0.12533386752136752,0.23481451284141866,0.46992375035300765,576,1877,576,14976
-2.283,1.0,0.12526709401709402,0.23491027732463296,0.4700564971751412,576,1876,576,14976
-2.2815000000000003,1.0,0.125133547008547,0.23510204081632652,0.47032221594120976,576,1874,576,14976
-2.2800000000000002,1.0,0.1250667735042735,0.2351980400163332,0.4704551880124399,576,1873,576,14976
-2.278,1.0,0.12486645299145299,0.23548650858544562,0.47085455574419927,576,1870,576,14976
-2.276,1.0,0.12466613247863248,0.23577568563241916,0.4712546020957236,576,1867,576,14976
-2.274,1.0,0.12459935897435898,0.23587223587223588,0.47138810198300285,576,1866,576,14976
-2.2725,1.0,0.12446581196581197,0.2360655737704918,0.4716553287981859,576,1864,576,14976
-2.271,1.0,0.12439903846153846,0.23616236162361623,0.47178905585483416,576,1863,576,14976
-2.269,1.0,0.12419871794871795,0.23645320197044334,0.47219069239500566,576,1860,576,14976
-2.267,1.0,0.12379807692307693,0.23703703703703705,0.472996020466174,576,1854,576,14976
-2.2645,1.0,0.12373130341880342,0.23713462330177026,0.473130508956497,576,1853,576,14976
-2.262,1.0,0.12359775641025642,0.2373300370828183,0.47339971550497867,576,1851,576,14976
-2.26,1.0,0.12346420940170941,0.23752577319587628,0.4736692285795616,576,1849,576,14976
-2.258,1.0,0.1233974358974359,0.2376237623762376,0.4738041002277904,576,1848,576,14976
-2.2565,1.0,0.1233306623931624,0.23772183243912506,0.4739390487040729,576,1847,576,14976
-2.2539999999999996,1.0,0.12306356837606838,0.23811492352211658,0.47447961220416307,576,1843,576,14976
-2.251,1.0,0.12299679487179487,0.23821339950372208,0.4746149458071877,576,1842,576,14976
-2.249,1.0,0.12293002136752136,0.23831195697145222,0.47475035663338094,576,1841,576,14976
-2.2445000000000004,1.0,0.12279647435897435,0.23850931677018633,0.4750214102198116,576,1839,576,14976
-2.2405,1.0,0.12266292735042734,0.23870700372979695,0.4752927734932877,576,1837,576,14976
-2.239,1.0,0.12259615384615384,0.23880597014925373,0.4754285714285714,576,1836,576,14976
-2.2359999999999998,1.0,0.12246260683760683,0.23900414937759337,0.47570040022870214,576,1834,576,14976
-2.2315,1.0,0.12239583333333333,0.23910336239103364,0.47583643122676583,576,1833,576,14976
-2.2279999999999998,1.0,0.12232905982905982,0.23920265780730898,0.4759725400457666,576,1832,576,14976
-2.226,1.0,0.12219551282051282,0.23940149625935161,0.47624499141385235,576,1830,576,14976
-2.2225,1.0,0.12212873931623931,0.23950103950103951,0.47638133409676503,576,1829,576,14976
-2.218,1.0,0.12206196581196581,0.23960066555740434,0.47651775486827036,576,1828,576,14976
-2.2155,1.0,0.1219284188034188,0.23980016652789343,0.47679083094555874,576,1826,576,14976
-2.2075,1.0,0.12179487179487179,0.24,0.47706422018348627,576,1824,576,14976
-2.1995,1.0,0.12172809829059829,0.240100041684035,0.4772010324060797,576,1823,576,14976
-2.1985,1.0,0.12166132478632478,0.24020016680567138,0.47733792312105566,576,1822,576,14976
-2.1965,1.0,0.12152777777777778,0.24040066777963273,0.47761194029850745,576,1820,576,14976
-2.194,1.0,0.12146100427350427,0.2405010438413361,0.4777490668963537,576,1819,576,14976
-2.1925,1.0,0.12139423076923077,0.24060150375939848,0.4778862722573234,576,1818,576,14976
-2.1915,1.0,0.12132745726495726,0.24070204763894693,0.4780235564492962,576,1817,576,14976
-2.19,1.0,0.12119391025641026,0.24090338770388958,0.47829836159816036,576,1815,576,14976
-2.1879999999999997,1.0,0.12106036324786325,0.2411050648807032,0.47857348288754675,576,1813,576,14976
-2.1864999999999997,1.0,0.12099358974358974,0.24120603015075376,0.47871116225546606,576,1812,576,14976
-2.1855,1.0,0.12092681623931624,0.24130708001675744,0.4788489208633093,576,1811,576,14976
-2.1845,1.0,0.12079326923076923,0.24150943396226415,0.47912467607255976,576,1809,576,14976
-2.1835,1.0,0.12065972222222222,0.24171212757028956,0.47940074906367036,576,1807,576,14976
-2.1805,1.0,0.12045940170940171,0.24201680672268908,0.4798154555940023,576,1804,576,14976
-2.175,1.0,0.12039262820512821,0.2421185372005044,0.47995385059128925,576,1803,576,14976
-2.1710000000000003,1.0,0.1202590811965812,0.24232225494320572,0.4802308802308803,576,1801,576,14976
-2.1675,1.0,0.12012553418803419,0.24252631578947367,0.48050822985850417,576,1799,576,14976
-2.1639999999999997,1.0,0.12005876068376069,0.2426284751474305,0.4806470248411323,576,1798,576,14976
-2.162,1.0,0.11999198717948718,0.2427307206068268,0.48078590002889343,576,1797,576,14976
-2.16,1.0,0.11992521367521368,0.24283305227655985,0.48092485549132946,576,1796,576,14976
-2.1585,1.0,0.11985844017094018,0.24293547026571066,0.481063891298063,576,1795,576,14976
-2.1574999999999998,1.0,0.11972489316239317,0.24314056563951034,0.48134220422331503,576,1793,576,14976
-2.1565000000000003,1.0,0.11945779914529915,0.24355179704016913,0.4818997972777295,576,1789,576,14976
-2.1550000000000002,1.0,0.11932425213675214,0.2437579348286077,0.4821790785279629,576,1787,576,14976
-2.1535,1.0,0.11925747863247864,0.2438611346316681,0.48231884057971014,576,1786,576,14976
-2.1525,1.0,0.11912393162393162,0.2440677966101695,0.4825986078886311,576,1784,576,14976
-2.1515,1.0,0.11899038461538461,0.24427480916030533,0.4828786999419617,576,1782,576,14976
-2.1505,1.0,0.1188568376068376,0.24448217317487267,0.48315911730545885,576,1780,576,14976
-2.1494999999999997,1.0,0.11838942307692307,0.24521072796934865,0.4841431480942683,576,1773,576,14976
-2.1485000000000003,1.0,0.11832264957264957,0.2453151618398637,0.48428405122235163,576,1772,576,14976
-2.1475,1.0,0.11805555555555555,0.24573378839590443,0.4848484848484849,576,1768,576,14976
-2.1464999999999996,1.0,0.11772168803418803,0.24625908507909364,0.4855558797782317,576,1763,576,14976
-2.1455,1.0,0.11765491452991453,0.24636441402908468,0.485697606538237,576,1762,576,14976
-2.1445,1.0,0.1171207264957265,0.24721030042918454,0.48683440608543005,576,1754,576,14976
-2.1435,1.0,0.11658653846153846,0.24806201550387597,0.4879765395894428,576,1746,576,14976
-2.1425,1.0,0.11645299145299146,0.2482758620689655,0.4882629107981221,576,1744,576,14976
-2.1414999999999997,1.0,0.11598557692307693,0.2490272373540856,0.4892678623934137,576,1737,576,14976
-2.1405000000000003,1.0,0.11498397435897435,0.2506527415143603,0.4914353219137626,576,1722,576,14976
-2.1395,1.0,0.11491720085470085,0.2507618632999565,0.4915805022156573,576,1721,576,14976
-2.1384999999999996,1.0,0.11424946581196581,0.25185832968954963,0.4930370370370371,576,1711,576,14976
-2.137,1.0,0.11324786324786325,0.2535211267605634,0.49523809523809526,576,1696,576,14976
-2.1355,1.0,0.11197916666666667,0.255659121171771,0.49805447470817116,576,1677,576,14976
-2.1345,1.0,0.11144497863247864,0.25657015590200444,0.4992499249924992,576,1669,576,14976
-2.1334999999999997,1.0,0.11117788461538461,0.2570281124497992,0.4998498047461701,576,1665,576,14976
-2.1325000000000003,1.0,0.11051014957264957,0.2581801882563873,0.501355830069298,576,1655,576,14976
-2.1310000000000002,1.0,0.10997596153846154,0.2591093117408907,0.5025672002416188,576,1647,576,14976
-2.1295,1.0,0.10950854700854701,0.259927797833935,0.5036319612590799,576,1640,576,14976
-2.128,1.0,0.10864049145299146,0.2614616432137994,0.5056213916742631,576,1627,576,14976
-2.1265,1.0,0.1076388888888889,0.263254113345521,0.5079365079365079,576,1612,576,14976
-2.125,1.0,0.10670405982905982,0.26494940202391903,0.510116492949111,576,1598,576,14976
-2.1235,1.0,0.10616987179487179,0.2659279778393352,0.5113706207744315,576,1590,576,14976
-2.1225,1.0,0.10596955128205128,0.26629680998613037,0.511842509996924,576,1587,576,14976
-2.1215,1.0,0.10590277777777778,0.2664199814986124,0.512,576,1586,576,14976
-2.1205,1.0,0.10576923076923077,0.26666666666666666,0.5123152709359606,576,1584,576,14976
-2.1189999999999998,1.0,0.10556891025641026,0.2670375521557719,0.5127889060092451,576,1581,576,14976
-2.1174999999999997,1.0,0.10530181623931624,0.2675336739433349,0.5134217834001852,576,1577,576,14976
-2.116,1.0,0.10516826923076923,0.26778242677824265,0.5137388082741586,576,1575,576,14976
-2.1135,1.0,0.10510149572649573,0.26790697674418606,0.5138974675725757,576,1574,576,14976
-2.1105,1.0,0.10503472222222222,0.2680316426244765,0.5140562248995985,576,1573,576,14976
-2.0335,1.0,0.10490117521367522,0.26828132277596645,0.5143740340030911,576,1571,576,14976
-1.95,1.0,0.10483440170940171,0.2684063373718546,0.5145330859616574,576,1570,576,14976
-1.94,1.0,0.1046340811965812,0.268782081194587,0.515010832559579,576,1567,576,14976
-1.935,1.0,0.1045673076923077,0.2689075630252101,0.5151702786377709,576,1566,576,14976
-1.9304999999999999,1.0,0.10450053418803419,0.2690331620737973,0.5153298234747601,576,1565,576,14976
-1.9275,1.0,0.10443376068376069,0.2691588785046729,0.5154894671623297,576,1564,576,14976
-1.924,1.0,0.10436698717948718,0.26928471248246844,0.5156492097923768,576,1563,576,14976
-1.9205,1.0,0.10409989316239317,0.26978922716627635,0.5162891715792739,576,1559,576,14976
-1.9175,1.0,0.10396634615384616,0.270042194092827,0.5166097485253027,576,1557,576,14976
-1.9144999999999999,1.0,0.10389957264957266,0.2701688555347092,0.5167701863354037,576,1556,576,14976
-1.9095,1.0,0.10369925213675214,0.2705495537811179,0.517252098228163,576,1553,576,14976
-1.9045,1.0,0.10336538461538461,0.2711864406779661,0.5180572851805728,576,1548,576,14976
-1.9015,1.0,0.10309829059829059,0.27169811320754716,0.5187032418952618,576,1544,576,14976
-1.8984999999999999,1.0,0.10283119658119658,0.2722117202268431,0.519350811485643,576,1540,576,14976
-1.8955,1.0,0.10223023504273504,0.273374466065496,0.5208137715179968,576,1531,576,14976
-1.892,1.0,0.10202991452991453,0.2737642585551331,0.5213032581453634,576,1528,576,14976
-1.8885,1.0,0.10182959401709402,0.27415516420752023,0.5217936657259329,576,1525,576,14976
-1.8855,1.0,0.10142895299145299,0.2749403341288783,0.5227772541627395,576,1519,576,14976
-1.8824999999999998,1.0,0.10122863247863248,0.27533460803059273,0.5232704402515723,576,1516,576,14976
-1.8795,1.0,0.10096153846153846,0.27586206896551724,0.5239294710327456,576,1512,576,14976
-1.876,1.0,0.10056089743589744,0.276657060518732,0.5249211356466876,576,1506,576,14976
-1.8725,1.0,0.10002670940170941,0.2777242044358727,0.5262492093611638,576,1498,576,14976
-1.8695,1.0,0.09969284188034189,0.27839536007733207,0.5270826734241368,576,1493,576,14976
-1.8665,1.0,0.09875801282051282,0.28029197080291973,0.5294304804327076,576,1479,576,14976
-1.8635000000000002,1.0,0.09822382478632478,0.28138739618954567,0.5307814992025518,576,1471,576,14976
-1.86,1.0,0.09782318376068376,0.2822146006859383,0.5317992968999681,576,1465,576,14976
-1.8565,1.0,0.09775641025641026,0.2823529411764706,0.5319693094629157,576,1464,576,14976
-1.8535,1.0,0.09742254273504274,0.28304668304668307,0.5328210054434839,576,1459,576,14976
-1.8505,1.0,0.09668803418803419,0.2845849802371542,0.5347043701799487,576,1448,576,14976
-1.8475000000000001,1.0,0.09561965811965811,0.2868525896414343,0.537467700258398,576,1432,576,14976
-1.844,1.0,0.09521901709401709,0.28771228771228774,0.5385113268608415,576,1426,576,14976
-1.8405,1.0,0.09448450854700854,0.28930185836263184,0.5404352062357909,576,1415,576,14976
-1.8375,1.0,0.09354967948717949,0.291350531107739,0.5429037520391516,576,1401,576,14976
-1.8355000000000001,1.0,0.09168002136752136,0.2955361723961006,0.5479091208429371,576,1373,576,14976
-1.834,1.0,0.09154647435897435,0.29583975346687214,0.5482701812191104,576,1371,576,14976
-1.8315000000000001,1.0,0.09101228632478632,0.29706034038164003,0.5497191939213744,576,1363,576,14976
-1.828,1.0,0.08967681623931624,0.30015633142261594,0.5533754572663785,576,1343,576,14976
-1.8245,1.0,0.08860844017094018,0.30267997898055704,0.5563356736877298,576,1327,576,14976
-1.8215,1.0,0.0876736111111111,0.304923239809423,0.5589519650655023,576,1313,576,14976
-1.8195000000000001,1.0,0.08700587606837606,0.3065460351250665,0.5608358611391978,576,1303,576,14976
-1.818,1.0,0.08673878205128205,0.3072,0.5615929800877488,576,1299,576,14976
-1.8155000000000001,1.0,0.08607104700854701,0.3088471849865952,0.5634947511005758,576,1289,576,14976
-1.8135,1.0,0.08553685897435898,0.31017770597738287,0.5650254668930391,576,1281,576,14976
-1.8119999999999998,1.0,0.08486912393162394,0.3118570655116405,0.5669505962521294,576,1271,576,14976
-1.8105,1.0,0.08473557692307693,0.3121951219512195,0.5673371974087965,576,1269,576,14976
-1.8090000000000002,1.0,0.0843349358974359,0.3132137030995106,0.5685001708233686,576,1263,576,14976
-1.8075,1.0,0.08393429487179487,0.3142389525368249,0.5696679219445395,576,1257,576,14976
-1.8065,1.0,0.08340010683760683,0.3156164383561644,0.5712324064538277,576,1249,576,14976
-1.8054999999999999,1.0,0.08313301282051282,0.3163097199341021,0.5720178755586113,576,1245,576,14976
-1.8045,1.0,0.08299946581196581,0.3166575041231446,0.5724114207086344,576,1243,576,14976
-1.8035,1.0,0.08273237179487179,0.31735537190082647,0.5732001377884947,576,1239,576,14976
-1.802,1.0,0.08259882478632478,0.3177054605626034,0.5735953119613927,576,1237,576,14976
-1.7999999999999998,1.0,0.08193108974358974,0.3194675540765391,0.5755793842960913,576,1227,576,14976
-1.7985,1.0,0.08179754273504274,0.3198223209328151,0.5759778470058844,576,1225,576,14976
-1.7974999999999999,1.0,0.08166399572649573,0.32017787659811003,0.5763768617942501,576,1223,576,14976
-1.7965,1.0,0.0812633547008547,0.32124930284439485,0.5775772301284277,576,1217,576,14976
-1.795,1.0,0.08072916666666667,0.3226890756302521,0.5791855203619909,576,1209,576,14976
-1.7930000000000001,1.0,0.08059561965811966,0.32305103757711723,0.5795889933820968,576,1207,576,14976
-1.7915,1.0,0.08046207264957266,0.32341381246490736,0.5799930289299408,576,1205,576,14976
-1.7905,1.0,0.08032852564102565,0.32377740303541314,0.5803976281827694,576,1203,576,14976
-1.7890000000000001,1.0,0.08019497863247864,0.3241418120427687,0.5808027923211169,576,1201,576,14976
-1.7875,1.0,0.07939369658119658,0.3263456090651558,0.5832457062740974,576,1189,576,14976
-1.786,1.0,0.07912660256410256,0.3270868824531516,0.5840645840645841,576,1185,576,14976
-1.7845,1.0,0.07845886752136752,0.3289548829240434,0.5861218738992604,576,1175,576,14976
-1.7835,1.0,0.07832532051282051,0.3293310463121784,0.5865350722594289,576,1173,576,14976
-1.7825,1.0,0.07632211538461539,0.33507853403141363,0.5928037050231565,576,1143,576,14976
-1.7814999999999999,1.0,0.07605502136752136,0.3358600583090379,0.5936496610774171,576,1139,576,14976
-1.7805,1.0,0.07445245726495726,0.34062684801892373,0.5987765383231378,576,1115,576,14976
-1.7795,1.0,0.07311698717948718,0.34470377019748655,0.6031170714026821,576,1095,576,14976
-1.7785,1.0,0.07271634615384616,0.34594594594594597,0.6044315292408282,576,1089,576,14976
-1.7774999999999999,1.0,0.07098023504273504,0.35143380109823064,0.6101943527686102,576,1063,576,14976
-1.7765,1.0,0.06884348290598291,0.358431860609832,0.6174397031539888,576,1031,576,14976
-1.7755,1.0,0.06637286324786325,0.3668789808917197,0.6260346124905944,576,994,576,14976
-1.7745,1.0,0.0641025641025641,0.375,0.6341463414634146,576,960,576,14976
-1.7734999999999999,1.0,0.062433226495726496,0.3812045003309067,0.6402462485571373,576,935,576,14976
-1.7725,1.0,0.05909455128205128,0.3942505133470226,0.6528050215770891,576,885,576,14976
-1.7715,1.0,0.057491987179487176,0.40083507306889354,0.659009900990099,576,861,576,14976
-1.7705,1.0,0.055088141025641024,0.41113490364025695,0.6685415829650462,576,825,576,14976
-1.7694999999999999,1.0,0.0531517094017094,0.4198250728862974,0.6764227642276424,576,796,576,14976
-1.7685,1.0,0.050881410256410256,0.4304932735426009,0.6859027205276175,576,762,576,14976
-1.7675,1.0,0.050347222222222224,0.4330827067669173,0.6881720430107526,576,754,576,14976
-1.7665,1.0,0.048677884615384616,0.4413793103448276,0.6953614709569578,576,729,576,14976
-1.7654999999999998,1.0,0.047142094017094016,0.44929797191887677,0.7021097046413501,576,706,576,14976
-1.7645,1.0,0.04607371794871795,0.4549763033175355,0.7068819031435853,576,690,576,14976
-1.7635,1.0,0.045405982905982904,0.4585987261146497,0.7098976109215017,576,680,576,14976
-1.7625,1.0,0.04360309829059829,0.46867371847030104,0.7181700474751833,576,653,576,14976
-1.7614999999999998,1.0,0.04266826923076923,0.4740740740740741,0.7225358228397742,576,639,576,14976
-1.7605,1.0,0.042534722222222224,0.4748557295960429,0.7231638418079095,576,637,576,14976
-1.7595,1.0,0.0421340811965812,0.4772162386081193,0.7250544662309368,576,631,576,14976
-1.7585,1.0,0.04193376068376068,0.47840531561461797,0.7260034904013961,576,628,576,14976
-1.7574999999999998,1.0,0.041666666666666664,0.48,0.7272727272727273,576,624,576,14976
-1.7565,1.0,0.04159989316239316,0.48040033361134277,0.7275907302142546,576,623,576,14976
-1.7555,1.0,0.04079861111111111,0.485256950294861,0.7314285714285714,576,611,576,14976
-1.7545,1.0,0.04073183760683761,0.4856661045531197,0.731750219876869,576,610,576,14976
-1.7534999999999998,1.0,0.040665064102564104,0.4860759493670886,0.732072151341839,576,609,576,14976
-1.7525,1.0,0.03986378205128205,0.49104859335038364,0.7359575409111013,576,597,576,14976
-1.751,1.0,0.039797008547008544,0.49146757679180886,0.736283185840708,576,596,576,14976
-1.7485,1.0,0.039663461538461536,0.49230769230769234,0.7369353410097432,576,594,576,14976
-1.745,1.0,0.03926282051282051,0.4948453608247423,0.7388987566607459,576,588,576,14976
-1.7415,1.0,0.03859508547008547,0.49913344887348354,0.7421944692239073,576,578,576,14976
-1.702,1.0,0.038461538461538464,0.5,0.7428571428571428,576,576,576,14976
-1.6625,1.0,0.03839476495726496,0.5004344048653345,0.743188923626619,576,575,576,14976
-1.6595,1.0,0.038327991452991456,0.5008695652173913,0.7435210008936551,576,574,576,14976
-1.656,1.0,0.038127670940170943,0.5021795989537925,0.7445190156599553,576,571,576,14976
-1.6524999999999999,1.0,0.037927350427350424,0.5034965034965035,0.7455197132616488,576,568,576,14976
-1.649,1.0,0.037593482905982904,0.5057067603160668,0.7471935339021104,576,563,576,14976
-1.6455,1.0,0.03739316239316239,0.5070422535211268,0.7482014388489209,576,560,576,14976
-1.642,1.0,0.037126068376068376,0.508833922261484,0.7495495495495496,576,556,576,14976
-1.6385,1.0,0.036591880341880344,0.5124555160142349,0.7522603978300181,576,548,576,14976
-1.6355,1.0,0.03632478632478633,0.5142857142857142,0.7536231884057971,576,544,576,14976
-1.632,1.0,0.036057692307692304,0.5161290322580645,0.7549909255898367,576,540,576,14976
-1.6284999999999998,1.0,0.035590277777777776,0.5193868349864743,0.7573964497041421,576,533,576,14976
-1.625,1.0,0.03498931623931624,0.5236363636363637,0.7605118829981719,576,524,576,14976
-1.6215000000000002,1.0,0.034254807692307696,0.5289256198347108,0.7643546164446485,576,513,576,14976
-1.618,1.0,0.033720619658119656,0.5328399629972248,0.7671738128169664,576,505,576,14976
-1.6145,1.0,0.033186431623931624,0.5368126747437092,0.7700138824618233,576,497,576,14976
-1.6115,1.0,0.03291933760683761,0.538821328344247,0.7714418173388967,576,493,576,14976
-1.608,1.0,0.032719017094017096,0.5403377110694184,0.7725162488393685,576,490,576,14976
-1.6045,1.0,0.03211805555555555,0.5449385052034059,0.7757575757575758,576,481,576,14976
-1.601,1.0,0.031650641025641024,0.5485714285714286,0.7782974742750234,576,474,576,14976
-1.5975000000000001,1.0,0.030782585470085472,0.5554484088717454,0.7830588235294118,576,461,576,14976
-1.594,1.0,0.030448717948717948,0.5581395348837209,0.7849056603773585,576,456,576,14976
-1.5905,1.0,0.030248397435897436,0.5597667638483965,0.786017949929145,576,453,576,14976
-1.5875,1.0,0.030114850427350428,0.560856864654333,0.7867612293144208,576,451,576,14976
-1.584,1.0,0.029780982905982904,0.5636007827788649,0.7886255924170616,576,446,576,14976
-1.5805,1.0,0.029513888888888888,0.5658153241650294,0.7901234567901235,576,442,576,14976
-1.577,1.0,0.029313568376068376,0.5674876847290641,0.7912505943889682,576,439,576,14976
-1.5735000000000001,1.0,0.028912927350427352,0.5708622398414271,0.7935145445875059,576,433,576,14976
-1.57,1.0,0.02844551282051282,0.5748502994011976,0.7961722488038278,576,426,576,14976
-1.5665,1.0,0.028178418803418804,0.5771543086172345,0.7976989453499521,576,422,576,14976
-1.5615,1.0,0.027777777777777776,0.5806451612903226,0.8,576,416,576,14976
-1.5545,1.0,0.027711004273504272,0.5812310797174571,0.8003848003848004,576,415,576,14976
-1.5495,1.0,0.027377136752136752,0.5841784989858012,0.802314368370299,576,410,576,14976
-1.5474999999999999,1.0,0.026909722222222224,0.5883554647599591,0.8050314465408805,576,403,576,14976
-1.5455,1.0,0.026842948717948716,0.588957055214724,0.8054211035818006,576,402,576,14976
-1.5425,1.0,0.026442307692307692,0.5925925925925926,0.8077669902912622,576,396,576,14976
-1.54,1.0,0.026175213675213676,0.5950413223140496,0.8093385214007782,576,392,576,14976
-1.5385,1.0,0.026108440170940172,0.5956566701137539,0.8097323600973236,576,391,576,14976
-1.5375,1.0,0.026041666666666668,0.5962732919254659,0.810126582278481,576,390,576,14976
-1.536,1.0,0.025841346153846152,0.5981308411214953,0.8113115553388591,576,387,576,14976
-1.5339999999999998,1.0,0.025574252136752136,0.6006256517205423,0.8128969223253542,576,383,576,14976
-1.532,1.0,0.025173611111111112,0.6044071353620147,0.8152866242038217,576,377,576,14976
-1.5299999999999998,1.0,0.02470619658119658,0.6088794926004228,0.8180924287118977,576,370,576,14976
-1.5285,1.0,0.02437232905982906,0.61211477151966,0.8201084277969443,576,365,576,14976
-1.5274999999999999,1.0,0.02377136752136752,0.6180257510729614,0.8237623762376237,576,356,576,14976
-1.5265,1.0,0.023571047008547008,0.620021528525296,0.8249876053544869,576,353,576,14976
-1.525,1.0,0.02283653846153846,0.6274509803921569,0.8295114656031904,576,342,576,14976
-1.5230000000000001,1.0,0.021768162393162392,0.6385809312638581,0.8361809045226131,576,326,576,14976
-1.521,1.0,0.021300747863247864,0.6435754189944134,0.8391326273323247,576,319,576,14976
-1.5190000000000001,1.0,0.02063301282051282,0.6508474576271186,0.843385707045109,576,309,576,14976
-1.517,1.0,0.020365918803418804,0.6538024971623155,0.8450990350431691,576,305,576,14976
-1.5150000000000001,1.0,0.019831730769230768,0.6597938144329897,0.8485466598674145,576,297,576,14976
-1.513,1.0,0.019230769230769232,0.6666666666666666,0.8524590163934427,576,288,576,14976
-1.5110000000000001,1.0,0.018696581196581196,0.6728971962616822,0.8559670781893004,576,280,576,14976
-1.509,1.0,0.018295940170940172,0.6776470588235294,0.8586171310629516,576,274,576,14976
-1.5070000000000001,1.0,0.018162393162393164,0.6792452830188679,0.859504132231405,576,272,576,14976
-1.505,1.0,0.017694978632478632,0.6848989298454221,0.8626231207879731,576,265,576,14976
-1.5030000000000001,1.0,0.017427884615384616,0.6881720430107527,0.8644155844155844,576,261,576,14976
-1.501,1.0,0.016960470085470084,0.6939759036144578,0.867570385818561,576,254,576,14976
-1.499,1.0,0.01655982905982906,0.6990291262135923,0.8702928870292886,576,248,576,14976
-1.4969999999999999,1.0,0.016092414529914528,0.7050183598531212,0.873490813648294,576,241,576,14976
-1.495,1.0,0.015424679487179488,0.7137546468401487,0.8781002638522427,576,231,576,14976
-1.4935,1.0,0.015291132478632478,0.715527950310559,0.879027997886952,576,229,576,14976
-1.492,1.0,0.014890491452991452,0.72090112640801,0.8818229994700584,576,223,576,14976
-1.4900000000000002,1.0,0.014489850427350428,0.7263556116015133,0.8846358320042531,576,217,576,14976
-1.488,1.0,0.01422275641025641,0.7300380228136882,0.8865210442194993,576,213,576,14976
-1.4860000000000002,1.0,0.014155982905982906,0.7309644670050761,0.8869936034115139,576,212,576,14976
-1.484,1.0,0.013822115384615384,0.735632183908046,0.8893639764831641,576,207,576,14976
-1.4820000000000002,1.0,0.013621794871794872,0.7384615384615385,0.8907922912205568,576,204,576,14976
-1.479,1.0,0.013555021367521368,0.7394094993581515,0.8912694161756829,576,203,576,14976
-1.476,1.0,0.013488247863247864,0.7403598971722365,0.8917470525187567,576,202,576,14976
-1.4735,1.0,0.013421474358974358,0.7413127413127413,0.8922252010723861,576,201,576,14976
-1.4705,1.0,0.013354700854700854,0.7422680412371134,0.8927038626609443,576,200,576,14976
-1.467,1.0,0.013221153846153846,0.7441860465116279,0.8936627282491945,576,198,576,14976
-1.464,1.0,0.013154380341880342,0.7451487710219923,0.8941429339065019,576,197,576,14976
-1.4625,1.0,0.013087606837606838,0.7461139896373057,0.8946236559139785,576,196,576,14976
-1.455,1.0,0.01295405982905983,0.7480519480519481,0.8955866523143164,576,194,576,14976
-1.1989999999999998,1.0,0.01282051282051282,0.75,0.896551724137931,576,192,576,14976
-0.947,1.0,0.012753739316239316,0.7509778357235984,0.8970350404312668,576,191,576,14976
-0.938,1.0,0.012686965811965812,0.7519582245430809,0.8975188781014024,576,190,576,14976
-0.929,1.0,0.0124866452991453,0.7549148099606815,0.8989735278227985,576,187,576,14976
-0.923,1.0,0.01235309829059829,0.7568988173455979,0.8999459167117361,576,185,576,14976
-0.914,1.0,0.012152777777777778,0.7598944591029023,0.9014084507042254,576,182,576,14976
-0.905,1.0,0.01188568376068376,0.7639257294429708,0.9033659066232356,576,178,576,14976
-0.899,1.0,0.011752136752136752,0.7659574468085106,0.9043478260869565,576,176,576,14976
-0.893,1.0,0.011685363247863248,0.7669773635153129,0.9048395867319194,576,175,576,14976
-0.887,1.0,0.01155181623931624,0.7690253671562083,0.9058247142079477,576,173,576,14976
-0.8775,1.0,0.011485042735042736,0.7700534759358288,0.906318082788671,576,172,576,14976
-0.868,1.0,0.011351495726495726,0.7721179624664879,0.9073064340239912,576,170,576,14976
-0.862,1.0,0.01108440170940171,0.7762803234501348,0.9092896174863387,576,166,576,14976
-0.856,1.0,0.010683760683760684,0.782608695652174,0.912280701754386,576,160,576,14976
-0.85,1.0,0.010216346153846154,0.7901234567901234,0.9157952669235003,576,153,576,14976
-0.844,1.0,0.009748931623931624,0.7977839335180056,0.9193370165745857,576,146,576,14976
-0.838,1.0,0.009615384615384616,0.8,0.9203539823008849,576,144,576,14976
-0.832,1.0,0.009014423076923076,0.810126582278481,0.924958310172318,576,135,576,14976
-0.826,1.0,0.008613782051282052,0.8170212765957446,0.928053541550474,576,129,576,14976
-0.82,1.0,0.007612179487179487,0.8347826086956521,0.935883014623172,576,114,576,14976
-0.8140000000000001,1.0,0.007077991452991453,0.844574780058651,0.9401129943502824,576,106,576,14976
-0.808,1.0,0.006276709401709402,0.8597014925373134,0.9465301478953355,576,94,576,14976
-0.802,1.0,0.005408653846153846,0.8767123287671232,0.9535816618911175,576,81,576,14976
-0.796,1.0,0.004340277777777778,0.8985959438377535,0.9624060150375939,576,65,576,14976
-0.79,1.0,0.003672542735042735,0.9128367670364501,0.9680046538685282,576,55,576,14976
-0.784,1.0,0.0030048076923076925,0.927536231884058,0.9736688121708601,576,45,576,14976
-0.778,1.0,0.002403846153846154,0.9411764705882353,0.9788235294117646,576,36,576,14976
-0.769,1.0,0.0022702991452991455,0.9442622950819672,0.9799764428739693,576,34,576,14976
-0.7565,1.0,0.0020699786324786325,0.9489291598023064,0.9817109144542774,576,31,576,14976
-0.747,1.0,0.001936431623931624,0.9520661157024793,0.9828706438275252,576,29,576,14976
-0.741,1.0,0.0018028846153846155,0.9552238805970149,0.984033116499113,576,27,576,14976
-0.735,1.0,0.0016025641025641025,0.96,0.9857819905213271,576,24,576,14976
-0.729,1.0,0.001469017094017094,0.9632107023411371,0.9869513641755635,576,22,576,14976
-0.723,1.0,0.001201923076923077,0.9696969696969697,0.9892984542211654,576,18,576,14976
-0.717,1.0,0.000734508547008547,0.9812606473594548,0.9934328358208956,576,11,576,14976
-0.711,1.0,0.0006677350427350427,0.9829351535836177,0.994026284348865,576,10,576,14976
-0.705,1.0,0.00020032051282051281,0.9948186528497409,0.9982003599280144,576,3,576,14976
-0.696,1.0,6.677350427350428e-05,0.9982668977469671,0.9993993993993994,576,1,576,14976
-0.345,1.0,0.0,1.0,1.0,576,0,576,14976
1.0,0.0,0.0,1.0,1.0,0,0,576,14976
