seuil,rappel,fpr,precision_grille,precision_prevalence,tp,fp,n_pos,n_neg
-13.041,1.0,1.0,0.047619047619047616,0.1,576,11520,576,11520
-12.024000000000001,1.0,0.9993055555555556,0.04765056254136334,0.10006253908692933,576,11512,576,11520
-11.99,1.0,0.9990451388888889,0.047662391394290446,0.10008601141606069,576,11509,576,11520
-11.956,1.0,0.9985243055555556,0.047686066727378094,0.10013298912618322,576,11503,576,11520
-11.922,1.0,0.9980902777777778,0.047705814146099056,0.10017217091876664,576,11498,576,11520
-11.888,1.0,0.9978298611111112,0.047717670449838455,0.10019569471624266,576,11495,576,11520
-11.854,1.0,0.9970486111111111,0.04775327474713978,0.10026633244555852,576,11486,576,11520
-11.82,1.0,0.9958333333333333,0.04780876494023904,0.10037641154328733,576,11472,576,11520
-11.786000000000001,1.0,0.9948784722222223,0.047852454930630554,0.10046307197237267,576,11461,576,11520
-11.751999999999999,1.0,0.9934027777777777,0.04792013311148086,0.10059729644765798,576,11444,576,11520
-11.718,1.0,0.9915798611111111,0.048004000333361115,0.10076359914980713,576,11423,576,11520
-11.684000000000001,1.0,0.9897569444444444,0.04808816162965437,0.10093045260999843,576,11402,576,11520
-11.649999999999999,1.0,0.9872395833333333,0.04820487070047703,0.10116177981506363,576,11373,576,11520
-11.616,1.0,0.9854166666666667,0.0482897384305835,0.1013299556681444,576,11352,576,11520
-11.582,1.0,0.984375,0.04833836858006042,0.10142630744849446,576,11340,576,11520
-11.548,1.0,0.9837673611111111,0.04836678142581241,0.10148259732022517,576,11333,576,11520
-11.514,1.0,0.9834201388888889,0.04838303233935321,0.10151479102228567,576,11329,576,11520
-11.288499999999999,1.0,0.9833333333333333,0.04838709677419355,0.10152284263959392,576,11328,576,11520
-11.042,1.0,0.9832465277777778,0.04839116189196001,0.10153089553422703,576,11327,576,11520
-10.985,1.0,0.9831597222222223,0.048395227692824734,0.10153894970648898,576,11326,576,11520
-10.9375,1.0,0.9829861111111111,0.048403361344537814,0.10155506188511584,576,11324,576,11520
-10.8995,1.0,0.9828993055555556,0.04840742919573073,0.10156311989208919,576,11323,576,11520
-10.880500000000001,1.0,0.9828125,0.048411497730711045,0.10157117917790828,576,11322,576,11520
-10.8615,1.0,0.9824652777777778,0.04842777871195561,0.10160342911573265,576,11318,576,11520
-10.842500000000001,1.0,0.9823784722222222,0.04843185066846044,0.1016114948003493,576,11317,576,11520
-10.8235,1.0,0.98203125,0.04844814534443603,0.10164377034860637,576,11313,576,11520
-10.8045,1.0,0.9815104166666667,0.048472607927291085,0.10169222213394773,576,11307,576,11520
-10.786,1.0,0.9810763888888889,0.04849301229163159,0.10173263392147512,576,11302,576,11520
-10.771,1.0,0.9798611111111111,0.048550236008091704,0.10184595798854235,576,11288,576,11520
-10.7615,1.0,0.9796875,0.048558421851289835,0.10186216775425752,576,11286,576,11520
-10.7485,1.0,0.9794270833333333,0.048570705793068554,0.10188649207991722,576,11283,576,11520
-10.729500000000002,1.0,0.97890625,0.04859529233105543,0.10193517559926735,576,11277,576,11520
-10.7105,1.0,0.9783854166666667,0.04861990377310712,0.10198390566488726,576,11271,576,11520
-10.691500000000001,1.0,0.978125,0.0486322188449848,0.10200828817341409,576,11268,576,11520
-10.6725,1.0,0.9780381944444444,0.04863632525542515,0.1020164182673149,576,11267,576,11520
-10.596499999999999,1.0,0.9778645833333334,0.04864454015708133,0.10203268234356318,576,11265,576,11520
-10.520499999999998,1.0,0.9777777777777777,0.04864864864864865,0.10204081632653061,576,11264,576,11520
-10.5015,1.0,0.9776909722222222,0.04865275783427654,0.10204895160647373,576,11263,576,11520
-10.265,1.0,0.9776041666666667,0.048656867714140906,0.10205708818370277,576,11262,576,11520
-10.028500000000001,1.0,0.9775173611111111,0.04866097828841767,0.10206522605852804,576,11261,576,11520
-10.0095,1.0,0.9769097222222223,0.048689771766694846,0.10212222754108824,576,11254,576,11520
-9.9905,1.0,0.9763020833333333,0.04871859934026897,0.10217929272770816,576,11247,576,11520
-9.971499999999999,1.0,0.9750868055555556,0.04877635701583538,0.10229361464077359,576,11233,576,11520
-9.9525,1.0,0.9735243055555556,0.048850818420829445,0.10244097639055623,576,11215,576,11520
-9.933499999999999,1.0,0.9723090277777777,0.04890889020973083,0.1025558849451166,576,11201,576,11520
-9.9145,1.0,0.97109375,0.04896710022953328,0.10267105157616106,576,11187,576,11520
-9.9025,1.0,0.9701388888888889,0.04901293396868618,0.1027617212588311,576,11176,576,11520
-9.893,1.0,0.9700520833333334,0.049017104927240235,0.10276997189883581,576,11175,576,11520
-9.8765,1.0,0.9689236111111111,0.04907139205997615,0.10287735090821412,576,11162,576,11520
-9.857500000000002,1.0,0.9680555555555556,0.04911323328785812,0.10296010296010297,576,11152,576,11520
-9.8475,1.0,0.9671875,0.04915514592933948,0.10304298824665915,576,11142,576,11520
-9.8425,1.0,0.9668402777777778,0.04917193102270787,0.10307617973908842,576,11138,576,11520
-9.8355,1.0,0.9666666666666667,0.04918032786885246,0.10309278350515465,576,11136,576,11520
-9.8315,1.0,0.9665798611111112,0.049184527367432326,0.10310108739428112,576,11135,576,11520
-9.8255,1.0,0.9660590277777777,0.049209739427595045,0.10315093883471675,576,11129,576,11520
-9.8185,1.0,0.9657986111111111,0.0492223551529653,0.1031758826374335,576,11126,576,11520
-9.8145,1.0,0.965625,0.04923076923076923,0.10319251854240569,576,11124,576,11520
-9.812000000000001,1.0,0.9649305555555555,0.04926445432774547,0.1032591158438206,576,11116,576,11520
-9.807500000000001,1.0,0.9646701388888889,0.049277098126443666,0.10328411199870896,576,11113,576,11520
-9.8,1.0,0.9637152777777778,0.0493235143003939,0.10337586819576806,576,11102,576,11520
-9.794,1.0,0.9618055555555556,0.04941660947151681,0.10355987055016182,576,11080,576,11520
-9.7895,1.0,0.9613715277777778,0.049437816496438074,0.10360178065560503,576,11075,576,11520
-9.784500000000001,1.0,0.9599826388888889,0.04950580146110872,0.1037361212415917,576,11059,576,11520
-9.7805,1.0,0.9598090277777778,0.04951431273102381,0.1037529383156359,576,11057,576,11520
-9.776,1.0,0.9575520833333333,0.04962522615662962,0.10397205750954432,576,11031,576,11520
-9.7715,1.0,0.9574652777777778,0.04962950198173358,0.10398050365556459,576,11030,576,11520
-9.766,1.0,0.9557291666666666,0.04971517348524081,0.10414971521562247,576,11010,576,11520
-9.7575,1.0,0.95390625,0.049805447470817124,0.10432798109055344,576,10989,576,11520
-9.751000000000001,1.0,0.9526909722222222,0.04986581248376764,0.10444716442268463,576,10975,576,11520
-9.747,1.0,0.9525173611111111,0.049874448004156205,0.10446421284583368,576,10973,576,11520
-9.7405,1.0,0.9513020833333333,0.04993498049414825,0.10458370781926629,576,10959,576,11520
-9.734,1.0,0.9505208333333334,0.04997397188964081,0.10466067048242028,576,10950,576,11520
-9.73,1.0,0.9504340277777777,0.04997830802603037,0.10466922888216536,576,10949,576,11520
-9.7235,1.0,0.9495659722222223,0.050021710811984366,0.10475488992552581,576,10939,576,11520
-9.716999999999999,1.0,0.9491319444444445,0.05004344048653345,0.10479777304732275,576,10934,576,11520
-9.713000000000001,1.0,0.9489583333333333,0.05005213764337852,0.1048149361283983,576,10932,576,11520
-9.7045,1.0,0.9488715277777777,0.050056487355522726,0.10482351977725003,576,10931,576,11520
-9.689499999999999,1.0,0.9486111111111111,0.05006954102920723,0.10484927916120577,576,10928,576,11520
-9.6725,1.0,0.9484375,0.050078247261345854,0.10486645911846633,576,10926,576,11520
-9.6555,1.0,0.9480902777777778,0.0500956688119673,0.10490083592853632,576,10922,576,11520
-9.639,1.0,0.9479166666666666,0.05010438413361169,0.10491803278688525,576,10920,576,11520
-9.6225,1.0,0.9473090277777778,0.05013491165462616,0.10497826621832199,576,10913,576,11520
-9.6055,1.0,0.9467013888888889,0.050165476397840095,0.10503856884949943,576,10906,576,11520
-9.5885,1.0,0.9447048611111111,0.05026616633214068,0.1052371947710269,576,10883,576,11520
-9.5715,1.0,0.9435763888888888,0.050323257033024635,0.10534979423868314,576,10870,576,11520
-9.5545,1.0,0.9418402777777778,0.05041134255207422,0.1055234954657873,576,10850,576,11520
-9.5375,1.0,0.9395833333333333,0.05052631578947368,0.1057501652346332,576,10824,576,11520
-9.521,1.0,0.9378472222222223,0.05061511423550088,0.10592519033432639,576,10804,576,11520
-9.5045,1.0,0.9363715277777778,0.05069083868696647,0.10607441783376151,576,10787,576,11520
-9.4875,1.0,0.9349826388888889,0.0507623160306689,0.1062152518463198,576,10771,576,11520
-9.4705,1.0,0.9341145833333333,0.05080709182323366,0.10630346316751102,576,10761,576,11520
-9.445,1.0,0.9336805555555555,0.05082950935404165,0.10634762379528083,576,10756,576,11520
-9.4195,1.0,0.9334201388888889,0.050842969370641714,0.10637413778775036,576,10753,576,11520
-9.2075,1.0,0.9333333333333333,0.05084745762711865,0.10638297872340426,576,10752,576,11520
-9.0015,1.0,0.9332465277777777,0.05085194667608369,0.10639182112875074,576,10751,576,11520
-8.996500000000001,1.0,0.9329861111111111,0.050865418580007066,0.10641835716661124,576,10748,576,11520
-8.9915,1.0,0.9326388888888889,0.05088339222614841,0.10645375914836994,576,10744,576,11520
-8.9865,1.0,0.9309027777777777,0.05097345132743363,0.10663112295901367,576,10724,576,11520
-8.9815,1.0,0.9297743055555555,0.05103216089306282,0.10674672671170045,576,10711,576,11520
-8.9765,1.0,0.9286458333333333,0.05109100585417775,0.10686258139923194,576,10698,576,11520
-8.971499999999999,1.0,0.9274305555555555,0.05115452930728242,0.10698762955533267,576,10684,576,11520
-8.9665,1.0,0.9263888888888889,0.051209103840682786,0.107095046854083,576,10672,576,11520
-8.961500000000001,1.0,0.9239583333333333,0.051336898395721926,0.10734652801073466,576,10644,576,11520
-8.9565,1.0,0.9224826388888889,0.05141479960724806,0.10749979003947258,576,10627,576,11520
-8.9515,1.0,0.92109375,0.05148833467417538,0.10764443696913632,576,10611,576,11520
-8.9465,1.0,0.9198784722222222,0.05155285062203526,0.10777132272459376,576,10597,576,11520
-8.941500000000001,1.0,0.9191840277777777,0.051589789520824006,0.10784396326565002,576,10589,576,11520
-8.936499999999999,1.0,0.9189236111111111,0.05160365525891417,0.10787122872071465,576,10586,576,11520
-8.9315,1.0,0.9178819444444445,0.05165919282511211,0.1079804285473258,576,10574,576,11520
-8.9265,1.0,0.9176215277777777,0.051673095900242216,0.1080077630579698,576,10571,576,11520
-8.9215,1.0,0.9175347222222222,0.051677731921765654,0.1080168776371308,576,10570,576,11520
-8.9165,1.0,0.9173611111111111,0.05168700646087581,0.10803511141120865,576,10568,576,11520
-8.9115,1.0,0.9172743055555556,0.051691644978910524,0.10804423060690471,576,10567,576,11520
-8.904,1.0,0.9171006944444444,0.05170092451305987,0.10806247361756016,576,10565,576,11520
-8.8965,1.0,0.9168402777777778,0.05171485006284791,0.10808984968755278,576,10562,576,11520
-8.889,1.0,0.9167534722222223,0.0517194935799587,0.1080989781268474,576,10561,576,11520
-8.758,1.0,0.9166666666666666,0.05172413793103448,0.10810810810810813,576,10560,576,11520
-8.6265,1.0,0.9163194444444445,0.05174272367948257,0.1081446434606286,576,10556,576,11520
-8.616,1.0,0.9159722222222222,0.05176132278936017,0.10818120351588913,576,10552,576,11520
-8.6055,1.0,0.9157986111111112,0.05177062735933849,0.10819949281487742,576,10550,576,11520
-8.5945,1.0,0.915625,0.05177993527508091,0.10821778829895165,576,10548,576,11520
-8.584,1.0,0.9150173611111111,0.051812539354142303,0.10828187124608749,576,10541,576,11520
-8.5735,1.0,0.91484375,0.051821862348178135,0.10830019460191219,576,10539,576,11520
-8.5625,1.0,0.9145833333333333,0.05183585313174946,0.1083276912660799,576,10536,576,11520
-8.552,1.0,0.9136284722222222,0.0518872173678047,0.10842863193562051,576,10525,576,11520
-8.5415,1.0,0.9130208333333333,0.05191995673336939,0.10849296490930668,576,10518,576,11520
-8.5305,1.0,0.9118923611111112,0.0519808681526938,0.10861264319049639,576,10505,576,11520
-8.52,1.0,0.9106770833333333,0.05204662510165357,0.10874182312462834,576,10491,576,11520
-8.5095,1.0,0.9097222222222222,0.05209840810419682,0.108843537414966,576,10480,576,11520
-8.5025,1.0,0.9086805555555556,0.052155016298442596,0.10895471569628873,576,10468,576,11520
-8.497,1.0,0.9085069444444445,0.05216446295960877,0.10897326749531755,576,10466,576,11520
-8.488,1.0,0.9076388888888889,0.05221174764321972,0.10906612133605999,576,10456,576,11520
-8.4775,1.0,0.9072048611111111,0.052235422145642516,0.10911260762083369,576,10451,576,11520
-8.4665,1.0,0.90625,0.05228758169934641,0.10921501706484642,576,10440,576,11520
-8.456,1.0,0.9056423611111111,0.05232082841311654,0.10928028686075301,576,10433,576,11520
-8.4455,1.0,0.9046006944444445,0.05237792125125034,0.10939235962738228,576,10421,576,11520
-8.4345,1.0,0.9032986111111111,0.05244946275723912,0.10953277425979806,576,10406,576,11520
-8.424,1.0,0.9028645833333333,0.05247335337523914,0.10957965927574695,576,10401,576,11520
-8.413499999999999,1.0,0.9027777777777778,0.052478134110787174,0.10958904109589042,576,10400,576,11520
-8.4025,1.0,0.9026909722222223,0.052482915717539866,0.10959842452264748,576,10399,576,11520
-8.392,1.0,0.90234375,0.052502050861361775,0.10963597430406853,576,10395,576,11520
-8.371,1.0,0.9020833333333333,0.0525164113785558,0.10966415352981494,576,10392,576,11520
-8.349499999999999,1.0,0.9019965277777777,0.05252119996352694,0.10967354982435097,576,10391,576,11520
-8.3385,1.0,0.9018229166666667,0.05253077975376197,0.10969234724483676,576,10389,576,11520
-8.328,1.0,0.9015625,0.052545155993431854,0.10972055546031201,576,10386,576,11520
-8.317499999999999,1.0,0.9011284722222223,0.05256913388701287,0.1097676014063974,576,10381,576,11520
-8.3065,1.0,0.9006076388888888,0.05259793626152863,0.10982410982410984,576,10375,576,11520
-8.296,1.0,0.9002604166666667,0.052617155385036994,0.10986181443652905,576,10371,576,11520
-8.283999999999999,1.0,0.9,0.05263157894736842,0.10989010989010989,576,10368,576,11520
-8.2655,1.0,0.8998263888888889,0.052641199049533904,0.10990898162459214,576,10366,576,11520
-8.251,1.0,0.8995659722222222,0.05265563579851906,0.10993730138280512,576,10363,576,11520
-8.2395,1.0,0.8993923611111111,0.05266526469781476,0.10995618933081351,576,10361,576,11520
-8.228,1.0,0.8982638888888889,0.05272793848407177,0.11007911936704506,576,10348,576,11520
-8.2205,1.0,0.8981770833333333,0.05273276572370228,0.11008858690977898,576,10347,576,11520
-8.212499999999999,1.0,0.8980034722222222,0.0527424228550499,0.11010752688172043,576,10345,576,11520
-8.203,1.0,0.8969618055555556,0.052800440003666696,0.11022130371135795,576,10333,576,11520
-8.1915,1.0,0.8967881944444445,0.05281012194003851,0.11024028938075964,576,10331,576,11520
-8.182,1.0,0.8957465277777777,0.0528682882055989,0.11035434089145617,576,10319,576,11520
-8.1735,1.0,0.8955729166666667,0.05287799504268796,0.11037337242390274,576,10317,576,11520
-8.166,1.0,0.8953993055555556,0.05288770544486273,0.11039241052177663,576,10315,576,11520
-8.161000000000001,1.0,0.8940972222222222,0.05296064729680029,0.11053540587219345,576,10300,576,11520
-8.1545,1.0,0.8938368055555556,0.052975259817897545,0.11056404940830959,576,10297,576,11520
-8.1455,1.0,0.8936631944444444,0.05298500597921074,0.1105831533477322,576,10295,576,11520
-8.1405,1.0,0.8920138888888889,0.05307777368227055,0.11076497057805469,576,10276,576,11520
-8.1355,1.0,0.8917534722222222,0.05309245091713522,0.11079373322946422,576,10273,576,11520
-8.124500000000001,1.0,0.89140625,0.053112033195020746,0.11083210667590268,576,10269,576,11520
-8.115,1.0,0.8894097222222223,0.05322491221585659,0.11105327086586847,576,10246,576,11520
-8.1075,1.0,0.8893229166666666,0.05322983088439146,0.11106290672451194,576,10245,576,11520
-8.099,1.0,0.8891493055555556,0.05323967094925594,0.11108218345916862,576,10243,576,11520
-8.094000000000001,1.0,0.8875,0.05333333333333334,0.11126564673157165,576,10224,576,11520
-8.0885,1.0,0.8873263888888889,0.05334321170587146,0.11128499391410189,576,10222,576,11520
-8.0795,1.0,0.8870659722222223,0.05335803612783696,0.11131402730672232,576,10219,576,11520
-8.074,1.0,0.8868923611111111,0.05336792365422033,0.11133339131947466,576,10217,576,11520
-8.0615,1.0,0.8856770833333333,0.05343723907598107,0.11146912827658279,576,10203,576,11520
-8.038499999999999,1.0,0.8842881944444444,0.05351667750627149,0.11162466207377694,576,10187,576,11520
-8.016,1.0,0.8829861111111111,0.05359136583550428,0.11177086971708,576,10172,576,11520
-8.002,1.0,0.8819444444444444,0.05365126676602087,0.1118881118881119,576,10160,576,11520
-7.9945,1.0,0.8818576388888889,0.053656264555193296,0.11189789317248011,576,10159,576,11520
-7.986000000000001,1.0,0.8817708333333333,0.05366126327557295,0.1119076761671621,576,10158,576,11520
-7.9765,1.0,0.8810763888888888,0.05370128659332463,0.11198600174978128,576,10150,576,11520
-7.9665,1.0,0.8808159722222222,0.0537163107339364,0.11201540211779121,576,10147,576,11520
-7.9605,1.0,0.8805555555555555,0.05373134328358209,0.11204481792717087,576,10144,576,11520
-7.9555,1.0,0.8801215277777777,0.05375641623891741,0.11209387862334706,576,10139,576,11520
-7.9475,1.0,0.8799479166666667,0.053766451974236906,0.11211351493387055,576,10137,576,11520
-7.9399999999999995,1.0,0.8796006944444444,0.05378653469044729,0.11215280820117411,576,10133,576,11520
-7.9350000000000005,1.0,0.8793402777777778,0.05380160657575191,0.112182296231376,576,10130,576,11520
-7.9285,1.0,0.8788194444444445,0.05383177570093458,0.11224131883549632,576,10124,576,11520
-7.9195,1.0,0.8787326388888889,0.05383680717824096,0.11225116197491888,576,10123,576,11520
-7.9145,1.0,0.8785590277777777,0.053846872955034125,0.11227085343390932,576,10121,576,11520
-7.904999999999999,1.0,0.8783854166666667,0.05385694249649369,0.11229055180278971,576,10119,576,11520
-7.891,1.0,0.8782986111111111,0.05386197867963344,0.11230040357957538,576,10118,576,11520
-7.8815,1.0,0.8780381944444444,0.05387709288186325,0.11232996928477403,576,10115,576,11520
-7.872,1.0,0.8779513888888889,0.053882132834424695,0.11233982797963842,576,10114,576,11520
-7.8485,1.0,0.8778645833333333,0.053887173730002805,0.11234968840516107,576,10113,576,11520
-7.825,1.0,0.8777777777777778,0.05389221556886228,0.11235955056179776,576,10112,576,11520
-7.801500000000001,1.0,0.8776041666666666,0.05390230207748456,0.11237928007023706,576,10110,576,11520
-7.769,1.0,0.8774305555555556,0.053912392362411084,0.11239901650860555,576,10108,576,11520
-7.75,1.0,0.87734375,0.05391743892165122,0.11240888732765436,576,10107,576,11520
-7.7405,1.0,0.8767361111111112,0.053952791307605844,0.11247803163444639,576,10100,576,11520
-7.731,1.0,0.8766493055555555,0.05395784543325527,0.11248791633711223,576,10099,576,11520
-7.7215,1.0,0.87578125,0.0540084388185654,0.1125868590025508,576,10089,576,11520
-7.7125,1.0,0.8753472222222223,0.05403377110694184,0.11263639563533967,576,10084,576,11520
-7.703,1.0,0.8745659722222222,0.05407942916158107,0.11272567151034787,576,10075,576,11520
-7.6935,1.0,0.8741319444444444,0.05410482810445238,0.11277533039647578,576,10070,576,11520
-7.684,1.0,0.8738715277777778,0.0541200789251151,0.11280514673481978,576,10067,576,11520
-7.6745,1.0,0.8730034722222222,0.05417097714661902,0.11290464849607482,576,10057,576,11520
-7.665,1.0,0.8723958333333334,0.05420666290231508,0.11297440423654016,576,10050,576,11520
-7.6555,1.0,0.8715277777777778,0.05425772418990203,0.11307420494699646,576,10040,576,11520
-7.6465,1.0,0.8707465277777777,0.0543037616668238,0.11316417646538768,576,10031,576,11520
-7.6370000000000005,1.0,0.8703993055555556,0.054324247854380836,0.11320420978155127,576,10027,576,11520
-7.6274999999999995,1.0,0.8700520833333333,0.054344749504670255,0.11324427143236311,576,10023,576,11520
-7.618,1.0,0.8693576388888888,0.05438579926352564,0.11332447985834442,576,10015,576,11520
-7.6085,1.0,0.8689236111111112,0.054411486869450215,0.1133746678476528,576,10010,576,11520
-7.5995,1.0,0.8684027777777777,0.05444234404536862,0.11343495214462958,576,10004,576,11520
-7.59,1.0,0.8681423611111111,0.054457785761558096,0.11346511834057264,576,10001,576,11520
-7.583,1.0,0.8680555555555556,0.05446293494704992,0.11347517730496455,576,10000,576,11520
-7.5785,1.0,0.86796875,0.05446808510638298,0.1134852380530189,576,9999,576,11520
-7.5745000000000005,1.0,0.8678819444444444,0.05447323623983356,0.11349530058521015,576,9998,576,11520
-7.571,1.0,0.8677951388888889,0.05447838834767805,0.11350536490201295,576,9997,576,11520
-7.5675,1.0,0.8672743055555555,0.054509321472508754,0.11356578830627274,576,9991,576,11520
-7.5655,1.0,0.8671006944444445,0.054519640321817324,0.11358594373946225,576,9989,576,11520
-7.561,1.0,0.8667534722222222,0.054540289745289273,0.11362627607634267,576,9985,576,11520
-7.5565,1.0,0.8665798611111111,0.05455062032389431,0.11364645298765871,576,9983,576,11520
-7.554,1.0,0.8662326388888889,0.05457129322595926,0.11368682831512568,576,9979,576,11520
-7.55,1.0,0.8657118055555556,0.05460233197459475,0.11374744512574425,576,9973,576,11520
-7.5455000000000005,1.0,0.8642361111111111,0.05469046714774022,0.11391954432182272,576,9956,576,11520
-7.541,1.0,0.8635416666666667,0.05473204104903079,0.11400071250445316,576,9948,576,11520
-7.537,1.0,0.8625,0.0547945205479452,0.11412268188302424,576,9936,576,11520
-7.5329999999999995,1.0,0.8606770833333334,0.05490420360308836,0.11433675748101832,576,9915,576,11520
-7.529999999999999,1.0,0.8590277777777777,0.05500381970970206,0.11453113815318541,576,9896,576,11520
-7.5280000000000005,1.0,0.8589409722222222,0.0550090726769172,0.1145413870246085,576,9895,576,11520
-7.5245,1.0,0.8578125,0.055077452667814115,0.11467478946425373,576,9882,576,11520
-7.52,1.0,0.8567708333333334,0.05514072372199885,0.1147982062780269,576,9870,576,11520
-7.516,1.0,0.8556423611111111,0.05520943161123359,0.11493220795546377,576,9857,576,11520
-7.5120000000000005,1.0,0.8547743055555556,0.05526240046052001,0.1150354992360924,576,9847,576,11520
-7.5075,1.0,0.8538194444444445,0.05532078371110257,0.11514933429291113,576,9836,576,11520
-7.503,1.0,0.8529513888888889,0.055373966544895216,0.11525301638753827,576,9826,576,11520
-7.500500000000001,1.0,0.8525173611111111,0.05540059632586323,0.11530492748401047,576,9821,576,11520
-7.4985,1.0,0.8522569444444444,0.05541658649220704,0.1153360965939809,576,9818,576,11520
-7.494,1.0,0.8515625,0.05545927209705372,0.11541929666366095,576,9810,576,11520
-7.49,1.0,0.8512152777777777,0.05548063956848392,0.11546094172830598,576,9806,576,11520
-7.4864999999999995,1.0,0.8508680555555556,0.05550202351127385,0.11550261685616316,576,9802,576,11520
-7.4830000000000005,1.0,0.85078125,0.055507372072853424,0.11551304033931956,576,9801,576,11520
-7.481,1.0,0.8506944444444444,0.05551272166538165,0.11552346570397112,576,9800,576,11520
-7.478,1.0,0.8504340277777778,0.05552877663163983,0.11555475309199242,576,9797,576,11520
-7.474,1.0,0.8502604166666666,0.055539485102690196,0.11557562076749436,576,9795,576,11520
-7.36,1.0,0.85,0.05555555555555555,0.11560693641618498,576,9792,576,11520
-7.2455,1.0,0.8499131944444445,0.05556091444005016,0.11561737873724144,576,9791,576,11520
-7.240500000000001,1.0,0.8498263888888888,0.05556627435847965,0.11562782294489614,576,9790,576,11520
-7.2330000000000005,1.0,0.8496527777777778,0.05557699729834041,0.11564871702204553,576,9788,576,11520
-7.2255,1.0,0.8494791666666667,0.055587724377533294,0.11566961865172602,576,9786,576,11520
-7.218,1.0,0.84921875,0.05560382276281494,0.11570098526620266,576,9783,576,11520
-7.2105,1.0,0.8490451388888889,0.05561456020083036,0.11572190579513607,576,9781,576,11520
-7.205500000000001,1.0,0.8486979166666667,0.05563604752245726,0.11576376955774623,576,9777,576,11520
-7.198,1.0,0.8486111111111111,0.05564142194744977,0.11577424023154849,576,9776,576,11520
-7.1905,1.0,0.8483506944444444,0.055657551454246786,0.11580566362073645,576,9773,576,11520
-7.185499999999999,1.0,0.8480034722222223,0.05567907201546641,0.11584758801701511,576,9769,576,11520
-7.1805,1.0,0.8475694444444445,0.055705996131528046,0.11590003621876133,576,9764,576,11520
-7.1754999999999995,1.0,0.8474826388888889,0.05571138407969823,0.11591053155845334,576,9763,576,11520
-7.1705000000000005,1.0,0.8471354166666667,0.05573294629898404,0.11595253193224024,576,9759,576,11520
-7.1655,1.0,0.846875,0.05574912891986063,0.1159840521928235,576,9756,576,11520
-7.160500000000001,1.0,0.8466145833333333,0.05576532094103979,0.11601558959485182,576,9753,576,11520
-7.1555,1.0,0.8457465277777778,0.05581936234131214,0.1161208382473011,576,9743,576,11520
-7.150499999999999,1.0,0.8454861111111112,0.05583559519193486,0.11615245009074411,576,9740,576,11520
-7.147,1.0,0.8452256944444444,0.05585183748666731,0.11618407915040393,576,9737,576,11520
-7.1445,1.0,0.8449652777777777,0.05586808923375364,0.11621572544034865,576,9734,576,11520
-7.140499999999999,1.0,0.8447916666666667,0.05587892898719441,0.11623683254631312,576,9732,576,11520
-7.136,1.0,0.8442708333333333,0.05591147350029121,0.11630019989096857,576,9726,576,11520
-7.1335,1.0,0.8441840277777778,0.05591690127172119,0.11631076783280328,576,9725,576,11520
-7.1305,1.0,0.8440972222222223,0.05592233009708738,0.1163213376953835,576,9724,576,11520
-7.123,1.0,0.84375,0.055944055944055944,0.11636363636363636,576,9720,576,11520
-7.1129999999999995,1.0,0.8434027777777777,0.05596579867858531,0.11640596580574755,576,9716,576,11520
-7.105499999999999,1.0,0.8432291666666667,0.05597667638483965,0.11642714207749683,576,9714,576,11520
-7.1005,1.0,0.8427083333333333,0.056009334889148193,0.11649071714597745,576,9708,576,11520
-7.0969999999999995,1.0,0.8422743055555556,0.056036579433797064,0.11654374943093873,576,9703,576,11520
-7.0945,1.0,0.8421875,0.05604203152364273,0.11655436168275361,576,9702,576,11520
-7.0905000000000005,1.0,0.8421006944444445,0.05604748467451591,0.11656497586740734,576,9701,576,11520
-7.0855,1.0,0.8417534722222222,0.056069307894480676,0.11660745194497588,576,9697,576,11520
-7.080500000000001,1.0,0.8414930555555555,0.0560856864654333,0.1166393293238564,576,9694,576,11520
-7.0765,1.0,0.84140625,0.056091148115687994,0.1166499589902488,576,9693,576,11520
-7.0735,1.0,0.8412326388888889,0.056102074607967276,0.11667122413635951,576,9691,576,11520
-7.0695,1.0,0.8408854166666667,0.056123940368313356,0.11671377769672654,576,9687,576,11520
-7.064500000000001,1.0,0.8401909722222223,0.05616772306192101,0.11679897800894243,576,9679,576,11520
-7.0600000000000005,1.0,0.8400173611111111,0.056178679410904125,0.11682029752669526,576,9677,576,11520
-7.0575,1.0,0.83984375,0.056189640035118525,0.11684162482884529,576,9675,576,11520
-7.0545,1.0,0.8397569444444445,0.056195121951219514,0.11685229140040168,576,9674,576,11520
-7.0495,1.0,0.8394097222222222,0.056217060316220965,0.11689497716894978,576,9670,576,11520
-7.045999999999999,1.0,0.8391493055555556,0.056233525334374694,0.11692701196674889,576,9667,576,11520
-7.0435,1.0,0.8389756944444444,0.05624450737232692,0.11694837825491092,576,9665,576,11520
-7.0395,1.0,0.8385416666666666,0.05627198124267292,0.11700182815356491,576,9660,576,11520
-7.035,1.0,0.8381944444444445,0.05629397967161845,0.11704462326261889,576,9656,576,11520
-7.032500000000001,1.0,0.8378472222222222,0.05631599530700039,0.11708744968898648,576,9652,576,11520
-7.0295000000000005,1.0,0.8377604166666667,0.05632150190671751,0.11709816119293752,576,9651,576,11520
-7.0245,1.0,0.8375868055555555,0.056332518337408315,0.11711959008143473,576,9649,576,11520
-7.021,1.0,0.8371527777777777,0.0563600782778865,0.11717319663127061,576,9644,576,11520
-7.0184999999999995,1.0,0.8368923611111111,0.05637662718997749,0.11720538412233314,576,9641,576,11520
-7.0145,1.0,0.8368055555555556,0.056382145653876274,0.11721611721611722,576,9640,576,11520
-7.01,1.0,0.8366319444444444,0.056393185823379675,0.11723758930207,576,9638,576,11520
-7.0075,1.0,0.8361979166666667,0.05642080517190714,0.11729130394941814,576,9633,576,11520
-7.0045,1.0,0.8356770833333333,0.05645398412231697,0.1173558265334189,576,9627,576,11520
-6.999499999999999,1.0,0.83515625,0.05648720211827008,0.11742042014494083,576,9621,576,11520
-6.996,1.0,0.8350694444444444,0.05649274225186347,0.11743119266055047,576,9620,576,11520
-6.9935,1.0,0.8348958333333333,0.05650382577987051,0.11745274362268308,576,9618,576,11520
-6.9895,1.0,0.8345486111111111,0.05652600588812561,0.11749586928584543,576,9614,576,11520
-6.984500000000001,1.0,0.8341145833333333,0.05655375552282769,0.1175498209201947,576,9609,576,11520
-6.9795,1.0,0.83359375,0.05658709106984969,0.11761462831939723,576,9603,576,11520
-6.974500000000001,1.0,0.8335069444444444,0.056592650815484376,0.11762543650064328,576,9602,576,11520
-6.971,1.0,0.8329861111111111,0.05662603224537947,0.1176903273262229,576,9596,576,11520
-6.9685,1.0,0.8328125,0.05663716814159292,0.11771197351480597,576,9594,576,11520
-6.964499999999999,1.0,0.8325520833333333,0.05665388020064916,0.11774445773157945,576,9591,576,11520
-6.9595,1.0,0.8323784722222223,0.05666502705361535,0.1177661238384396,576,9589,576,11520
-6.9544999999999995,1.0,0.8321180555555555,0.056681755559929145,0.11779863795324867,576,9586,576,11520
-6.9495000000000005,1.0,0.83203125,0.0566873339238264,0.11780947998159227,576,9585,576,11520
-6.9445,1.0,0.8318576388888889,0.05669849394625455,0.11783117002669613,576,9583,576,11520
-6.937,1.0,0.8315972222222222,0.05671524222134699,0.11786372007366484,576,9580,576,11520
-6.9295,1.0,0.8315104166666667,0.05672082717872969,0.11787457408601161,576,9579,576,11520
-6.922,1.0,0.8313368055555556,0.05673200039397223,0.11789628810905409,576,9577,576,11520
-6.9145,1.0,0.83125,0.05673758865248227,0.11790714812085483,576,9576,576,11520
-6.9094999999999995,1.0,0.8310763888888889,0.056748768472906407,0.11792887414777962,576,9574,576,11520
-6.906000000000001,1.0,0.8308159722222223,0.05676554646693604,0.11796147820477375,576,9571,576,11520
-6.9035,1.0,0.83046875,0.05678793256433008,0.11800497833502352,576,9567,576,11520
-6.8995,1.0,0.8303819444444445,0.056793531847761786,0.11801585838096994,576,9566,576,11520
-6.8955,1.0,0.8302083333333333,0.05680473372781065,0.1180376244928071,576,9564,576,11520
-6.8865,1.0,0.8301215277777778,0.05681033632508137,0.11804851055980817,576,9563,576,11520
-6.8774999999999995,1.0,0.8300347222222222,0.05681594002761886,0.11805939863493821,576,9562,576,11520
-6.873,1.0,0.8298611111111112,0.056827150749802685,0.11808118081180811,576,9560,576,11520
-6.8655,1.0,0.8297743055555555,0.056832757770103604,0.11809207491466003,576,9559,576,11520
-6.839,1.0,0.8295138888888889,0.0568495854717726,0.11812476928756,576,9556,576,11520
-6.8125,1.0,0.8289930555555556,0.05688327078807032,0.11819021237303787,576,9550,576,11520
-6.8035,1.0,0.8288194444444444,0.05689450809956539,0.11821204285186554,576,9548,576,11520
-6.7945,1.0,0.8286458333333333,0.05690574985180794,0.11823388139663774,576,9546,576,11520
-6.781000000000001,1.0,0.8283854166666667,0.056922620812333236,0.11826665434722351,576,9543,576,11520
-6.7675,1.0,0.8282118055555555,0.056933873677967775,0.11828851307642549,576,9541,576,11520
-6.7585,1.0,0.8279513888888889,0.05695076132094127,0.11832131632464413,576,9538,576,11520
-6.749499999999999,1.0,0.8276041666666667,0.05697329376854599,0.11836508230072129,576,9534,576,11520
-6.7364999999999995,1.0,0.82734375,0.05699020480854853,0.11839792803625937,576,9531,576,11520
-6.718999999999999,1.0,0.8272569444444444,0.0569958440530378,0.11840888066604997,576,9530,576,11520
-6.7055,1.0,0.8268229166666666,0.05702405702405702,0.11846367422489588,576,9525,576,11520
-6.6965,1.0,0.8265625,0.0570409982174688,0.11849657470838734,576,9522,576,11520
-6.683,1.0,0.8263020833333333,0.05705794947994056,0.11852949347161776,576,9519,576,11520
-6.6695,1.0,0.82578125,0.057091882247992866,0.11859538589826739,576,9513,576,11520
-6.661,1.0,0.8255208333333334,0.057108863771564544,0.11862835959221502,576,9510,576,11520
-6.6525,1.0,0.8253472222222222,0.057120190400634666,0.11865035224323324,576,9508,576,11520
-6.6434999999999995,1.0,0.8249131944444444,0.05714852663954757,0.11870536956320134,576,9503,576,11520
-6.6370000000000005,1.0,0.8245659722222223,0.0571712158808933,0.11874942016884683,576,9499,576,11520
-6.6325,1.0,0.8243923611111111,0.057182567259009234,0.1187714577340633,576,9497,576,11520
-6.6274999999999995,1.0,0.8237847222222222,0.05722233260480827,0.11884865366759517,576,9490,576,11520
-6.623,1.0,0.8236111111111111,0.057233704292527825,0.11887072808320952,576,9488,576,11520
-6.618,1.0,0.8231770833333333,0.05726215329555622,0.11892595001393665,576,9483,576,11520
-6.6135,1.0,0.8228298611111111,0.05728493286921929,0.11897016451343062,576,9479,576,11520
-6.611000000000001,1.0,0.8223090277777778,0.05731913623246094,0.11903654794010975,576,9473,576,11520
-6.6080000000000005,1.0,0.8221354166666667,0.05733054643177068,0.1190586922146777,576,9471,576,11520
-6.6045,1.0,0.8220486111111112,0.057336253235118456,0.11906976744186047,576,9470,576,11520
-6.601,1.0,0.8217881944444444,0.05735338046400478,0.11910300548990417,576,9467,576,11520
-6.5975,1.0,0.8214409722222222,0.05737623269249925,0.11914735176393931,576,9463,576,11520
-6.595000000000001,1.0,0.8213541666666667,0.05738194859533772,0.11915844349283188,576,9462,576,11520
-6.593500000000001,1.0,0.8212673611111111,0.05738766563714257,0.11916953728703102,576,9461,576,11520
-6.5920000000000005,1.0,0.8209201388888889,0.057410545200837236,0.11921393312843438,576,9457,576,11520
-6.589,1.0,0.8208333333333333,0.05741626794258373,0.11922503725782416,576,9456,576,11520
-6.586,1.0,0.8201388888888889,0.05746209098164405,0.11931394481730052,576,9448,576,11520
-6.5835,1.0,0.8197916666666667,0.05748502994011976,0.11935844834017158,576,9444,576,11520
-6.58,1.0,0.8194444444444444,0.05750798722044728,0.11940298507462686,576,9440,576,11520
-6.577500000000001,1.0,0.8190972222222223,0.057530962844586496,0.11944755505785742,576,9436,576,11520
-6.576499999999999,1.0,0.8185763888888888,0.05756546072356586,0.11951447245564895,576,9430,576,11520
-6.573,1.0,0.8184027777777778,0.057576969212315074,0.11953679491968622,576,9428,576,11520
-6.569,1.0,0.8180555555555555,0.0576,0.11958146487294471,576,9424,576,11520
-6.5675,1.0,0.8177951388888889,0.057617285185555665,0.11961498925334081,576,9421,576,11520
-6.5665,1.0,0.8173611111111111,0.057646116893514815,0.11967090501121916,576,9416,576,11520
-6.5655,1.0,0.81640625,0.057709648331830475,0.11979410388394947,576,9405,576,11520
-6.562,1.0,0.8160590277777777,0.0577327854064348,0.11983896638891492,576,9401,576,11520
-6.556,1.0,0.81484375,0.057813911472448055,0.11999625011718384,576,9387,576,11520
-6.5515,1.0,0.8131076388888889,0.05793020215226793,0.12022165868319715,576,9367,576,11520
-6.5489999999999995,1.0,0.8126736111111111,0.05795934795733548,0.12027814320616426,576,9362,576,11520
-6.545,1.0,0.8118923611111111,0.05801188437909155,0.12037994921470893,576,9353,576,11520
-6.5415,1.0,0.8110243055555556,0.0580703699969755,0.12049326932128401,576,9343,576,11520
-6.5405,1.0,0.8104166666666667,0.05811138014527845,0.12057272042200454,576,9336,576,11520
-6.539,1.0,0.8091145833333333,0.05819945438011519,0.12074332610131121,576,9321,576,11520
-6.537,1.0,0.80859375,0.05823475887170155,0.12081170363378953,576,9315,576,11520
-6.534,1.0,0.8074652777777778,0.05831139906863737,0.12096012096012097,576,9302,576,11520
-6.531499999999999,1.0,0.8072916666666666,0.0583232077764277,0.12098298676748583,576,9300,576,11520
-6.529999999999999,1.0,0.8064236111111112,0.05838232312994121,0.12109744560075686,576,9290,576,11520
-6.528499999999999,1.0,0.8063368055555555,0.058388241256969085,0.12110890339672628,576,9289,576,11520
-6.5265,1.0,0.8051215277777778,0.058471221195817685,0.1212695405021317,576,9275,576,11520
-6.524,1.0,0.8040798611111111,0.058542534810448216,0.12140756900313006,576,9263,576,11520
-6.521,1.0,0.80390625,0.0585544373284538,0.12143060430699174,576,9261,576,11520
-6.5169999999999995,1.0,0.8029513888888888,0.05861998778750255,0.12155745489078823,576,9250,576,11520
-6.5145,1.0,0.8014756944444444,0.05872158222040983,0.1217540188338248,576,9233,576,11520
-6.5120000000000005,1.0,0.8000868055555556,0.058817522720310426,0.12193960179098791,576,9217,576,11520
-6.509,1.0,0.7999131944444444,0.05882953733020121,0.12196283944735589,576,9215,576,11520
-6.507,1.0,0.7990451388888888,0.058889684081382274,0.12207916070577016,576,9205,576,11520
-6.5045,1.0,0.7988715277777778,0.05890172819306678,0.12210245158828581,576,9203,576,11520
-6.5024999999999995,1.0,0.7960069444444444,0.05910116971065053,0.12248803827751197,576,9170,576,11520
-6.5009999999999994,1.0,0.7947916666666667,0.059186189889025895,0.12265235722499042,576,9156,576,11520
-6.4985,1.0,0.7940972222222222,0.059234882764294526,0.12274645186037592,576,9148,576,11520
-6.494,1.0,0.7927951388888889,0.05932639818724894,0.12292326899068473,576,9133,576,11520
-6.4905,1.0,0.7922743055555556,0.0593630835823972,0.12299413856058423,576,9127,576,11520
-6.489000000000001,1.0,0.7901909722222222,0.05951027998760203,0.12327843590484447,576,9103,576,11520
-6.4865,1.0,0.7900173611111111,0.05952257931177018,0.12330218668721704,576,9101,576,11520
-6.4830000000000005,1.0,0.7894097222222223,0.05956566701137539,0.12338538654328128,576,9094,576,11520
-6.4805,1.0,0.7891493055555555,0.05958415227061136,0.12342107800597822,576,9091,576,11520
-6.4795,1.0,0.7889756944444445,0.05959648215209519,0.12344488378821489,576,9089,576,11520
-6.478,1.0,0.7883680555555556,0.05963967695174984,0.12352827639451844,576,9082,576,11520
-6.4755,1.0,0.7872395833333333,0.059720062208398136,0.12368344767610398,576,9069,576,11520
-6.473000000000001,1.0,0.7868923611111112,0.05974483974691422,0.12373127114548091,576,9065,576,11520
-6.471500000000001,1.0,0.7868055555555555,0.05975103734439834,0.1237432327919567,576,9064,576,11520
-6.4704999999999995,1.0,0.7861111111111111,0.059800664451827246,0.12383900928792571,576,9056,576,11520
-6.468999999999999,1.0,0.7860243055555556,0.05980687363721317,0.12385099177552007,576,9055,576,11520
-6.467499999999999,1.0,0.7855034722222223,0.059844155844155845,0.12392293542453287,576,9049,576,11520
-6.465999999999999,1.0,0.7852430555555555,0.05986281438370401,0.12395893860158824,576,9046,576,11520
-6.464,1.0,0.7842013888888889,0.05993756503642039,0.12410316075237542,576,9034,576,11520
-6.4625,1.0,0.7841145833333333,0.05994380268498283,0.12411519441481626,576,9033,576,11520
-6.4615,1.0,0.7839409722222223,0.05995628187779744,0.12413926874212007,576,9031,576,11520
-6.458,1.0,0.7832465277777778,0.06000625065110949,0.12423565951664564,576,9023,576,11520
-6.4535,1.0,0.7831597222222222,0.06001250260470931,0.12424771888953602,576,9022,576,11520
-6.451499999999999,1.0,0.7825520833333334,0.06005630278385987,0.12433220009713454,576,9015,576,11520
-6.4505,1.0,0.7822916666666667,0.060075093867334166,0.12436844150796736,576,9012,576,11520
-6.448,1.0,0.7818576388888889,0.060106438484816865,0.1244288908330903,576,9007,576,11520
-6.4455,1.0,0.7817708333333333,0.06011271133375078,0.12444098775034028,576,9006,576,11520
-6.444,1.0,0.7816840277777778,0.060118985492119824,0.12445308701993195,576,9005,576,11520
-6.4425,1.0,0.7809895833333333,0.06016922594797869,0.1245499659433687,576,8997,576,11520
-6.441000000000001,1.0,0.7807291666666667,0.06018808777429467,0.1245863344364415,576,8994,576,11520
-6.439500000000001,1.0,0.7803819444444444,0.060213255279113524,0.124634858812074,576,8990,576,11520
-6.4384999999999994,1.0,0.7801215277777778,0.06023214472445885,0.12467127690659395,576,8987,576,11520
-6.4365,1.0,0.7800347222222223,0.060238443840200794,0.12468342100136373,576,8986,576,11520
-6.4345,1.0,0.7797743055555556,0.06025734909509363,0.12471986748514079,576,8983,576,11520
-6.4335,1.0,0.7792534722222222,0.06029519522663038,0.12479282441259629,576,8977,576,11520
-6.432,1.0,0.7783854166666667,0.060358377868594784,0.12491460915389871,576,8967,576,11520
-6.43,1.0,0.7778645833333333,0.0603963510537905,0.1249877941607265,576,8961,576,11520
-6.4285,1.0,0.7776041666666667,0.06041535556954059,0.1250244188318031,576,8958,576,11520
-6.4275,1.0,0.7767361111111111,0.06047879042419151,0.12514665623777865,576,8948,576,11520
-6.4265,1.0,0.7765625,0.06049149338374291,0.1251711324075885,576,8946,576,11520
-6.425000000000001,1.0,0.77578125,0.06054872280037843,0.12528139375550554,576,8937,576,11520
-6.423500000000001,1.0,0.7753472222222222,0.06058056373580143,0.12534273403838622,576,8932,576,11520
-6.422000000000001,1.0,0.7738715277777778,0.06068907385944579,0.1255517410495341,576,8915,576,11520
-6.42,1.0,0.7730034722222222,0.06075308511760363,0.12567501227295044,576,8905,576,11520
-6.4185,1.0,0.7722222222222223,0.060810810810810814,0.12578616352201258,576,8896,576,11520
-6.4175,1.0,0.771875,0.060836501901140684,0.1258356272119544,576,8892,576,11520
-6.4165,1.0,0.7715277777777778,0.060862214708368556,0.12588512981904013,576,8888,576,11520
-6.415,1.0,0.77109375,0.060894386298763085,0.1259470628751353,576,8883,576,11520
-6.4135,1.0,0.7703993055555556,0.06094593164744472,0.12604628261939932,576,8875,576,11520
-6.412,1.0,0.7697048611111111,0.060997564333368635,0.12614565881541343,576,8867,576,11520
-6.41,1.0,0.7692708333333333,0.06102987921169739,0.12620784855058173,576,8862,576,11520
-6.4085,1.0,0.7681423611111111,0.061114058355437664,0.12636982920327772,576,8849,576,11520
-6.407500000000001,1.0,0.7680555555555556,0.06112054329371817,0.12638230647709323,576,8848,576,11520
-6.406499999999999,1.0,0.7671875,0.06118546845124283,0.12650721486459773,576,8838,576,11520
-6.404999999999999,1.0,0.7657986111111111,0.0612896360927857,0.12670758265689963,576,8822,576,11520
-6.4030000000000005,1.0,0.7645833333333333,0.061381074168797956,0.12688342585249804,576,8808,576,11520
-6.401,1.0,0.7622395833333333,0.06155819172811799,0.12722393400258425,576,8781,576,11520
-6.3995,1.0,0.7621527777777778,0.06156477126977341,0.12723658051689862,576,8780,576,11520
-6.398,1.0,0.7614583333333333,0.06161745827984596,0.12733784321528055,576,8772,576,11520
-6.3955,1.0,0.7598958333333333,0.06173633440514469,0.12756627466613515,576,8754,576,11520
-6.3934999999999995,1.0,0.7592013888888889,0.06178931559751127,0.12766806303610612,576,8746,576,11520
-6.3925,1.0,0.7591145833333334,0.06179594464113292,0.12768079800498755,576,8745,576,11520
-6.391500000000001,1.0,0.7587673611111111,0.06182247504561554,0.12773176329707617,576,8741,576,11520
-6.390499999999999,1.0,0.7578125,0.061895551257253385,0.1278721278721279,576,8730,576,11520
-6.3895,1.0,0.7572916666666667,0.06193548387096774,0.12794882047181128,576,8724,576,11520
-6.388,1.0,0.7571180555555556,0.06194880619488062,0.1279744051189762,576,8722,576,11520
-6.3865,1.0,0.7566840277777778,0.06198213709243516,0.12803841152345705,576,8717,576,11520
-6.3855,1.0,0.75625,0.06201550387596899,0.12810248198558846,576,8712,576,11520
-6.3835,1.0,0.7557291666666667,0.062055591467356175,0.12817945123172442,576,8706,576,11520
-6.3815,1.0,0.7556423611111112,0.06206227777179183,0.12819228843264896,576,8705,576,11520
-6.3805,1.0,0.7544270833333333,0.06215603755260602,0.12837227961087155,576,8691,576,11520
-6.379,1.0,0.7543402777777778,0.06216274552126052,0.1283851554663992,576,8690,576,11520
-6.3765,1.0,0.7537326388888889,0.06220974187277244,0.12847535882766237,576,8683,576,11520
-6.3740000000000006,1.0,0.7526041666666666,0.06229720960415315,0.12864321608040202,576,8670,576,11520
-6.3725000000000005,1.0,0.7524305555555556,0.06231068801384682,0.1286690792119019,576,8668,576,11520
-6.371,1.0,0.75234375,0.062317429406037,0.1286820146777923,576,8667,576,11520
-6.369,1.0,0.7514756944444444,0.062384923643452835,0.1288115125289323,576,8657,576,11520
-6.367,1.0,0.7511284722222222,0.06241196229277278,0.12886338467733818,576,8653,576,11520
-6.365,1.0,0.7506944444444444,0.062445793581960105,0.12892828364222403,576,8648,576,11520
-6.3614999999999995,1.0,0.7501736111111111,0.06248643957474506,0.12900624874017336,576,8642,576,11520
-6.358499999999999,1.0,0.7494791666666667,0.06254071661237785,0.12911034900141216,576,8634,576,11520
-6.356999999999999,1.0,0.74921875,0.06256109481915934,0.12914942992634448,576,8631,576,11520
-6.355,1.0,0.7484375,0.06262230919765166,0.12926681478489196,576,8622,576,11520
-6.3535,1.0,0.7475694444444444,0.06269046582498912,0.12939749292357464,576,8612,576,11520
-6.3525,1.0,0.7473090277777777,0.06271094175285792,0.12943674790170898,576,8609,576,11520
-6.351,1.0,0.7471354166666667,0.06272459980398562,0.12946293112167492,576,8607,576,11520
-6.3495,1.0,0.7470486111111111,0.06273143106077107,0.1294760267044305,576,8606,576,11520
-6.3485,1.0,0.7469618055555556,0.06273826380568566,0.1294891249367729,576,8605,576,11520
-6.3475,1.0,0.7466145833333333,0.06276560967636483,0.1295415443780994,576,8601,576,11520
-6.346500000000001,1.0,0.7461805555555555,0.06279982555604012,0.1296071283920616,576,8596,576,11520
-6.345000000000001,1.0,0.7454861111111111,0.06285464862505456,0.12971220105391165,576,8588,576,11520
-6.343500000000001,1.0,0.7452256944444444,0.06287523196157625,0.1297516472377091,576,8585,576,11520
-6.342499999999999,1.0,0.7442708333333333,0.06295081967213115,0.12989648873553888,576,8574,576,11520
-6.340999999999999,1.0,0.7433159722222222,0.06302658934237881,0.1300416539672864,576,8563,576,11520
-6.3395,1.0,0.7431423611111111,0.06304038524679872,0.13006808251193985,576,8561,576,11520
-6.3385,1.0,0.7425347222222223,0.06308871851040526,0.13016066707341875,576,8554,576,11520
-6.3375,1.0,0.7417534722222222,0.06315097028834557,0.13027989821882952,576,8545,576,11520
-6.3365,1.0,0.7409722222222223,0.06321334503950835,0.13039934800326,576,8536,576,11520
-6.3355,1.0,0.7404513888888888,0.06325499670546893,0.1304791029561672,576,8530,576,11520
-6.3345,1.0,0.73984375,0.06330365974282888,0.13057227379373662,576,8523,576,11520
-6.333,1.0,0.7391493055555556,0.06335936640633594,0.13067891781521185,576,8515,576,11520
-6.3315,1.0,0.7372395833333333,0.06351306649024148,0.13097308912309427,576,8493,576,11520
-6.330500000000001,1.0,0.7362847222222222,0.06359019651137117,0.131120671993444,576,8482,576,11520
-6.329000000000001,1.0,0.7353298611111111,0.06366751409306953,0.13126858783714493,576,8471,576,11520
-6.327500000000001,1.0,0.7342881944444445,0.06375207526286664,0.13143033165622756,576,8459,576,11520
-6.3260000000000005,1.0,0.7324652777777778,0.06390059906811627,0.13171434451533237,576,8438,576,11520
-6.3245000000000005,1.0,0.7317708333333334,0.06395736175882745,0.13182286302780638,576,8430,576,11520
-6.3235,1.0,0.7310763888888889,0.06401422538341854,0.13193156050298907,576,8422,576,11520
-6.3225,1.0,0.7303819444444445,0.06407119021134594,0.13204043738394886,576,8414,576,11520
-6.3215,1.0,0.7301215277777777,0.06409257816846556,0.13208131255804356,576,8411,576,11520
-6.3205,1.0,0.7295138888888889,0.06414253897550111,0.13217678645187939,576,8404,576,11520
-6.3195,1.0,0.7289930555555556,0.06418542455983954,0.1322587311427981,576,8398,576,11520
-6.318,1.0,0.7286458333333333,0.06421404682274247,0.13231341740748398,576,8394,576,11520
-6.3165,1.0,0.7276041666666667,0.06430006697923643,0.13247774787828606,576,8382,576,11520
-6.3155,1.0,0.7269965277777778,0.06435035191598704,0.13257379596064217,576,8375,576,11520
-6.314,1.0,0.7265625,0.06438631790744467,0.13264248704663212,576,8370,576,11520
-6.3125,1.0,0.7264756944444445,0.06439351593068754,0.13265623380661207,576,8369,576,11520
-6.3115000000000006,1.0,0.7254340277777778,0.06448001791111609,0.13282141745356438,576,8357,576,11520
-6.310499999999999,1.0,0.725,0.06451612903225806,0.132890365448505,576,8352,576,11520
-6.308999999999999,1.0,0.7249131944444445,0.06452335611067547,0.13290416363825147,576,8351,576,11520
-6.3075,1.0,0.7246527777777778,0.06454504706409682,0.13294557540506854,576,8348,576,11520
-6.306,1.0,0.7245659722222222,0.06455228062310882,0.1329593850628441,576,8347,576,11520
-6.3045,1.0,0.72421875,0.06458123107971746,0.1330146523953029,576,8343,576,11520
-6.303,1.0,0.7241319444444444,0.06458847275173805,0.13302847640823115,576,8342,576,11520
-6.3015,1.0,0.7232638888888889,0.06466097889537495,0.13316687473990846,576,8332,576,11520
-6.2995,1.0,0.7231770833333333,0.06466823846412934,0.13318073041306835,576,8331,576,11520
-6.297499999999999,1.0,0.7230902777777778,0.06467549966314844,0.1331945889698231,576,8330,576,11520
-6.2965,1.0,0.7230034722222223,0.06468276249298147,0.13320845041107296,576,8329,576,11520
-6.2955000000000005,1.0,0.7221354166666667,0.06475548060708262,0.1333472236691322,576,8319,576,11520
-6.294499999999999,1.0,0.7220486111111111,0.064762761412188,0.13336111689935407,576,8318,576,11520
-6.2935,1.0,0.7219618055555556,0.0647700438547172,0.13337501302490362,576,8317,576,11520
-6.2925,1.0,0.721875,0.06477732793522267,0.13338891204668613,576,8316,576,11520
-6.2915,1.0,0.7217881944444444,0.06478461365425711,0.1334028139656071,576,8315,576,11520
-6.29,1.0,0.7211805555555556,0.06483565961278703,0.1335002085940759,576,8308,576,11520
-6.2885,1.0,0.7209201388888888,0.06485756108546335,0.1335419926969223,576,8305,576,11520
-6.2875,1.0,0.7208333333333333,0.06486486486486487,0.1335559265442404,576,8304,576,11520
-6.2865,1.0,0.7207465277777778,0.06487217028944701,0.13356986329959303,576,8303,576,11520
-6.2844999999999995,1.0,0.7203125,0.06490872210953347,0.1336395907287534,576,8298,576,11520
-6.282,1.0,0.7202256944444444,0.06491603741688268,0.13365354495144618,576,8297,576,11520
-6.279999999999999,1.0,0.71953125,0.0649746192893401,0.1337652837287073,576,8289,576,11520
-6.2775,1.0,0.7194444444444444,0.06498194945848375,0.13377926421404684,576,8288,576,11520
-6.2745,1.0,0.7190972222222223,0.06501128668171557,0.13383521539104978,576,8284,576,11520
-6.272,1.0,0.7190104166666667,0.0650186251269895,0.13384921049879747,576,8283,576,11520
-6.27,1.0,0.7184895833333333,0.0650626906133514,0.13393324264936696,576,8277,576,11520
-6.2684999999999995,1.0,0.7182291666666667,0.06508474576271187,0.13397529830437513,576,8274,576,11520
-6.2669999999999995,1.0,0.71796875,0.06510681586978637,0.1340173803790179,576,8271,576,11520
-6.2635000000000005,1.0,0.7171875,0.06517311608961303,0.13414378536994342,576,8262,576,11520
-6.259,1.0,0.7165798611111112,0.06522477635601857,0.13424226533822758,576,8255,576,11520
-6.2565,1.0,0.71640625,0.0652395514780836,0.1342704290359803,576,8253,576,11520
-6.254,1.0,0.7152777777777778,0.06533575317604355,0.13445378151260504,576,8240,576,11520
-6.2515,1.0,0.7149305555555555,0.06536541080344985,0.13451029844472467,576,8236,576,11520
-6.250500000000001,1.0,0.7145833333333333,0.0653950953678474,0.1345668629100084,576,8232,576,11520
-6.248,1.0,0.7144965277777777,0.06540252072215283,0.13458101146041426,576,8231,576,11520
-6.2435,1.0,0.7138020833333333,0.06546198431639959,0.13469430706092816,576,8223,576,11520
-6.2405,1.0,0.7137152777777778,0.06546942486928847,0.1347084824247527,576,8222,576,11520
-6.2395,1.0,0.7131076388888888,0.06552155613695826,0.1348077935755661,576,8215,576,11520
-6.237,1.0,0.7130208333333333,0.06552901023890785,0.13482199283758164,576,8214,576,11520
-6.2330000000000005,1.0,0.7125,0.06557377049180328,0.1349072512647555,576,8208,576,11520
-6.2305,1.0,0.7124131944444444,0.0655812364795628,0.13492147148729844,576,8207,576,11520
-6.2285,1.0,0.7122395833333334,0.06559617355654254,0.13494992092778071,576,8205,576,11520
-6.226,1.0,0.7121527777777777,0.06560364464692484,0.13496415014761706,576,8204,576,11520
-6.223,1.0,0.71171875,0.06564102564102564,0.13503534128072583,576,8199,576,11520
-6.2204999999999995,1.0,0.7115451388888889,0.06565598996922375,0.13506383876754247,576,8197,576,11520
-6.2195,1.0,0.7113715277777778,0.06567096112187892,0.13509234828496042,576,8195,576,11520
-6.2170000000000005,1.0,0.7112847222222223,0.06567844925883694,0.13510660755752585,576,8194,576,11520
-6.2135,1.0,0.7111979166666667,0.06568593910366062,0.1351208698405996,576,8193,576,11520
-6.211,1.0,0.7110243055555555,0.06570092391924262,0.1351494034420864,576,8191,576,11520
-6.2095,1.0,0.7107638888888889,0.06572341396622547,0.1351922264469793,576,8188,576,11520
-6.2075,1.0,0.7105034722222222,0.06574591941559182,0.13523507659799264,576,8185,576,11520
-6.205500000000001,1.0,0.7102430555555556,0.06576844028316968,0.13527795392094694,576,8182,576,11520
-6.204000000000001,1.0,0.7099826388888889,0.06579097658480867,0.13532085844169575,576,8179,576,11520
-6.202500000000001,1.0,0.7097222222222223,0.06581352833638025,0.1353637901861252,576,8176,576,11520
-6.2010000000000005,1.0,0.709375,0.06584362139917696,0.13542107490478206,576,8172,576,11520
-6.1995000000000005,1.0,0.7090277777777778,0.06587374199451052,0.1354784081287045,576,8168,576,11520
-6.1985,1.0,0.7089409722222222,0.06588127644973121,0.1354927490208532,576,8167,576,11520
-6.1965,1.0,0.7088541666666667,0.06588881262868909,0.13550709294939658,576,8166,576,11520
-6.1945,1.0,0.7087673611111112,0.06589635053197575,0.1355214399152991,576,8165,576,11520
-6.191,1.0,0.70859375,0.06591143151390319,0.1355501429630414,576,8163,576,11520
-6.1875,1.0,0.7085069444444444,0.06591897459372854,0.13556449904681214,576,8162,576,11520
-6.1865000000000006,1.0,0.7082465277777777,0.06594161419576416,0.13560758554931668,576,8159,576,11520
-6.185499999999999,1.0,0.7081597222222222,0.06594916418594,0.135621953803772,576,8158,576,11520
-6.1845,1.0,0.7074652777777778,0.06600962640385057,0.1357370095440085,576,8150,576,11520
-6.1835,1.0,0.7073784722222223,0.06601719197707737,0.1357514052391558,576,8149,576,11520
-6.182,1.0,0.7068576388888889,0.06606262186030508,0.13583784357423329,576,8143,576,11520
-6.18,1.0,0.7067708333333333,0.06607019958706126,0.13585226066652517,576,8142,576,11520
-6.178,1.0,0.7065104166666667,0.06609294320137693,0.13589553031107338,576,8139,576,11520
-6.1765,1.0,0.7052951388888888,0.0661992874382255,0.13609782030834663,576,8125,576,11520
-6.175000000000001,1.0,0.7052083333333333,0.06620689655172414,0.1361122926414292,576,8124,576,11520
-6.173500000000001,1.0,0.7045138888888889,0.06626783248964566,0.13622818220519373,576,8116,576,11520
-6.172499999999999,1.0,0.7044270833333334,0.06627545736969279,0.13624268227780734,576,8115,576,11520
-6.1715,1.0,0.7036458333333333,0.0663441603317208,0.13637332196888985,576,8106,576,11520
-6.1705000000000005,1.0,0.7035590277777778,0.06635180278769727,0.13638785295684605,576,8105,576,11520
-6.1690000000000005,1.0,0.703125,0.06639004149377593,0.13646055437100216,576,8100,576,11520
-6.167,1.0,0.7022569444444444,0.06646665128086776,0.13660618996798293,576,8090,576,11520
-6.165,1.0,0.7013020833333333,0.06655112651646447,0.13676674858425045,576,8079,576,11520
-6.1635,1.0,0.7010416666666667,0.06657420249653259,0.1368106028217187,576,8076,576,11520
-6.162,1.0,0.7001736111111111,0.0666512381393196,0.1369569869462872,576,8066,576,11520
-6.1605,1.0,0.6995659722222223,0.06670526925303995,0.13705964235999574,576,8059,576,11520
-6.1594999999999995,1.0,0.6993055555555555,0.06672845227062095,0.13710368466152528,576,8056,576,11520
-6.1579999999999995,1.0,0.6986111111111111,0.06679035250463822,0.137221269296741,576,8048,576,11520
-6.1555,1.0,0.6983506944444444,0.06681359471059042,0.13726541554959787,576,8045,576,11520
-6.1530000000000005,1.0,0.6977430555555556,0.06686788948223822,0.13736853402017601,576,8038,576,11520
-6.151,1.0,0.6963541666666667,0.06699232379623168,0.1376048161685659,576,8022,576,11520
-6.1495,1.0,0.6956597222222223,0.06705471478463329,0.1377232623197762,576,8014,576,11520
-6.1485,1.0,0.6955729166666667,0.067062521830248,0.13773808242763372,576,8013,576,11520
-6.147,1.0,0.6950520833333333,0.06710940230688571,0.13782707009798642,576,8007,576,11520
-6.145,1.0,0.6947916666666667,0.06713286713286713,0.13787160706591986,576,8004,576,11520
-6.1434999999999995,1.0,0.6940104166666666,0.0672033601680084,0.13800539083557953,576,7995,576,11520
-6.1419999999999995,1.0,0.6936631944444445,0.06723473794793977,0.1380649336641139,576,7991,576,11520
-6.140000000000001,1.0,0.6927083333333334,0.06732117812061711,0.13822894168466524,576,7980,576,11520
-6.138,1.0,0.6923611111111111,0.06735266604303088,0.13828867761452032,576,7976,576,11520
-6.135999999999999,1.0,0.6919270833333333,0.06739206739206739,0.13836342017079237,576,7971,576,11520
-6.1345,1.0,0.6916666666666667,0.06741573033707865,0.1384083044982699,576,7968,576,11520
-6.133,1.0,0.6912326388888889,0.06745520552757935,0.13848317645786,576,7963,576,11520
-6.131,1.0,0.6907986111111111,0.06749472697445512,0.13855812946525223,576,7958,576,11520
-6.129,1.0,0.6903645833333333,0.06753429475905734,0.13863316365211742,576,7953,576,11520
-6.127000000000001,1.0,0.6900173611111111,0.06756598240469208,0.13869324953949508,576,7949,576,11520
-6.125500000000001,1.0,0.6896701388888888,0.0675976998004929,0.13875338753387534,576,7945,576,11520
-6.1240000000000006,1.0,0.6891493055555555,0.06764533176746917,0.1388436923744441,576,7939,576,11520
-6.122,1.0,0.68828125,0.06772486772486773,0.13899446193940712,576,7929,576,11520
-6.12,1.0,0.6878472222222223,0.06776470588235294,0.13906996957844414,576,7924,576,11520
-6.1185,1.0,0.6873263888888889,0.06781257358135154,0.1391606871058926,576,7918,576,11520
-6.1175,1.0,0.6872395833333333,0.06782055810667609,0.13917581820158748,576,7917,576,11520
-6.116,1.0,0.6868923611111111,0.06785251501943691,0.1392363755031002,576,7913,576,11520
-6.1145,1.0,0.6868055555555556,0.06786050895381715,0.1392515230635335,576,7912,576,11520
-6.1135,1.0,0.68671875,0.06786850477200425,0.13926667392013925,576,7911,576,11520
-6.112500000000001,1.0,0.6866319444444444,0.06787650247466415,0.1392818280739935,576,7910,576,11520
-6.111000000000001,1.0,0.6864583333333333,0.06789250353606789,0.1393121462777536,576,7908,576,11520
-6.109,1.0,0.6862847222222223,0.06790851214336241,0.1393424776834313,576,7906,576,11520
-6.106999999999999,1.0,0.6861979166666666,0.06791651927838699,0.13935764833968428,576,7905,576,11520
-6.1035,1.0,0.6860243055555556,0.06793253921453002,0.1393879995644125,576,7903,576,11520
-6.1,1.0,0.6857638888888888,0.06795658329400661,0.1394335511982571,576,7900,576,11520
-6.098000000000001,1.0,0.6855902777777778,0.0679726221383054,0.13946393549792985,576,7898,576,11520
-6.096500000000001,1.0,0.6854166666666667,0.0679886685552408,0.13949433304272013,576,7896,576,11520
-6.093999999999999,1.0,0.6849826388888889,0.06802881776308019,0.13957038490895216,576,7891,576,11520
-6.09,1.0,0.6848958333333334,0.06803685329553508,0.1395856052344602,576,7890,576,11520
-6.087,1.0,0.6848090277777777,0.06804489072652097,0.13960082887992148,576,7889,576,11520
-6.0845,1.0,0.6847222222222222,0.06805293005671077,0.13961605584642234,576,7888,576,11520
-6.082000000000001,1.0,0.6846354166666667,0.06806097128677774,0.13963128613504963,576,7887,576,11520
-6.0795,1.0,0.6842013888888889,0.06810120595885552,0.13970748744815542,576,7882,576,11520
-6.077500000000001,1.0,0.6839409722222223,0.06812536960378475,0.13975324817119772,576,7879,576,11520
-6.0745000000000005,1.0,0.6837673611111111,0.06814148822903111,0.13978377197772196,576,7877,576,11520
-6.0695,1.0,0.6833333333333333,0.06818181818181818,0.13986013986013987,576,7872,576,11520
-6.064500000000001,1.0,0.6827256944444444,0.06823836038384078,0.13996719518862766,576,7865,576,11520
-6.0615000000000006,1.0,0.6826388888888889,0.06824644549763033,0.1399825021872266,576,7864,576,11520
-6.0595,1.0,0.6815104166666667,0.06835172659309363,0.14018179826963093,576,7851,576,11520
-6.0575,1.0,0.6809895833333334,0.06840042750267189,0.14027397260273974,576,7845,576,11520
-6.0525,1.0,0.6809027777777777,0.0684085510688836,0.14028934677772908,576,7844,576,11520
-6.047499999999999,1.0,0.6807291666666667,0.0684248039914469,0.14032010524007893,576,7842,576,11520
-6.0435,1.0,0.68046875,0.06844919786096257,0.14036626823116571,576,7839,576,11520
-6.039,1.0,0.6794270833333333,0.06854694751874331,0.1405512243329307,576,7827,576,11520
-6.0375,1.0,0.6791666666666667,0.06857142857142857,0.14059753954305798,576,7824,576,11520
-6.0329999999999995,1.0,0.6789930555555556,0.06858775899023577,0.14062843331136016,576,7822,576,11520
-6.0255,1.0,0.6788194444444444,0.06860409718913768,0.14065934065934066,576,7820,576,11520
-6.0205,1.0,0.6786458333333333,0.06862044317369549,0.14069026159595518,576,7818,576,11520
-6.0095,1.0,0.6772569444444444,0.06875149200286465,0.14093811935696984,576,7802,576,11520
-5.9990000000000006,1.0,0.6771701388888889,0.06875969917631611,0.14095363946701905,576,7801,576,11520
-5.9895,1.0,0.6756076388888889,0.06890776408661323,0.1412335871124352,576,7783,576,11520
-5.9795,1.0,0.6753472222222222,0.06893250359023456,0.14128035320088303,576,7780,576,11520
-5.97,1.0,0.6748263888888889,0.06898203592814371,0.14137397835210957,576,7774,576,11520
-5.9595,1.0,0.6746527777777778,0.0689985625299473,0.14140521431727796,576,7772,576,11520
-5.9465,1.0,0.6732638888888889,0.06913106096975516,0.14165559982293052,576,7756,576,11520
-5.9254999999999995,1.0,0.6716145833333333,0.06928906531937928,0.14195408672507487,576,7737,576,11520
-5.914,1.0,0.6709201388888889,0.06935580975316075,0.14208014208014208,576,7729,576,11520
-5.909000000000001,1.0,0.6708333333333333,0.06936416184971098,0.14209591474245117,576,7728,576,11520
-5.9,1.0,0.6707465277777778,0.06937251595808744,0.1421116909070723,576,7727,576,11520
-5.891,1.0,0.6697048611111112,0.0694729224460258,0.1423012784880489,576,7715,576,11520
-5.8805,1.0,0.6692708333333334,0.06951484431571325,0.14238042269187987,576,7710,576,11520
-5.872,1.0,0.66875,0.06956521739130435,0.14247551202137135,576,7704,576,11520
-5.8614999999999995,1.0,0.6686631944444444,0.06957362000241575,0.14249137259267505,576,7703,576,11520
-5.843999999999999,1.0,0.6677083333333333,0.06966618287373004,0.14266607222469907,576,7692,576,11520
-5.8335,1.0,0.6671875,0.06971677559912855,0.14276154360919027,576,7686,576,11520
-5.824999999999999,1.0,0.6670138888888889,0.06973365617433414,0.142793395805444,576,7684,576,11520
-5.8149999999999995,1.0,0.6668402777777778,0.06975054492613224,0.14282526221825487,576,7682,576,11520
-5.8065,1.0,0.6663194444444445,0.0698012603005332,0.1429209468512729,576,7676,576,11520
-5.8004999999999995,1.0,0.6662326388888888,0.06980972003393528,0.14293690675600224,576,7675,576,11520
-5.794499999999999,1.0,0.6660590277777778,0.06982664565401867,0.14296883726125323,576,7673,576,11520
-5.786,1.0,0.6654513888888889,0.06988595001213298,0.14308070646098817,576,7666,576,11520
-5.7805,1.0,0.6651909722222222,0.06991139701420075,0.14312870401431288,576,7663,576,11520
-5.773999999999999,1.0,0.6645833333333333,0.06997084548104957,0.14324082363473592,576,7656,576,11520
-5.768,1.0,0.6644965277777778,0.06997934637346616,0.14325685506435368,576,7655,576,11520
-5.765499999999999,1.0,0.6641493055555555,0.07001337060897046,0.14332101668346212,576,7651,576,11520
-5.763999999999999,1.0,0.6631944444444444,0.07010710808179163,0.14349775784753363,576,7640,576,11520
-5.7620000000000005,1.0,0.6630208333333333,0.07012417823228634,0.1435299394483068,576,7638,576,11520
-5.7585,1.0,0.6629340277777778,0.0701327164251796,0.14354603566221824,576,7637,576,11520
-5.7555,1.0,0.6626736111111111,0.07015834348355664,0.14359434597262732,576,7634,576,11520
-5.7545,1.0,0.6613715277777777,0.07028676021964612,0.143836386110799,576,7619,576,11520
-5.7535,1.0,0.6611979166666667,0.07030391797876236,0.14386871979318872,576,7617,576,11520
-5.752000000000001,1.0,0.6611111111111111,0.0703125,0.14388489208633096,576,7616,576,11520
-5.7495,1.0,0.6609375,0.07032967032967033,0.14391724758264,576,7614,576,11520
-5.7465,1.0,0.6597222222222222,0.07045009784735812,0.14414414414414414,576,7600,576,11520
-5.7445,1.0,0.6592881944444444,0.07049320768571778,0.14422535211267606,576,7595,576,11520
-5.7435,1.0,0.6577256944444444,0.0706488409174537,0.1445184599751609,576,7577,576,11520
-5.7415,1.0,0.6573784722222222,0.07068351945023929,0.14458375691855868,576,7573,576,11520
-5.739000000000001,1.0,0.6566840277777778,0.07075297874953937,0.1447145279819107,576,7565,576,11520
-5.7365,1.0,0.65625,0.07079646017699115,0.14479638009049772,576,7560,576,11520
-5.7335,1.0,0.6555555555555556,0.07086614173228346,0.1449275362318841,576,7552,576,11520
-5.731,1.0,0.6541666666666667,0.07100591715976332,0.14519056261343014,576,7536,576,11520
-5.7295,1.0,0.6529513888888889,0.0711286737466041,0.14542149511474664,576,7522,576,11520
-5.728,1.0,0.6527777777777778,0.07114624505928854,0.14545454545454548,576,7520,576,11520
-5.726,1.0,0.6521701388888889,0.07120781307949067,0.14557034004321623,576,7513,576,11520
-5.7235,1.0,0.6513888888888889,0.07128712871287128,0.14571948998178508,576,7504,576,11520
-5.721500000000001,1.0,0.6506944444444445,0.07135777998017839,0.14585232452142205,576,7496,576,11520
-5.7204999999999995,1.0,0.6489583333333333,0.07153502235469449,0.14618547281863864,576,7476,576,11520
-5.7185,1.0,0.6480034722222222,0.07163288148240268,0.14636935391652373,576,7465,576,11520
-5.7155000000000005,1.0,0.646875,0.07174887892376682,0.14658726523133306,576,7452,576,11520
-5.7135,1.0,0.6453993055555556,0.07190113593808513,0.14687320711417096,576,7435,576,11520
-5.7125,1.0,0.6447916666666667,0.07196401799100449,0.14699127239320167,576,7428,576,11520
-5.7105,1.0,0.6446180555555555,0.07198200449887528,0.14702504020215945,576,7426,576,11520
-5.7085,1.0,0.6424479166666667,0.07220759684091764,0.14744845063932727,576,7401,576,11520
-5.7075,1.0,0.6421006944444444,0.07224382290229525,0.1475164227267489,576,7397,576,11520
-5.7055,1.0,0.64140625,0.07231638418079096,0.14765255508132427,576,7389,576,11520
-5.7025,1.0,0.6409722222222223,0.07236180904522613,0.14773776546629733,576,7384,576,11520
-5.699999999999999,1.0,0.6401041666666667,0.07245283018867925,0.1479084816269933,576,7374,576,11520
-5.6985,1.0,0.6393229166666666,0.07253494522100491,0.14806246385193755,576,7365,576,11520
-5.697,1.0,0.6378472222222222,0.07269056032306916,0.1483541956420955,576,7348,576,11520
-5.6955,1.0,0.6375,0.07272727272727272,0.14842300556586271,576,7344,576,11520
-5.6945,1.0,0.6370659722222223,0.07277321541377132,0.14850910778512588,576,7339,576,11520
-5.6925,1.0,0.6369791666666667,0.07278241091736164,0.1485263402181481,576,7338,576,11520
-5.6899999999999995,1.0,0.6368055555555555,0.07280080889787664,0.14856081708449398,576,7336,576,11520
-5.688000000000001,1.0,0.6366319444444445,0.07281921618204804,0.1485953099605294,576,7334,576,11520
-5.6865000000000006,1.0,0.6349826388888888,0.07299455075402357,0.14892379290285052,576,7315,576,11520
-5.6845,1.0,0.6348090277777778,0.07301305615413868,0.148958454556034,576,7313,576,11520
-5.6805,1.0,0.6345486111111112,0.07304083185391834,0.1490104772991851,576,7310,576,11520
-5.677,1.0,0.63359375,0.07314285714285715,0.14920153864086724,576,7299,576,11520
-5.6754999999999995,1.0,0.6334201388888889,0.07316143782547949,0.14923632971901596,576,7297,576,11520
-5.6705000000000005,1.0,0.6322048611111111,0.07329176740043263,0.14948032231694502,576,7283,576,11520
-5.6655,1.0,0.6319444444444444,0.07331975560081466,0.14953271028037385,576,7280,576,11520
-5.6645,1.0,0.6317708333333333,0.07333842627960276,0.14956765599439123,576,7278,576,11520
-5.6635,1.0,0.6311631944444445,0.07340384860456226,0.14969009472576306,576,7271,576,11520
-5.6615,1.0,0.6310763888888888,0.07341320418047413,0.1497076023391813,576,7270,576,11520
-5.657,1.0,0.63046875,0.07347876004592423,0.1498302703968161,576,7263,576,11520
-5.6530000000000005,1.0,0.6302083333333334,0.07350689127105667,0.14988290398126464,576,7260,576,11520
-5.6485,1.0,0.6296006944444444,0.07357261463788478,0.1500058596038908,576,7253,576,11520
-5.6445,1.0,0.6291666666666667,0.0736196319018405,0.150093808630394,576,7248,576,11520
-5.6434999999999995,1.0,0.6290798611111111,0.07362904256679023,0.15011141081271256,576,7247,576,11520
-5.6419999999999995,1.0,0.6283854166666667,0.07370441458733205,0.15025237703955865,576,7239,576,11520
-5.6375,1.0,0.6276909722222223,0.07377994107851928,0.15039360827164847,576,7231,576,11520
-5.632,1.0,0.6275173611111111,0.0737988468930173,0.15042895757433306,576,7229,576,11520
-5.6274999999999995,1.0,0.6271701388888888,0.07383668760415331,0.1504997060552616,576,7225,576,11520
-5.624499999999999,1.0,0.6265625,0.07390300230946882,0.15062367615909625,576,7218,576,11520
-5.621,1.0,0.6263888888888889,0.07392197125256673,0.15065913370998119,576,7216,576,11520
-5.616,1.0,0.6259548611111111,0.07396943623988698,0.15074785066541044,576,7211,576,11520
-5.611,1.0,0.6255208333333333,0.07401696222050887,0.15083667216592034,576,7206,576,11520
-5.6075,1.0,0.6252604166666667,0.07404550713459314,0.1508900153247672,576,7203,576,11520
-5.606,1.0,0.6250868055555555,0.07406454931207407,0.15092559839641553,576,7201,576,11520
-5.6045,1.0,0.6247395833333333,0.07410266306445387,0.1509968149109355,576,7197,576,11520
-5.5995,1.0,0.6245659722222222,0.07412173465448463,0.15103244837758112,576,7195,576,11520
-5.592499999999999,1.0,0.6236111111111111,0.07422680412371134,0.15122873345935728,576,7184,576,11520
-5.5875,1.0,0.6231770833333333,0.07427466150870406,0.15131812270954015,576,7179,576,11520
-5.5845,1.0,0.6224826388888889,0.07435136181747773,0.15146136551887351,576,7171,576,11520
-5.5835,1.0,0.6223090277777777,0.07437056165267915,0.1514972186057522,576,7169,576,11520
-5.579000000000001,1.0,0.6221354166666667,0.07438977140643162,0.15153308867053392,576,7167,576,11520
-5.574,1.0,0.62109375,0.07450523864959255,0.15174866627148786,576,7155,576,11520
-5.569000000000001,1.0,0.6197916666666666,0.07465007776049767,0.15201900237529695,576,7140,576,11520
-5.5605,1.0,0.6190972222222222,0.07472755578619616,0.15216357584403237,576,7132,576,11520
-5.5545,1.0,0.6176215277777778,0.07489273176439995,0.15247170935080406,576,7115,576,11520
-5.5495,1.0,0.6175347222222223,0.07490247074122236,0.15248987371932332,576,7114,576,11520
-5.542,1.0,0.6171875,0.07494145199063232,0.15256257449344457,576,7110,576,11520
-5.537,1.0,0.6164930555555556,0.07501953633758791,0.15270818420424723,576,7102,576,11520
-5.531499999999999,1.0,0.6158854166666666,0.07508799374266718,0.1528358208955224,576,7095,576,11520
-5.5265,1.0,0.6155381944444445,0.07512716838398331,0.15290885198900966,576,7091,576,11520
-5.5235,1.0,0.6144965277777777,0.0752449379490529,0.1531283646369183,576,7079,576,11520
-5.5184999999999995,1.0,0.6142361111111111,0.07527443805541036,0.15318334131163236,576,7076,576,11520
-5.511,1.0,0.6137152777777778,0.07533350771645304,0.1532934131736527,576,7070,576,11520
-5.5045,1.0,0.6126736111111111,0.07545192559601782,0.1535140321420005,576,7058,576,11520
-5.5024999999999995,1.0,0.6125,0.07547169811320754,0.15355086372360846,576,7056,576,11520
-5.499499999999999,1.0,0.6122395833333333,0.07550137632717263,0.15360614424576985,576,7053,576,11520
-5.492,1.0,0.6111111111111112,0.07563025210084033,0.15384615384615385,576,7040,576,11520
-5.4864999999999995,1.0,0.6106770833333334,0.07567993693338589,0.1539386650631389,576,7035,576,11520
-5.483499999999999,1.0,0.6104166666666667,0.07570977917981073,0.15399422521655437,576,7032,576,11520
-5.479,1.0,0.61015625,0.0757396449704142,0.15404982549043209,576,7029,576,11520
-5.4755,1.0,0.609375,0.07582938388625593,0.15421686746987953,576,7020,576,11520
-5.471,1.0,0.6092013888888889,0.07584935475375296,0.1542540371173777,576,7018,576,11520
-5.467499999999999,1.0,0.6087673611111111,0.07589932797470023,0.15434703967201258,576,7013,576,11520
-5.4635,1.0,0.6084201388888889,0.07593935398813448,0.1544215224996984,576,7009,576,11520
-5.4585,1.0,0.6082465277777778,0.07595938283001451,0.15445879087727765,576,7007,576,11520
-5.4559999999999995,1.0,0.6078993055555556,0.07599947222588732,0.1545333816250151,576,7003,576,11520
-5.4535,1.0,0.6077256944444445,0.07601953279662135,0.15457070402125347,576,7001,576,11520
-5.451499999999999,1.0,0.6075520833333333,0.07603960396039604,0.1546080444498128,576,6999,576,11520
-5.4495000000000005,1.0,0.6065972222222222,0.07615018508725542,0.1548137397194001,576,6988,576,11520
-5.4475,1.0,0.6065104166666667,0.07616025386751289,0.15483246643280513,576,6987,576,11520
-5.4445,1.0,0.6063368055555556,0.0761803994180664,0.15486993345432545,576,6985,576,11520
-5.441000000000001,1.0,0.6057291666666667,0.07625099285146943,0.15500121094696054,576,6978,576,11520
-5.439,1.0,0.6053819444444445,0.07629139072847682,0.15507632662951296,576,6974,576,11520
-5.436,1.0,0.6035590277777778,0.0765041838225528,0.1554718814526904,576,6953,576,11520
-5.4335,1.0,0.6027777777777777,0.07659574468085106,0.15564202334630353,576,6944,576,11520
-5.431,1.0,0.60234375,0.07664670658682635,0.1557367076286653,576,6939,576,11520
-5.4285,1.0,0.6010416666666667,0.0768,0.1560214529497806,576,6924,576,11520
-5.427,1.0,0.6006076388888889,0.07685123415610406,0.1561165995853153,576,6919,576,11520
-5.4254999999999995,1.0,0.6002604166666666,0.07689227072486984,0.15619280048810252,576,6915,576,11520
-5.4245,1.0,0.59921875,0.07701564380264742,0.15642185017719665,576,6903,576,11520
-5.423500000000001,1.0,0.5989583333333334,0.07704654895666131,0.156479217603912,576,6900,576,11520
-5.4215,1.0,0.5987847222222222,0.07706716617607706,0.15651748593788212,576,6898,576,11520
-5.4190000000000005,1.0,0.5978298611111111,0.07718075840814685,0.15672829680421207,576,6887,576,11520
-5.417,1.0,0.5972222222222222,0.07725321888412018,0.15686274509803924,576,6880,576,11520
-5.414,1.0,0.5955729166666667,0.07745058491327148,0.15722884166564305,576,6861,576,11520
-5.4105,1.0,0.5941840277777778,0.07761757175582805,0.15753846153846154,576,6845,576,11520
-5.4085,1.0,0.5940972222222223,0.07762803234501348,0.15755785327424912,576,6844,576,11520
-5.407500000000001,1.0,0.5935763888888889,0.07769085513892636,0.15767430401576746,576,6838,576,11520
-5.404999999999999,1.0,0.5918402777777778,0.07790100081146877,0.158063719436898,576,6818,576,11520
-5.401999999999999,1.0,0.5909722222222222,0.0780065005417118,0.15825914935707222,576,6808,576,11520
-5.4,1.0,0.5902777777777778,0.07809110629067245,0.15841584158415842,576,6800,576,11520
-5.3985,1.0,0.5891493055555556,0.07822898275159582,0.15867112929217803,576,6787,576,11520
-5.396,1.0,0.5889756944444444,0.07825023773943758,0.15871047737135774,576,6785,576,11520
-5.3919999999999995,1.0,0.5875,0.0784313725490196,0.15904572564612326,576,6768,576,11520
-5.3895,1.0,0.5872395833333334,0.07846342460155292,0.1591050341827222,576,6765,576,11520
-5.3875,1.0,0.5866319444444444,0.07853831469866376,0.15924359293356558,576,6758,576,11520
-5.3835,1.0,0.5860243055555555,0.07861334789136072,0.1593823932262483,576,6751,576,11520
-5.38,1.0,0.5848958333333333,0.07875307629204266,0.15964080818159143,576,6738,576,11520
-5.377,1.0,0.5845486111111111,0.07879616963064295,0.159720489143998,576,6734,576,11520
-5.3740000000000006,1.0,0.5833333333333334,0.07894736842105263,0.16,576,6720,576,11520
-5.371,1.0,0.5827256944444444,0.0790231856221704,0.1601401226072814,576,6713,576,11520
-5.3685,1.0,0.5826388888888889,0.07903402854006586,0.16016016016016016,576,6712,576,11520
-5.367,1.0,0.5823784722222223,0.0790665751544269,0.1602203029165102,576,6709,576,11520
-5.3655,1.0,0.5818576388888889,0.07913174886660256,0.160340724038582,576,6703,576,11520
-5.3645,1.0,0.58125,0.07920792079207921,0.160481444332999,576,6696,576,11520
-5.3635,1.0,0.5809027777777778,0.07925151348376444,0.16056196688409435,576,6692,576,11520
-5.361000000000001,1.0,0.58046875,0.07930607187112763,0.16066273377682944,576,6687,576,11520
-5.3580000000000005,1.0,0.5799479166666667,0.07937164117403886,0.160783821127999,576,6681,576,11520
-5.356,1.0,0.5797743055555555,0.0793935217091661,0.1608242241487624,576,6679,576,11520
-5.353,1.0,0.5793402777777777,0.07944827586206897,0.16092532059341214,576,6674,576,11520
-5.3505,1.0,0.5792534722222222,0.07945923575665609,0.1609455551364265,576,6673,576,11520
-5.348,1.0,0.5777777777777777,0.07964601769911504,0.16129032258064518,576,6656,576,11520
-5.345000000000001,1.0,0.5776041666666667,0.07966804979253111,0.1613309805898664,576,6654,576,11520
-5.343,1.0,0.5767361111111111,0.07977839335180055,0.16153457849570926,576,6644,576,11520
-5.340999999999999,1.0,0.5765625,0.0798004987531172,0.16157535975763698,576,6642,576,11520
-5.338,1.0,0.5761284722222222,0.07985581588798003,0.1616774030567134,576,6637,576,11520
-5.3345,1.0,0.5756944444444444,0.07991120976692564,0.16177957532861478,576,6632,576,11520
-5.3315,1.0,0.5750868055555556,0.07998889043188447,0.16192283364958887,576,6625,576,11520
-5.327500000000001,1.0,0.575,0.08,0.1619433198380567,576,6624,576,11520
-5.324,1.0,0.5736111111111111,0.0801781737193764,0.1622718052738337,576,6608,576,11520
-5.3225,1.0,0.5734375,0.08020050125313283,0.1623129596753741,576,6606,576,11520
-5.3215,1.0,0.5731770833333333,0.08023401587964897,0.16237473043257644,576,6603,576,11520
-5.3205,1.0,0.5727430555555556,0.0802899358795651,0.1624777862401625,576,6598,576,11520
-5.316000000000001,1.0,0.5724826388888888,0.0803235253102775,0.16253968253968254,576,6595,576,11520
-5.3115000000000006,1.0,0.5722222222222222,0.08035714285714286,0.1626016260162602,576,6592,576,11520
-5.310499999999999,1.0,0.571875,0.08040201005025126,0.1626842907981698,576,6588,576,11520
-5.308999999999999,1.0,0.5717013888888889,0.08042446244065904,0.1627256547165014,576,6586,576,11520
-5.3075,1.0,0.5715277777777777,0.08044692737430167,0.16276703967446593,576,6584,576,11520
-5.3065,1.0,0.5712673611111111,0.08048064831633366,0.16282915659585295,576,6581,576,11520
-5.303,1.0,0.5710069444444444,0.08051439753983786,0.1628913209468058,576,6578,576,11520
-5.2995,1.0,0.5705729166666667,0.08057070919009651,0.16299503374506558,576,6573,576,11520
-5.297000000000001,1.0,0.5698784722222222,0.0806609718526817,0.1631612492033142,576,6565,576,11520
-5.2935,1.0,0.5697916666666667,0.08067226890756303,0.1631820499745028,576,6564,576,11520
-5.2915,1.0,0.56953125,0.0807061790668348,0.16324448412192322,576,6561,576,11520
-5.29,1.0,0.5694444444444444,0.08071748878923767,0.163265306122449,576,6560,576,11520
-5.285,1.0,0.5691840277777778,0.08075143698303659,0.16332780400663519,576,6557,576,11520
-5.2795,1.0,0.5690972222222223,0.08076275939427931,0.16334864726901482,576,6556,576,11520
-5.276999999999999,1.0,0.5680555555555555,0.08089887640449438,0.16359918200409,576,6544,576,11520
-5.275,1.0,0.5675347222222222,0.08096710711273546,0.16372473778459964,576,6538,576,11520
-5.2725,1.0,0.5670138888888889,0.08103545301069218,0.1638504864311316,576,6532,576,11520
-5.27,1.0,0.5663194444444445,0.08112676056338028,0.16401845207585852,576,6524,576,11520
-5.268000000000001,1.0,0.5660590277777777,0.0811610539664647,0.16408152800922962,576,6521,576,11520
-5.265000000000001,1.0,0.5657986111111111,0.0811953763744009,0.16414465247499363,576,6518,576,11520
-5.2620000000000005,1.0,0.5650173611111111,0.0812985179957657,0.1643343176274233,576,6509,576,11520
-5.26,1.0,0.5644965277777778,0.08136742477751095,0.16446100475395092,576,6503,576,11520
-5.258,1.0,0.5644097222222222,0.08137892059903927,0.1644821382677975,576,6502,576,11520
-5.2565,1.0,0.5642361111111112,0.08140192198982477,0.16452442159383032,576,6500,576,11520
-5.253500000000001,1.0,0.5637152777777777,0.08147100424328148,0.1646514021095961,576,6494,576,11520
-5.250500000000001,1.0,0.5634548611111111,0.0815055893589925,0.16471496589885473,576,6491,576,11520
-5.249499999999999,1.0,0.5628472222222223,0.08158640226628895,0.1648634724368882,576,6484,576,11520
-5.2485,1.0,0.5620659722222222,0.08169054034888669,0.16505480335267572,576,6475,576,11520
-5.246,1.0,0.5616319444444444,0.08174850979279023,0.16516129032258065,576,6470,576,11520
-5.2425,1.0,0.5608506944444445,0.08185306238453886,0.16535331352538432,576,6461,576,11520
-5.24,1.0,0.5605902777777778,0.0818879727040091,0.16541742052209873,576,6458,576,11520
-5.2385,1.0,0.5604166666666667,0.08191126279863481,0.1654601861427094,576,6456,576,11520
-5.237,1.0,0.56015625,0.08194622279129321,0.16552437605069184,576,6453,576,11520
-5.234999999999999,1.0,0.5600694444444444,0.08195788275469551,0.16554578375582,576,6452,576,11520
-5.233499999999999,1.0,0.5594618055555556,0.08203959549921663,0.1656957928802589,576,6445,576,11520
-5.231999999999999,1.0,0.5592881944444444,0.08206297193332383,0.16573870257671888,576,6443,576,11520
-5.2305,1.0,0.5590277777777778,0.08209806157354618,0.16580310880829016,576,6440,576,11520
-5.2295,1.0,0.5587673611111111,0.08213318123484957,0.16586756511597772,576,6437,576,11520
-5.2285,1.0,0.55859375,0.0821566110397946,0.1659105638366818,576,6435,576,11520
-5.2275,1.0,0.5585069444444445,0.08216833095577745,0.16593207155820586,576,6434,576,11520
-5.226,1.0,0.5584201388888889,0.08218005421600799,0.1659535848567354,576,6433,576,11520
-5.2245,1.0,0.5574652777777778,0.08230923120891684,0.16619059984419632,576,6422,576,11520
-5.2235,1.0,0.5568576388888888,0.08239164640251752,0.16634178037686814,576,6415,576,11520
-5.2225,1.0,0.55625,0.08247422680412371,0.1664932362122789,576,6408,576,11520
-5.221500000000001,1.0,0.5551215277777778,0.08262803041170563,0.16677524429967427,576,6395,576,11520
-5.2204999999999995,1.0,0.5546875,0.082687338501292,0.16688396349413298,576,6390,576,11520
-5.2195,1.0,0.5538194444444444,0.08280621046578493,0.16710182767624024,576,6380,576,11520
-5.218500000000001,1.0,0.5524305555555555,0.0829971181556196,0.16745159602302462,576,6364,576,11520
-5.217499999999999,1.0,0.5516493055555556,0.0831048910691098,0.1676489849377865,576,6355,576,11520
-5.2165,1.0,0.5509548611111111,0.08320092445471616,0.1678248328307329,576,6347,576,11520
-5.215,1.0,0.5506076388888889,0.08324902442549502,0.16791289518562247,576,6343,576,11520
-5.2135,1.0,0.55,0.08333333333333333,0.1680672268907563,576,6336,576,11520
-5.2125,1.0,0.5494791666666666,0.08340573414422242,0.16819973718791068,576,6330,576,11520
-5.2115,1.0,0.5477430555555556,0.08364798141155969,0.1686429512516469,576,6310,576,11520
-5.2105,1.0,0.5467013888888889,0.08379400640093104,0.1689100026392188,576,6298,576,11520
-5.2095,1.0,0.5464409722222222,0.08383059234463688,0.16897689768976898,576,6295,576,11520
-5.2085,1.0,0.5456597222222223,0.08394054211600116,0.169177901136664,576,6286,576,11520
-5.2075,1.0,0.5449652777777778,0.08403851765392471,0.16935697274411218,576,6278,576,11520
-5.2065,1.0,0.5447916666666667,0.0840630472854641,0.16940179989412388,576,6276,576,11520
-5.205500000000001,1.0,0.5440972222222222,0.08416130917592052,0.16958134605193428,576,6268,576,11520
-5.2044999999999995,1.0,0.5427083333333333,0.0843585237258348,0.16994158258098777,576,6252,576,11520
-5.2035,1.0,0.5417534722222223,0.08449464573859469,0.17019013429065283,576,6241,576,11520
-5.202500000000001,1.0,0.5413194444444445,0.08455666470933647,0.17030335284725917,576,6236,576,11520
-5.201499999999999,1.0,0.5411458333333333,0.08458149779735682,0.17034868245940912,576,6234,576,11520
-5.2005,1.0,0.5410590277777778,0.08459391981201352,0.1703713563157194,576,6233,576,11520
-5.199,1.0,0.5392361111111111,0.08485562757807896,0.17084890549919915,576,6212,576,11520
-5.197,1.0,0.5371527777777778,0.08515671200473093,0.1713979646491698,576,6188,576,11520
-5.1955,1.0,0.5368055555555555,0.08520710059171598,0.1714898177920686,576,6184,576,11520
-5.194,1.0,0.5363715277777777,0.0852701702442635,0.17160477275774233,576,6179,576,11520
-5.1925,1.0,0.53515625,0.08544726301735647,0.17192746809939558,576,6165,576,11520
-5.1915,1.0,0.5349826388888889,0.08547262205074938,0.17197366653231227,576,6163,576,11520
-5.1905,1.0,0.5333333333333333,0.08571428571428572,0.1724137931034483,576,6144,576,11520
-5.189500000000001,1.0,0.5322048611111111,0.08588042343819889,0.17271623262717584,576,6131,576,11520
-5.1884999999999994,1.0,0.5314236111111111,0.08599581964765601,0.17292623615239122,576,6122,576,11520
-5.1875,1.0,0.5311631944444445,0.08603435399551905,0.17299635085822407,576,6119,576,11520
-5.1865000000000006,1.0,0.5297743055555556,0.08624045515795778,0.17337125829608557,576,6103,576,11520
-5.185499999999999,1.0,0.5293402777777778,0.08630506442912796,0.17348875033884523,576,6098,576,11520
-5.1845,1.0,0.5283854166666667,0.0864475461503827,0.17374779421745623,576,6087,576,11520
-5.183,1.0,0.5277777777777778,0.08653846153846154,0.17391304347826086,576,6080,576,11520
-5.1815,1.0,0.5275173611111111,0.08657748384187584,0.1739839608536088,576,6077,576,11520
-5.1805,1.0,0.5261284722222223,0.08678619858369746,0.1743631657812287,576,6061,576,11520
-5.1795,1.0,0.5260416666666666,0.0867992766726944,0.17438692098092645,576,6060,576,11520
-5.1785,1.0,0.5250868055555555,0.0869433962264151,0.1746486560240142,576,6049,576,11520
-5.1775,1.0,0.5248263888888889,0.08698278465720326,0.17472017472017473,576,6046,576,11520
-5.1765,1.0,0.5246527777777777,0.08700906344410876,0.17476788640087387,576,6044,576,11520
-5.1754999999999995,1.0,0.5231770833333333,0.08723307587460245,0.17517449021486245,576,6027,576,11520
-5.1745,1.0,0.5230902777777777,0.08724628900333233,0.17519846701341363,576,6026,576,11520
-5.173,1.0,0.5217881944444445,0.08744496735995141,0.17555890824303935,576,6011,576,11520
-5.1715,1.0,0.5194444444444445,0.08780487804878048,0.1762114537444934,576,5984,576,11520
-5.1695,1.0,0.5191840277777777,0.0878450510904377,0.17628425836661618,576,5981,576,11520
-5.1675,1.0,0.5185763888888889,0.08793893129770992,0.1764543700027571,576,5974,576,11520
-5.1665,1.0,0.5183159722222223,0.08797922712692836,0.17652737553440903,576,5971,576,11520
-5.164,1.0,0.5175347222222222,0.08810033649434078,0.1767467550400442,576,5962,576,11520
-5.1615,1.0,0.5171006944444444,0.0881677636614113,0.17686886831560042,576,5957,576,11520
-5.1605,1.0,0.515625,0.08839779005524862,0.1772853185595568,576,5940,576,11520
-5.1579999999999995,1.0,0.5144965277777778,0.08857450407504229,0.17760510614680172,576,5927,576,11520
-5.1555,1.0,0.5138020833333333,0.08868360277136259,0.17780247256563414,576,5919,576,11520
-5.1545000000000005,1.0,0.5133680555555555,0.08875192604006163,0.17792604948568252,576,5914,576,11520
-5.153499999999999,1.0,0.5130208333333334,0.08880666049953746,0.1780250347705146,576,5910,576,11520
-5.151,1.0,0.5119791666666667,0.08897126969416126,0.17832265254945667,576,5898,576,11520
-5.148,1.0,0.5113715277777777,0.08906757383640018,0.17849672291172783,576,5891,576,11520
-5.146,1.0,0.5072916666666667,0.08971962616822429,0.17967434025828186,576,5844,576,11520
-5.144,1.0,0.5072048611111111,0.08973360336501013,0.17969956479011653,576,5843,576,11520
-5.1419999999999995,1.0,0.5064236111111111,0.08985959438377535,0.17992690469496767,576,5834,576,11520
-5.1395,1.0,0.5052951388888889,0.09004220728466468,0.18025630192930572,576,5821,576,11520
-5.1370000000000005,1.0,0.5052083333333334,0.0900562851782364,0.18028169014084508,576,5820,576,11520
-5.135,1.0,0.5047743055555556,0.09012674072915036,0.18040873854827344,576,5815,576,11520
-5.133,1.0,0.5036458333333333,0.09031044214487301,0.180739903981926,576,5802,576,11520
-5.1305,1.0,0.503125,0.0903954802259887,0.18089315997738836,576,5796,576,11520
-5.1285,1.0,0.5029513888888889,0.09042386185243328,0.18094430308170764,576,5794,576,11520
-5.1265,1.0,0.5017361111111112,0.09062303335431089,0.18130311614730876,576,5780,576,11520
-5.1235,1.0,0.5016493055555555,0.09063729346970889,0.1813288001133305,576,5779,576,11520
-5.1205,1.0,0.49973958333333335,0.09095215537659877,0.18189569418786414,576,5757,576,11520
-5.1185,1.0,0.49930555555555556,0.09102402022756005,0.1820250284414107,576,5752,576,11520
-5.1175,1.0,0.49895833333333334,0.09108159392789374,0.1821286283437678,576,5748,576,11520
-5.116,1.0,0.49887152777777777,0.09109599873477779,0.18215454674825673,576,5747,576,11520
-5.1129999999999995,1.0,0.4981770833333333,0.09121140142517815,0.18236215985183077,576,5739,576,11520
-5.1105,1.0,0.49756944444444445,0.09131261889663919,0.18254420992584142,576,5732,576,11520
-5.109500000000001,1.0,0.4973090277777778,0.09135606661379857,0.18262234270223998,576,5729,576,11520
-5.106,1.0,0.4965277777777778,0.09148665819567979,0.18285714285714286,576,5720,576,11520
-5.102,1.0,0.49583333333333335,0.0916030534351145,0.18306636155606407,576,5712,576,11520
-5.1005,1.0,0.4954861111111111,0.0916613621896881,0.18317115054378935,576,5708,576,11520
-5.099,1.0,0.4947916666666667,0.09177820267686425,0.18338108882521492,576,5700,576,11520
-5.0969999999999995,1.0,0.4947048611111111,0.09179282868525897,0.18340736495199886,576,5699,576,11520
-5.093500000000001,1.0,0.4935763888888889,0.09198339188757586,0.18374964111398223,576,5686,576,11520
-5.0905000000000005,1.0,0.49331597222222223,0.09202748042818341,0.18382880942122648,576,5683,576,11520
-5.0895,1.0,0.49288194444444444,0.09210105532459226,0.18396090830698478,576,5678,576,11520
-5.0875,1.0,0.490625,0.09248554913294797,0.1846508944027698,576,5652,576,11520
-5.085,1.0,0.4904513888888889,0.09251525859299711,0.18470418470418473,576,5650,576,11520
-5.083,1.0,0.4892361111111111,0.0927237604636188,0.18507807981492194,576,5636,576,11520
-5.0805,1.0,0.4890625,0.0927536231884058,0.18513161700896733,576,5634,576,11520
-5.0785,1.0,0.48880208333333336,0.09279845335911067,0.18521198090001448,576,5631,576,11520
-5.077500000000001,1.0,0.4864583333333333,0.09320388349514563,0.18593840790238234,576,5604,576,11520
-5.0755,1.0,0.48628472222222224,0.09323405632890903,0.18599244405696017,576,5602,576,11520
-5.0735,1.0,0.4856770833333333,0.09333981526494896,0.1861818181818182,576,5595,576,11520
-5.0725,1.0,0.4849826388888889,0.09346097679701444,0.18639871850881026,576,5587,576,11520
-5.0715,1.0,0.4829861111111111,0.09381107491856677,0.1870251315020456,576,5564,576,11520
-5.0705,1.0,0.4826388888888889,0.0938722294654498,0.1871345029239766,576,5560,576,11520
-5.0685,1.0,0.4822916666666667,0.09393346379647749,0.18724400234055005,576,5556,576,11520
-5.0665,1.0,0.4813368055555556,0.09410227087077275,0.18754578754578755,576,5545,576,11520
-5.0655,1.0,0.4798611111111111,0.09436435124508519,0.18801410105757935,576,5528,576,11520
-5.064,1.0,0.47977430555555556,0.0943798132066197,0.18804172175701483,576,5527,576,11520
-5.0625,1.0,0.47881944444444446,0.09455022980958634,0.1883460859329017,576,5516,576,11520
-5.061,1.0,0.47847222222222224,0.09461235216819974,0.18845700824499412,576,5512,576,11520
-5.0595,1.0,0.47769097222222223,0.09475242638591874,0.18870706177207727,576,5503,576,11520
-5.0575,1.0,0.4774305555555556,0.09479921000658328,0.18879056047197637,576,5500,576,11520
-5.0555,1.0,0.47647569444444443,0.09497114591920858,0.1890973555916679,576,5489,576,11520
-5.0545,1.0,0.47630208333333335,0.095002474022761,0.18915324368257722,576,5487,576,11520
-5.0535,1.0,0.4747395833333333,0.09528535980148883,0.18965772707067716,576,5469,576,11520
-5.0515,1.0,0.4744791666666667,0.09533267130089375,0.1897420693744441,576,5466,576,11520
-5.0489999999999995,1.0,0.47430555555555554,0.09536423841059603,0.18979833926453146,576,5464,576,11520
-5.047000000000001,1.0,0.47161458333333334,0.09585621567648527,0.19067481007001344,576,5433,576,11520
-5.0455000000000005,1.0,0.4712673611111111,0.09592006661115737,0.19078849306901177,576,5429,576,11520
-5.044499999999999,1.0,0.4699652777777778,0.09616026711185309,0.19121601434120108,576,5414,576,11520
-5.0435,1.0,0.46822916666666664,0.0964824120603015,0.19178903206472883,576,5394,576,11520
-5.0425,1.0,0.46762152777777777,0.09659567331879926,0.191990400479976,576,5387,576,11520
-5.0415,1.0,0.4669270833333333,0.09672544080604534,0.1922210542123442,576,5379,576,11520
-5.04,1.0,0.4666666666666667,0.0967741935483871,0.19230769230769232,576,5376,576,11520
-5.038,1.0,0.4654513888888889,0.097002357696194,0.19271303824149352,576,5362,576,11520
-5.036,1.0,0.46371527777777777,0.09733017911456573,0.19329507701600726,576,5342,576,11520
-5.0344999999999995,1.0,0.46206597222222223,0.09764366841837599,0.19385127972133878,576,5323,576,11520
-5.0325,1.0,0.4605902777777778,0.09792587555253315,0.19435165502581234,576,5306,576,11520
-5.0295,1.0,0.4584201388888889,0.09834386204541574,0.19509221155311693,576,5281,576,11520
-5.026999999999999,1.0,0.45772569444444444,0.09847837237134553,0.195330383030673,576,5273,576,11520
-5.0255,1.0,0.4566840277777778,0.09868082919307863,0.19568873260969272,576,5261,576,11520
-5.0245,1.0,0.4565972222222222,0.09869773817683344,0.19571865443425077,576,5260,576,11520
-5.0235,1.0,0.4564236111111111,0.09873157353445321,0.19577852554297948,576,5258,576,11520
-5.0225,1.0,0.45503472222222224,0.09900309384668271,0.19625881631401412,576,5242,576,11520
-5.021,1.0,0.4540798611111111,0.09919063199586706,0.19659038550145908,576,5231,576,11520
-5.0195,1.0,0.453125,0.09937888198757763,0.19692307692307692,576,5220,576,11520
-5.018000000000001,1.0,0.4519097222222222,0.09961950882047735,0.1973481344434166,576,5206,576,11520
-5.016500000000001,1.0,0.4513020833333333,0.09974025974025974,0.19756135206050315,576,5199,576,11520
-5.015000000000001,1.0,0.4504340277777778,0.09991326973113616,0.1978667491111455,576,5189,576,11520
-5.0135000000000005,1.0,0.4498263888888889,0.10003473428273706,0.19808108944599195,576,5182,576,11520
-5.012499999999999,1.0,0.44939236111111114,0.10012167564748826,0.19823447421403126,576,5177,576,11520
-5.0115,1.0,0.44852430555555556,0.10029601253700157,0.19854195749961223,576,5167,576,11520
-5.01,1.0,0.44809027777777777,0.10038340885325897,0.19869605712511643,576,5162,576,11520
-5.008,1.0,0.44756944444444446,0.10048848569434753,0.19888129272840274,576,5156,576,11520
-5.0065,1.0,0.4465277777777778,0.1006993006993007,0.199252801992528,576,5144,576,11520
-5.0055,1.0,0.44600694444444444,0.1008050402520126,0.19943907759426613,576,5138,576,11520
-5.004,1.0,0.44557291666666665,0.10089332632685234,0.19959457352253238,576,5133,576,11520
-5.002000000000001,1.0,0.44505208333333335,0.10099947396107312,0.19978148899641016,576,5127,576,11520
-4.9995,1.0,0.44375,0.10126582278481013,0.2002503128911139,576,5112,576,11520
-4.997,1.0,0.4422743055555556,0.1015693881149709,0.20078431372549022,576,5095,576,11520
-4.9955,1.0,0.4418402777777778,0.1016590187080833,0.20094191522762953,576,5090,576,11520
-4.9945,1.0,0.4407986111111111,0.10187477891758047,0.20132117017930168,576,5078,576,11520
-4.993,1.0,0.440625,0.10191082802547771,0.2013845185651353,576,5076,576,11520
-4.991,1.0,0.4400173611111111,0.10203720106288751,0.2016065522129469,576,5069,576,11520
-4.9895,1.0,0.43949652777777776,0.10214577052668913,0.20179725681854016,576,5063,576,11520
-4.9885,1.0,0.4388888888888889,0.10227272727272728,0.20202020202020204,576,5056,576,11520
-4.987500000000001,1.0,0.43802083333333336,0.10245464247598719,0.20233955105912108,576,5046,576,11520
-4.986000000000001,1.0,0.43758680555555557,0.10254584297667795,0.20249960449295995,576,5041,576,11520
-4.984500000000001,1.0,0.43671875,0.10272873194221509,0.20282047219141183,576,5031,576,11520
-4.9825,1.0,0.4361111111111111,0.10285714285714286,0.20304568527918782,576,5024,576,11520
-4.98,1.0,0.43585069444444446,0.10291227443273182,0.20314235835581654,576,5021,576,11520
-4.9785,1.0,0.4348958333333333,0.10311493018259936,0.20349761526232113,576,5010,576,11520
-4.977,1.0,0.4342013888888889,0.10326281821441377,0.20375676536134993,576,5002,576,11520
-4.9745,1.0,0.43385416666666665,0.10333692142088267,0.20388658808537752,576,4998,576,11520
-4.9725,1.0,0.43350694444444443,0.10341113105924596,0.2040165763468282,576,4994,576,11520
-4.971,1.0,0.4309027777777778,0.10397111913357401,0.20499679692504807,576,4964,576,11520
-4.9685,1.0,0.43046875,0.1040650406504065,0.2051610835069723,576,4959,576,11520
-4.9665,1.0,0.4300347222222222,0.10415913200723327,0.2053256336220725,576,4954,576,11520
-4.9655000000000005,1.0,0.42986111111111114,0.10419681620839363,0.2053915275994865,576,4952,576,11520
-4.9625,1.0,0.42951388888888886,0.10427226647356988,0.2055234425176622,576,4948,576,11520
-4.9595,1.0,0.428125,0.10457516339869281,0.206052801030264,576,4932,576,11520
-4.958,1.0,0.4271701388888889,0.10478442786974713,0.2064183196258668,576,4921,576,11520
-4.9565,1.0,0.4266493055555556,0.10489892551447824,0.2066182405165456,576,4915,576,11520
-4.955500000000001,1.0,0.42630208333333336,0.10497539639147074,0.20675173639153607,576,4911,576,11520
-4.954000000000001,1.0,0.42569444444444443,0.10510948905109489,0.2069857697283312,576,4904,576,11520
-4.952,1.0,0.42560763888888886,0.10512867311553203,0.20701924632055638,576,4903,576,11520
-4.9505,1.0,0.42526041666666664,0.1052054794520548,0.20715326104547666,576,4899,576,11520
-4.9495000000000005,1.0,0.42430555555555555,0.1054172767203514,0.20752269779507132,576,4888,576,11520
-4.9475,1.0,0.42421875,0.10543657331136738,0.20755634830549702,576,4887,576,11520
-4.9455,1.0,0.4227430555555556,0.10576569959603378,0.208130081300813,576,4870,576,11520
-4.9445,1.0,0.42239583333333336,0.10584343991179714,0.2082655385616661,576,4866,576,11520
-4.9435,1.0,0.42196180555555557,0.10594077616332537,0.20843510828855238,576,4861,576,11520
-4.9425,1.0,0.4205729166666667,0.10625345877144439,0.2089795918367347,576,4845,576,11520
-4.9399999999999995,1.0,0.41996527777777776,0.10639083856667898,0.2092186989212161,576,4838,576,11520
-4.9375,1.0,0.4192708333333333,0.10654827968923418,0.20949263502454996,576,4830,576,11520
-4.936,1.0,0.4191840277777778,0.10656799259944495,0.20952692748403995,576,4829,576,11520
-4.9345,1.0,0.41779513888888886,0.10688439413620338,0.21007713769899888,576,4813,576,11520
-4.933,1.0,0.41744791666666664,0.10696378830083565,0.2102151420594515,576,4809,576,11520
-4.9315,1.0,0.41631944444444446,0.10722263588979895,0.21066491112574062,576,4796,576,11520
-4.9295,1.0,0.4161458333333333,0.10726256983240223,0.21073427724728352,576,4794,576,11520
-4.9265,1.0,0.4149305555555556,0.1075429424943988,0.2112211221122112,576,4780,576,11520
-4.9239999999999995,1.0,0.4146701388888889,0.10760321315150383,0.2113257388145947,576,4777,576,11520
-4.922000000000001,1.0,0.41432291666666665,0.1076836791923724,0.21146538906327442,576,4773,576,11520
-4.92,1.0,0.41163194444444445,0.10831139526137645,0.21255396878113586,576,4742,576,11520
-4.917999999999999,1.0,0.41067708333333336,0.10853589598643301,0.212942937947097,576,4731,576,11520
-4.9155,1.0,0.4105902777777778,0.10855635130041462,0.21297836938435938,576,4730,576,11520
-4.9135,1.0,0.40989583333333335,0.1087202718006795,0.2132622459180273,576,4722,576,11520
-4.9125,1.0,0.4087673611111111,0.10898770104068117,0.21372516279846385,576,4709,576,11520
-4.91,1.0,0.4080729166666667,0.10915292779988629,0.2140110349439893,576,4701,576,11520
-4.907,1.0,0.4079861111111111,0.10917361637604246,0.21404682274247494,576,4700,576,11520
-4.9055,1.0,0.40651041666666665,0.10952652595550486,0.21465705181955394,576,4683,576,11520
-4.9045000000000005,1.0,0.4052951388888889,0.10981887511916111,0.2151622121364935,576,4669,576,11520
-4.902,1.0,0.40477430555555555,0.1099446459247948,0.21537943799427897,576,4663,576,11520
-4.899,1.0,0.4045138888888889,0.11000763941940413,0.21548821548821548,576,4660,576,11520
-4.897,1.0,0.4040798611111111,0.11011278914165551,0.21566975568660493,576,4655,576,11520
-4.8955,1.0,0.4032986111111111,0.11030256606664113,0.21599730003374956,576,4646,576,11520
-4.8945,1.0,0.40286458333333336,0.11040828062104657,0.21617969937510553,576,4641,576,11520
-4.8934999999999995,1.0,0.4026909722222222,0.11045062320230105,0.2162527453961818,576,4639,576,11520
-4.8919999999999995,1.0,0.40164930555555556,0.11070536229098597,0.21669206026747925,576,4627,576,11520
-4.890499999999999,1.0,0.3997395833333333,0.11117544875506659,0.21750212404418015,576,4605,576,11520
-4.888999999999999,1.0,0.39956597222222223,0.11121838192701294,0.21757606663267043,576,4603,576,11520
-4.887499999999999,1.0,0.39913194444444444,0.11132586006957866,0.21776114324600204,576,4598,576,11520
-4.8855,1.0,0.3978298611111111,0.11164954448536538,0.21831826709875488,576,4583,576,11520
-4.8835,1.0,0.39739583333333334,0.11175785797438882,0.21850460908159783,576,4578,576,11520
-4.8815,1.0,0.3954861111111111,0.1122369446609509,0.21932830705962988,576,4556,576,11520
-4.8795,1.0,0.39461805555555557,0.11245607184693479,0.21970477171301064,576,4546,576,11520
-4.8774999999999995,1.0,0.39305555555555555,0.11285266457680251,0.22038567493112948,576,4528,576,11520
-4.875500000000001,1.0,0.3920138888888889,0.11311861743912019,0.22084195997239472,576,4516,576,11520
-4.873,1.0,0.39088541666666665,0.11340815121086828,0.22133840567179666,576,4503,576,11520
-4.87,1.0,0.3892361111111111,0.11383399209486166,0.22206800832755033,576,4484,576,11520
-4.868,1.0,0.38871527777777776,0.11396913335971508,0.22229940951719349,576,4478,576,11520
-4.865,1.0,0.3863715277777778,0.11458126118957629,0.2233467108707032,576,4451,576,11520
-4.862500000000001,1.0,0.38524305555555555,0.11487834064619067,0.22385449457852394,576,4438,576,11520
-4.859999999999999,1.0,0.3846354166666667,0.11503894547633313,0.224128874102609,576,4431,576,11520
-4.856,1.0,0.3837673611111111,0.11526916149689814,0.2245220136818102,576,4421,576,11520
-4.852,1.0,0.38133680555555555,0.11591869591467097,0.22563017803631236,576,4393,576,11520
-4.849,1.0,0.3807291666666667,0.11608222490931076,0.22590893046240737,576,4386,576,11520
-4.8475,1.0,0.38055555555555554,0.11612903225806452,0.22598870056497175,576,4384,576,11520
-4.846500000000001,1.0,0.38046875,0.1161524500907441,0.2260286067455412,576,4383,576,11520
-4.843999999999999,1.0,0.38038194444444445,0.11617587736990723,0.2260685270222536,576,4382,576,11520
-4.8415,1.0,0.37994791666666666,0.11629315566323441,0.2262683401095987,576,4377,576,11520
-4.8405000000000005,1.0,0.37960069444444444,0.11638714891897353,0.22642844507341237,576,4373,576,11520
-4.8395,1.0,0.3792534722222222,0.11648129423660263,0.22658877677465042,576,4369,576,11520
-4.8385,1.0,0.37899305555555557,0.11655200323755564,0.22670917463691106,576,4366,576,11520
-4.836,1.0,0.37821180555555556,0.11676464625988242,0.2270711371296789,576,4357,576,11520
-4.833,1.0,0.37786458333333334,0.11685940353012782,0.22723238061423756,576,4353,576,11520
-4.8309999999999995,1.0,0.37743055555555555,0.11697806661251016,0.22743425728500355,576,4348,576,11520
-4.8285,1.0,0.3771701388888889,0.11704938020727494,0.22755555555555557,576,4345,576,11520
-4.826499999999999,1.0,0.37699652777777776,0.11709697092905062,0.2276364929752801,576,4343,576,11520
-4.8255,1.0,0.3763020833333333,0.11728772144166158,0.22796081923419412,576,4335,576,11520
-4.823,1.0,0.3759548611111111,0.11738332993682495,0.22812332917483516,576,4331,576,11520
-4.8195,1.0,0.3756076388888889,0.11747909443198042,0.22828607098270023,576,4327,576,11520
-4.8175,1.0,0.37552083333333336,0.1175030599755202,0.22832679272208348,576,4326,576,11520
-4.8155,1.0,0.3754340277777778,0.11752703529891859,0.2283675289919715,576,4325,576,11520
-4.8134999999999994,1.0,0.37482638888888886,0.11769513690232938,0.2286530903894248,576,4318,576,11520
-4.8115,1.0,0.37473958333333335,0.11771919068056406,0.2286939431838485,576,4317,576,11520
-4.807,1.0,0.3743923611111111,0.11781550419308652,0.2288575004469873,576,4313,576,11520
-4.8035,1.0,0.37421875,0.11786372007366483,0.22893936683956362,576,4311,576,11520
-4.802,1.0,0.37395833333333334,0.11793611793611794,0.22906227630637083,576,4308,576,11520
-4.798500000000001,1.0,0.3737847222222222,0.11798443260958623,0.22914428929466524,576,4306,576,11520
-4.792,1.0,0.3736111111111111,0.1180327868852459,0.2292263610315186,576,4304,576,11520
-4.7875,1.0,0.3734375,0.11808118081180811,0.22930849158007888,576,4302,576,11520
-4.784,1.0,0.3732638888888889,0.11812961443806398,0.22939068100358426,576,4300,576,11520
-4.7780000000000005,1.0,0.37274305555555554,0.11827515400410678,0.22963760315751708,576,4294,576,11520
-4.774,1.0,0.3723958333333333,0.11837237977805179,0.22980251346499103,576,4290,576,11520
-4.772,1.0,0.3720486111111111,0.11846976552858905,0.22996766079770034,576,4286,576,11520
-4.7684999999999995,1.0,0.371875,0.11851851851851852,0.23005032350826746,576,4284,576,11520
-4.763999999999999,1.0,0.37178819444444444,0.11854291006379913,0.23009167715261553,576,4283,576,11520
-4.757999999999999,1.0,0.3717013888888889,0.11856731165088513,0.23013304566702625,576,4282,576,11520
-4.7515,1.0,0.3714409722222222,0.11864057672502575,0.23025724051088325,576,4279,576,11520
-4.746499999999999,1.0,0.37126736111111114,0.11868947043066144,0.23034011157099152,576,4277,576,11520
-4.7405,1.0,0.37118055555555557,0.11871393239901072,0.23038156947444205,576,4276,576,11520
-4.7285,1.0,0.37109375,0.11873840445269017,0.23042304230423044,576,4275,576,11520
-4.712,1.0,0.3707465277777778,0.11883639364555396,0.23058908304809944,576,4271,576,11520
-4.6955,1.0,0.37039930555555556,0.11893454470369606,0.23075536325941953,576,4267,576,11520
-4.6785,1.0,0.37005208333333334,0.11903285802851829,0.23092188345661194,576,4263,576,11520
-4.6635,1.0,0.36996527777777777,0.11905746176105829,0.23096355106459762,576,4262,576,11520
-4.654999999999999,1.0,0.3698784722222222,0.11908207566673558,0.2310052337123263,576,4261,576,11520
-4.6485,1.0,0.36961805555555555,0.11915597848572611,0.23113037197544242,576,4258,576,11520
-4.640499999999999,1.0,0.36953125,0.1191806331471136,0.23117211486364456,576,4257,576,11520
-4.634,1.0,0.3693576388888889,0.11922997309045746,0.23125564588979222,576,4255,576,11520
-4.6245,1.0,0.3692708333333333,0.11925465838509317,0.23129743404409106,576,4254,576,11520
-4.611000000000001,1.0,0.36918402777777776,0.11927935390349968,0.23133923730345204,576,4253,576,11520
-4.591,1.0,0.3690104166666667,0.11932877563704164,0.23142288917013198,576,4251,576,11520
-4.574,1.0,0.36866319444444445,0.1194277420692515,0.23159037452505885,576,4247,576,11520
-4.567500000000001,1.0,0.3685763888888889,0.11945250933222729,0.23163228374954759,576,4246,576,11520
-4.5585,1.0,0.3684027777777778,0.11950207468879669,0.23171614771904414,576,4244,576,11520
-4.5455,1.0,0.36822916666666666,0.11955168119551682,0.23180007243752265,576,4242,576,11520
-4.5385,1.0,0.36796875,0.11962616822429907,0.23192607356405148,576,4239,576,11520
-4.532,1.0,0.36788194444444444,0.1196510178645617,0.23196810438564697,576,4238,576,11520
-4.525,1.0,0.36770833333333336,0.11970074812967581,0.23205221174764318,576,4236,576,11520
-4.5184999999999995,1.0,0.3676215277777778,0.11972562876740803,0.23209428830462375,576,4235,576,11520
-4.5115,1.0,0.36736111111111114,0.11980033277870217,0.23222060957910015,576,4232,576,11520
-4.505,1.0,0.36727430555555557,0.11982525483669648,0.23226274723280713,576,4231,576,11520
-4.495,1.0,0.36710069444444443,0.11987513007284079,0.2323470684334725,576,4229,576,11520
-4.4885,1.0,0.36701388888888886,0.11990008326394672,0.23238925199709515,576,4228,576,11520
-4.4864999999999995,1.0,0.36692708333333335,0.11992504684572143,0.23243145088069728,576,4227,576,11520
-4.484999999999999,1.0,0.3665798611111111,0.12002500520941863,0.23260039978193714,576,4223,576,11520
-4.4825,1.0,0.36649305555555556,0.1200500208420175,0.23264267539076702,576,4222,576,11520
-4.477,1.0,0.3662326388888889,0.12012513034410845,0.2327695944717221,576,4219,576,11520
-4.4695,1.0,0.36605902777777777,0.12017525558105571,0.23285428415499365,576,4217,576,11520
-4.465,1.0,0.3659722222222222,0.12020033388981637,0.23289665211062596,576,4216,576,11520
-4.4595,1.0,0.3657986111111111,0.12025052192066805,0.2329814342919549,576,4214,576,11520
-4.454000000000001,1.0,0.365625,0.12030075187969924,0.23306627822286963,576,4212,576,11520
-4.452500000000001,1.0,0.36553819444444446,0.12032588259870483,0.23310872336550717,576,4211,576,11520
-4.4505,1.0,0.3654513888888889,0.12035102381947346,0.2331511839708561,576,4210,576,11520
-4.448,1.0,0.3653645833333333,0.12037617554858934,0.23319366004736747,576,4209,576,11520
-4.4465,1.0,0.36527777777777776,0.12040133779264214,0.2332361516034986,576,4208,576,11520
-4.4445,1.0,0.36475694444444445,0.1205525324403516,0.23349142648668367,576,4202,576,11520
-4.442,1.0,0.3645833333333333,0.12060301507537688,0.23357664233576644,576,4200,576,11520
-4.4395,1.0,0.3644965277777778,0.1206282722513089,0.23361927359007117,576,4199,576,11520
-4.4365,1.0,0.3638888888888889,0.12080536912751678,0.23391812865497078,576,4192,576,11520
-4.4345,1.0,0.36380208333333336,0.12083071113908118,0.2339608846645951,576,4191,576,11520
-4.433,1.0,0.3637152777777778,0.12085606378514478,0.2340036563071298,576,4190,576,11520
-4.4305,1.0,0.36345486111111114,0.12093218559731261,0.23413206511798063,576,4187,576,11520
-4.4275,1.0,0.36336805555555557,0.12095758084838303,0.23417489937797295,576,4186,576,11520
-4.4245,1.0,0.36319444444444443,0.12100840336134454,0.2342606149341142,576,4184,576,11520
-4.422000000000001,1.0,0.36310763888888886,0.12103383063668838,0.2343034962474831,576,4183,576,11520
-4.4205000000000005,1.0,0.36302083333333335,0.1210592686002522,0.2343463932625412,576,4182,576,11520
-4.4190000000000005,1.0,0.3626736111111111,0.12116112747160286,0.23451813851227557,576,4178,576,11520
-4.4165,1.0,0.3624131944444444,0.12123763418227741,0.23464711274060499,576,4175,576,11520
-4.4135,1.0,0.3620659722222222,0.12133979355382346,0.2348192992111539,576,4171,576,11520
-4.411,1.0,0.3618923611111111,0.121390937829294,0.23490548724536608,576,4169,576,11520
-4.4094999999999995,1.0,0.36171875,0.12144212523719165,0.23499173857169087,576,4167,576,11520
-4.4075,1.0,0.3615451388888889,0.12149335583210293,0.23507805325987144,576,4165,576,11520
-4.4045,1.0,0.3614583333333333,0.12151898734177215,0.23512123438648055,576,4164,576,11520
-4.4025,1.0,0.3611979166666667,0.12159594680177327,0.23525087300128655,576,4161,576,11520
-4.4005,1.0,0.3611111111111111,0.12162162162162163,0.23529411764705882,576,4160,576,11520
-4.398,1.0,0.36102430555555554,0.12164730728616684,0.23533737819452105,576,4159,576,11520
-4.396,1.0,0.3609375,0.12167300380228137,0.23538065465244573,576,4158,576,11520
-4.3934999999999995,1.0,0.3606770833333333,0.12175015852885225,0.23551057957681695,576,4155,576,11520
-4.3905,1.0,0.36041666666666666,0.1218274111675127,0.235640648011782,576,4152,576,11520
-4.3875,1.0,0.3602430555555556,0.12187896741430385,0.2357274401473296,576,4150,576,11520
-4.3845,1.0,0.36015625,0.1219047619047619,0.23577086019524773,576,4149,576,11520
-4.38,1.0,0.3598090277777778,0.1220080491421309,0.2359447004608295,576,4145,576,11520
-4.374499999999999,1.0,0.3589409722222222,0.12226703459987263,0.2363804247460757,576,4135,576,11520
-4.3715,1.0,0.35885416666666664,0.12229299363057325,0.23642408570373108,576,4134,576,11520
-4.3685,1.0,0.3581597222222222,0.12250106337728627,0.23677395486496486,576,4126,576,11520
-4.3655,1.0,0.3579861111111111,0.1225531914893617,0.23686158401184307,576,4124,576,11520
-4.362,1.0,0.35703125,0.12284069097888675,0.23734470610050062,576,4113,576,11520
-4.358499999999999,1.0,0.3567708333333333,0.12291933418693982,0.2374768089053803,576,4110,576,11520
-4.3565000000000005,1.0,0.3566840277777778,0.12294557097118464,0.23752087585822973,576,4109,576,11520
-4.354,1.0,0.35651041666666666,0.12299807815502883,0.23760905884536848,576,4107,576,11520
-4.35,1.0,0.35538194444444443,0.12334047109207709,0.23818384815779683,576,4094,576,11520
-4.346500000000001,1.0,0.3545138888888889,0.12360515021459227,0.23862788963460105,576,4084,576,11520
-4.345000000000001,1.0,0.35434027777777777,0.12365822241305281,0.23871689668034315,576,4082,576,11520
-4.3425,1.0,0.3540798611111111,0.12373791621911923,0.23885053181563726,576,4079,576,11520
-4.3395,1.0,0.3529513888888889,0.12408444635932787,0.23943135054246162,576,4066,576,11520
-4.3365,1.0,0.3528645833333333,0.12411118293471235,0.23947614593077643,576,4065,576,11520
-4.3335,1.0,0.35164930555555557,0.12448670845039983,0.24010504595760646,576,4051,576,11520
-4.3309999999999995,1.0,0.35138888888888886,0.1245674740484429,0.24024024024024024,576,4048,576,11520
-4.3294999999999995,1.0,0.3511284722222222,0.12464834451417442,0.24037558685446012,576,4045,576,11520
-4.327999999999999,1.0,0.34991319444444446,0.12502713262426743,0.24100922613443798,576,4031,576,11520
-4.326499999999999,1.0,0.3498263888888889,0.12505427702996091,0.24105461393596983,576,4030,576,11520
-4.324,1.0,0.34965277777777776,0.12510860121633363,0.24114544084400907,576,4028,576,11520
-4.3215,1.0,0.3486111111111111,0.1254355400696864,0.24169184290030216,576,4016,576,11520
-4.3195,1.0,0.3484375,0.12549019607843137,0.24178315073668305,576,4014,576,11520
-4.317,1.0,0.3480902777777778,0.12559965111208024,0.24196597353497162,576,4010,576,11520
-4.314,1.0,0.346875,0.12598425196850394,0.24260803639120546,576,3996,576,11520
-4.3115000000000006,1.0,0.34661458333333334,0.12606697307944845,0.2427460648587142,576,3993,576,11520
-4.310499999999999,1.0,0.3464409722222222,0.12612218086271076,0.24283817112502376,576,3991,576,11520
-4.3085,1.0,0.34574652777777776,0.12634349638078526,0.2432072962188866,576,3983,576,11520
-4.306,1.0,0.34565972222222224,0.12637121544537078,0.24325351577347015,576,3982,576,11520
-4.3045,1.0,0.3455729166666667,0.12639894667544438,0.24329975289868846,576,3981,576,11520
-4.303,1.0,0.3440972222222222,0.12687224669603525,0.24408848207475212,576,3964,576,11520
-4.3015,1.0,0.34392361111111114,0.12692816218598502,0.24418161007249142,576,3962,576,11520
-4.3004999999999995,1.0,0.34383680555555557,0.12695613841745648,0.2442282007250525,576,3961,576,11520
-4.2995,1.0,0.34375,0.12698412698412698,0.24427480916030533,576,3960,576,11520
-4.298500000000001,1.0,0.34366319444444443,0.12701212789415656,0.24432143538843293,576,3959,576,11520
-4.297000000000001,1.0,0.3428819444444444,0.12726469288555015,0.24474187380497134,576,3950,576,11520
-4.2955000000000005,1.0,0.3427951388888889,0.12729281767955802,0.24478867852361827,576,3949,576,11520
-4.2935,1.0,0.3425347222222222,0.12737726669615215,0.24492920015308073,576,3946,576,11520
-4.291,1.0,0.34210069444444446,0.12751826433473545,0.24516376173146903,576,3941,576,11520
-4.288,1.0,0.34184027777777776,0.12760301284891448,0.2453047144499809,576,3938,576,11520
-4.2855,1.0,0.3415798611111111,0.12768787408556861,0.24544582933844677,576,3935,576,11520
-4.282500000000001,1.0,0.34149305555555554,0.12771618625277162,0.24549290372075183,576,3934,576,11520
-4.2795000000000005,1.0,0.3412326388888889,0.12780119813623253,0.245634235271541,576,3931,576,11520
-4.2765,1.0,0.34088541666666666,0.1279147235176549,0.24582293067025157,576,3927,576,11520
-4.2715,1.0,0.34053819444444444,0.12802845076683708,0.24601191620219104,576,3923,576,11520
-4.2684999999999995,1.0,0.3402777777777778,0.12811387900355872,0.24615384615384617,576,3920,576,11520
-4.266,1.0,0.33984375,0.1282565130260521,0.24639076034648702,576,3915,576,11520
-4.263,1.0,0.3394965277777778,0.12837084911967908,0.24658062030437297,576,3911,576,11520
-4.2605,1.0,0.33932291666666664,0.12842809364548494,0.246675660050106,576,3909,576,11520
-4.258,1.0,0.3389756944444444,0.12854273599642937,0.24686595949855356,576,3905,576,11520
-4.256,1.0,0.3384548611111111,0.1287150837988827,0.24715195983780652,576,3899,576,11520
-4.254,1.0,0.3380208333333333,0.12885906040268458,0.24739080015461928,576,3894,576,11520
-4.2509999999999994,1.0,0.3375,0.12903225806451613,0.24767801857585137,576,3888,576,11520
-4.2485,1.0,0.33741319444444445,0.12906116961684966,0.24772595316431198,576,3887,576,11520
-4.2475000000000005,1.0,0.33697916666666666,0.12920592193808883,0.24796590468810537,576,3882,576,11520
-4.245,1.0,0.33602430555555557,0.129525522824376,0.24849543777907201,576,3871,576,11520
-4.240500000000001,1.0,0.3353298611111111,0.12975895471953142,0.24888197550068053,576,3863,576,11520
-4.237500000000001,1.0,0.3346354166666667,0.12999322951929587,0.24926971762414799,576,3855,576,11520
-4.2364999999999995,1.0,0.334375,0.13008130081300814,0.24941543257989093,576,3852,576,11520
-4.2345,1.0,0.33394097222222224,0.13022835179742256,0.2496586697874,576,3847,576,11520
-4.23,1.0,0.33315972222222223,0.1304938830992297,0.2500976944118796,576,3838,576,11520
-4.226,1.0,0.3326388888888889,0.1306715063520871,0.25039123630672927,576,3832,576,11520
-4.2235,1.0,0.33194444444444443,0.13090909090909092,0.2507836990595611,576,3824,576,11520
-4.2205,1.0,0.3315972222222222,0.13102820746132848,0.25098039215686274,576,3820,576,11520
-4.218,1.0,0.33151041666666664,0.1310580204778157,0.2510296136497353,576,3819,576,11520
-4.2155000000000005,1.0,0.3310763888888889,0.13120728929384967,0.2512760109933255,576,3814,576,11520
-4.213,1.0,0.3307291666666667,0.13132694938440492,0.25147347740667975,576,3810,576,11520
-4.2095,1.0,0.33038194444444446,0.13144682793245094,0.2516712544239088,576,3806,576,11520
-4.205,1.0,0.32960069444444445,0.13171735650583125,0.2521173921607249,576,3797,576,11520
-4.202,1.0,0.32890625,0.13195876288659794,0.2525152890116394,576,3789,576,11520
-4.198499999999999,1.0,0.32795138888888886,0.1322921451538815,0.2530644523527086,576,3778,576,11520
-4.1955,1.0,0.32708333333333334,0.13259668508287292,0.25356576862123614,576,3768,576,11520
-4.1935,1.0,0.3269097222222222,0.13265776140027638,0.25366627031311934,576,3766,576,11520
-4.1915,1.0,0.3265625,0.13278008298755187,0.25386751289170967,576,3762,576,11520
-4.1895,1.0,0.32647569444444446,0.13281069863961265,0.2539178734378099,576,3761,576,11520
-4.186999999999999,1.0,0.3263888888888889,0.13284132841328414,0.25396825396825395,576,3760,576,11520
-4.184,1.0,0.32612847222222224,0.13293330256173552,0.2541195155846734,576,3757,576,11520
-4.1815,1.0,0.3259548611111111,0.1329946894481644,0.25422045680238337,576,3755,576,11520
-4.178,1.0,0.32491319444444444,0.13336420467700857,0.25482779215608203,576,3743,576,11520
-4.1739999999999995,1.0,0.32439236111111114,0.13354973336424764,0.2551325493322703,576,3737,576,11520
-4.1715,1.0,0.32430555555555557,0.13358070500927643,0.25518341307814996,576,3736,576,11520
-4.1675,1.0,0.3223958333333333,0.13426573426573427,0.2563075690828995,576,3714,576,11520
-4.1645,1.0,0.321875,0.13445378151260504,0.25661587810745784,576,3708,576,11520
-4.1625,1.0,0.32178819444444445,0.13448517394349754,0.25666733507118505,576,3707,576,11520
-4.1605,1.0,0.3216145833333333,0.1345480028030834,0.25677031093279845,576,3705,576,11520
-4.1594999999999995,1.0,0.32109375,0.13473684210526315,0.25707973488652336,576,3699,576,11520
-4.1575,1.0,0.32013888888888886,0.1350844277673546,0.25764895330112725,576,3688,576,11520
-4.1555,1.0,0.32005208333333335,0.13511611541168192,0.2577008254479565,576,3687,576,11520
-4.1525,1.0,0.31961805555555556,0.13527477689055895,0.25796049979846836,576,3682,576,11520
-4.1495,1.0,0.31953125,0.13530655391120508,0.2580124974803467,576,3681,576,11520
-4.148,1.0,0.3182291666666667,0.13578500707213578,0.25879498584714916,576,3666,576,11520
-4.1455,1.0,0.3181423611111111,0.13581702428672482,0.25884732052578363,576,3665,576,11520
-4.143000000000001,1.0,0.31796875,0.13588110403397027,0.258952053408861,576,3663,576,11520
-4.1405,1.0,0.31788194444444445,0.13591316658801322,0.25900445163901253,576,3662,576,11520
-4.1385000000000005,1.0,0.3176215277777778,0.1360094451003542,0.2591617736383883,576,3659,576,11520
-4.1370000000000005,1.0,0.31710069444444444,0.13620241191771104,0.25947699168862765,576,3653,576,11520
-4.135,1.0,0.3168402777777778,0.1362991008045433,0.2596348884381339,576,3650,576,11520
-4.1335,1.0,0.3167534722222222,0.13633136094674556,0.25968756340028404,576,3649,576,11520
-4.1315,1.0,0.31657986111111114,0.13639592706606676,0.2597929774710777,576,3647,576,11520
-4.129,1.0,0.31631944444444443,0.13649289099526066,0.2599512591389115,576,3644,576,11520
-4.1274999999999995,1.0,0.3159722222222222,0.1366223908918406,0.26016260162601623,576,3640,576,11520
-4.1259999999999994,1.0,0.31527777777777777,0.13688212927756654,0.26058631921824105,576,3632,576,11520
-4.124499999999999,1.0,0.3151909722222222,0.13691466603280247,0.26063938098147016,576,3631,576,11520
-4.1235,1.0,0.31475694444444446,0.13707758210376011,0.260905014268243,576,3626,576,11520
-4.1225000000000005,1.0,0.3146701388888889,0.1371102118543204,0.2609582059123344,576,3625,576,11520
-4.1215,1.0,0.3145833333333333,0.13714285714285715,0.26101141924959215,576,3624,576,11520
-4.1195,1.0,0.31414930555555554,0.13730631704410012,0.2612778117983262,576,3619,576,11520
-4.1175,1.0,0.31328125,0.13763440860215054,0.2618122315401923,576,3609,576,11520
-4.1165,1.0,0.3129340277777778,0.13776608466873955,0.2620266120777891,576,3605,576,11520
-4.115,1.0,0.31180555555555556,0.1381957773512476,0.2627257799671593,576,3592,576,11520
-4.1135,1.0,0.3116319444444444,0.13826212193951032,0.26283367556468173,576,3590,576,11520
-4.1115,1.0,0.3107638888888889,0.13859480269489893,0.2633744855967078,576,3580,576,11520
-4.109,1.0,0.31050347222222224,0.1386949193354202,0.2635371628577311,576,3577,576,11520
-4.1075,1.0,0.3098958333333333,0.1389290882778582,0.2639175257731959,576,3570,576,11520
-4.106,1.0,0.30972222222222223,0.138996138996139,0.264026402640264,576,3568,576,11520
-4.1045,1.0,0.309375,0.1391304347826087,0.2642444260941371,576,3564,576,11520
-4.1035,1.0,0.3089409722222222,0.13929866989117293,0.2645174622855962,576,3559,576,11520
-4.102,1.0,0.30885416666666665,0.13933236574746008,0.26457213724679624,576,3558,576,11520
-4.1005,1.0,0.30842013888888886,0.13950108985226448,0.26484585143803024,576,3553,576,11520
-4.099,1.0,0.3081597222222222,0.1396025206010664,0.2650103519668737,576,3550,576,11520
-4.0975,1.0,0.3077256944444444,0.13977190002426595,0.26528497409326424,576,3545,576,11520
-4.096,1.0,0.30746527777777777,0.13987372510927634,0.2654500207382829,576,3542,576,11520
-4.0945,1.0,0.3072048611111111,0.1399756986634265,0.26561527287819053,576,3539,576,11520
-4.093500000000001,1.0,0.3055555555555556,0.140625,0.26666666666666666,576,3520,576,11520
-4.092499999999999,1.0,0.3051215277777778,0.14079687118064044,0.2669447340980188,576,3515,576,11520
-4.0915,1.0,0.30486111111111114,0.14090019569471623,0.2671118530884808,576,3512,576,11520
-4.0905000000000005,1.0,0.3043402777777778,0.14110730034296914,0.26744671959882993,576,3506,576,11520
-4.0895,1.0,0.3040798611111111,0.14121108114734005,0.26761446790717125,576,3503,576,11520
-4.088,1.0,0.3037326388888889,0.14134969325153374,0.2678384599288554,576,3499,576,11520
-4.0865,1.0,0.3034722222222222,0.14145383104125736,0.26800670016750416,576,3496,576,11520
-4.085,1.0,0.303125,0.1415929203539823,0.26823134953897737,576,3492,576,11520
-4.0835,1.0,0.30277777777777776,0.14173228346456693,0.26845637583892623,576,3488,576,11520
-4.082000000000001,1.0,0.3016493055555556,0.14218711429276723,0.2691903259726603,576,3475,576,11520
-4.080500000000001,1.0,0.30147569444444444,0.1422573474932082,0.2693035977277509,576,3473,576,11520
-4.0794999999999995,1.0,0.3004340277777778,0.14268020807530343,0.269985235182451,576,3461,576,11520
-4.0785,1.0,0.30026041666666664,0.14275092936802974,0.27009917704156994,576,3459,576,11520
-4.077,1.0,0.29913194444444446,0.14321233217304824,0.2708421498095641,576,3446,576,11520
-4.0755,1.0,0.2986979166666667,0.14339058999253174,0.2711289980936242,576,3441,576,11520
-4.074,1.0,0.29696180555555557,0.1441080810607956,0.2722824930865773,576,3421,576,11520
-4.0725,1.0,0.29678819444444443,0.14418022528160201,0.27239838263460314,576,3419,576,11520
-4.0715,1.0,0.29348958333333336,0.14556482183472327,0.2746191804333834,576,3381,576,11520
-4.0705,1.0,0.29322916666666665,0.1456752655538695,0.27479604980678407,576,3378,576,11520
-4.069,1.0,0.2917534722222222,0.1463042926085852,0.27580262874380523,576,3361,576,11520
-4.0675,1.0,0.2915798611111111,0.14637865311308768,0.27592153481353743,576,3359,576,11520
-4.0665,1.0,0.28958333333333336,0.147239263803681,0.27729636048526857,576,3336,576,11520
-4.0649999999999995,1.0,0.28932291666666665,0.14735226400613968,0.2774766962930848,576,3333,576,11520
-4.0634999999999994,1.0,0.2869791666666667,0.14837712519319937,0.2791103358046228,576,3306,576,11520
-4.0625,1.0,0.2864583333333333,0.14860681114551083,0.27947598253275113,576,3300,576,11520
-4.0615000000000006,1.0,0.28619791666666666,0.14872192099147946,0.27965916539217833,576,3297,576,11520
-4.060499999999999,1.0,0.28463541666666664,0.14941634241245136,0.2807633252906339,576,3279,576,11520
-4.0595,1.0,0.2842881944444444,0.14957153985977667,0.2810098792535675,576,3275,576,11520
-4.0585,1.0,0.28324652777777776,0.15003907267517583,0.2817521461589259,576,3263,576,11520
-4.0575,1.0,0.28272569444444445,0.15027393686407514,0.2821247520387921,576,3257,576,11520
-4.0565,1.0,0.28203125,0.15058823529411763,0.28262309560609405,576,3249,576,11520
-4.0555,1.0,0.28098958333333335,0.15106215578284815,0.28337392074385653,576,3237,576,11520
-4.0545,1.0,0.28072916666666664,0.15118110236220472,0.28356225077536557,576,3234,576,11520
-4.0535,1.0,0.2802951388888889,0.15137976346911958,0.2838766910623198,576,3229,576,11520
-4.052,1.0,0.27881944444444445,0.15205913410770855,0.28495102404274264,576,3212,576,11520
-4.0504999999999995,1.0,0.2782118055555556,0.15234065062152868,0.28539576365663316,576,3205,576,11520
-4.0495,1.0,0.278125,0.1523809523809524,0.2854594112399643,576,3204,576,11520
-4.048500000000001,1.0,0.27760416666666665,0.15262321144674085,0.2858418937025458,576,3198,576,11520
-4.047499999999999,1.0,0.27743055555555557,0.15270413573700956,0.28596961572832885,576,3196,576,11520
-4.0465,1.0,0.2769097222222222,0.15294742432288902,0.28635346756152125,576,3190,576,11520
-4.0455000000000005,1.0,0.2763888888888889,0.15319148936170213,0.2867383512544803,576,3184,576,11520
-4.044499999999999,1.0,0.2756076388888889,0.15355905091975472,0.287317620650954,576,3175,576,11520
-4.042999999999999,1.0,0.27543402777777776,0.15364097092558016,0.28744666516954864,576,3173,576,11520
-4.0415,1.0,0.27491319444444445,0.15388725621159496,0.28783449516528,576,3167,576,11520
-4.0405,1.0,0.2743055555555556,0.15417558886509636,0.2882882882882883,576,3160,576,11520
-4.039,1.0,0.27352430555555557,0.15454789374832303,0.288873843376213,576,3151,576,11520
-4.0375,1.0,0.27274305555555556,0.15492200107584722,0.28946178199909545,576,3142,576,11520
-4.0365,1.0,0.27265625,0.1549636803874092,0.28952725627686043,576,3141,576,11520
-4.0355,1.0,0.2721354166666667,0.15521422797089734,0.28992072480181197,576,3135,576,11520
-4.0344999999999995,1.0,0.271875,0.1553398058252427,0.29011786038077975,576,3132,576,11520
-4.0335,1.0,0.27152777777777776,0.15550755939524838,0.29038112522686027,576,3128,576,11520
-4.032500000000001,1.0,0.27144097222222224,0.1555495544153389,0.29044701611073287,576,3127,576,11520
-4.031499999999999,1.0,0.2708333333333333,0.15584415584415584,0.29090909090909095,576,3120,576,11520
-4.029999999999999,1.0,0.27057291666666666,0.15597075548334688,0.29110757334546283,576,3117,576,11520
-4.0280000000000005,1.0,0.26979166666666665,0.1563517915309446,0.29170464904284416,576,3108,576,11520
-4.0265,1.0,0.26961805555555557,0.15643671917436175,0.2918376652986776,576,3106,576,11520
-4.0255,1.0,0.26935763888888886,0.15656428377276435,0.29203741729409083,576,3103,576,11520
-4.0245,1.0,0.26883680555555556,0.1568200381159815,0.2924377427461732,576,3097,576,11520
-4.0235,1.0,0.2681423611111111,0.15716234652114597,0.2929732204165713,576,3089,576,11520
-4.022,1.0,0.2677951388888889,0.15733406173176728,0.29324169530355093,576,3085,576,11520
-4.0205,1.0,0.26762152777777776,0.1574200601257174,0.293376117350447,576,3083,576,11520
-4.0195,1.0,0.2673611111111111,0.1575492341356674,0.29357798165137616,576,3080,576,11520
-4.0184999999999995,1.0,0.26710069444444445,0.15767862031207228,0.29378012393848973,576,3077,576,11520
-4.0169999999999995,1.0,0.26640625,0.1580246913580247,0.29432053345596687,576,3069,576,11520
-4.015499999999999,1.0,0.2659722222222222,0.15824175824175823,0.2946593001841621,576,3064,576,11520
-4.0145,1.0,0.26579861111111114,0.1583287520615723,0.29479502533394747,576,3062,576,11520
-4.013,1.0,0.265625,0.15841584158415842,0.29493087557603687,576,3060,576,11520
-4.0115,1.0,0.26545138888888886,0.15850302696752888,0.29506685108344866,576,3058,576,11520
-4.0105,1.0,0.2650173611111111,0.1587214108569854,0.29540733902607896,576,3053,576,11520
-4.009,1.0,0.26484375,0.1588089330024814,0.2955437543292542,576,3051,576,11520
-4.0075,1.0,0.2647569444444444,0.1588527302813017,0.29561200923787534,576,3050,576,11520
-4.0065,1.0,0.26397569444444446,0.15924799557644456,0.29622772506364264,576,3041,576,11520
-4.0055,1.0,0.26371527777777776,0.15938018815716656,0.29643353404353867,576,3038,576,11520
-4.004,1.0,0.26362847222222224,0.15942430113479103,0.2965022006022701,576,3037,576,11520
-4.002000000000001,1.0,0.26336805555555554,0.1595567867036011,0.296708391284191,576,3034,576,11520
-3.999,1.0,0.2631076388888889,0.1596894926531744,0.29691486893992114,576,3031,576,11520
-3.9965,1.0,0.2629340277777778,0.15977808599167823,0.2970526804362961,576,3029,576,11520
-3.9955,1.0,0.26284722222222223,0.1598224195338513,0.29712163416898796,576,3028,576,11520
-3.9935,1.0,0.26276041666666666,0.15986677768526228,0.2971906199210588,576,3027,576,11520
-3.9885,1.0,0.2625868055555556,0.15995556789780616,0.29732868757259,576,3025,576,11520
-3.9795,1.0,0.26241319444444444,0.16004445679355375,0.2974668835696026,576,3023,576,11520
-3.9685,1.0,0.26189236111111114,0.1603117172279432,0.2978822434256458,576,3017,576,11520
-3.9525,1.0,0.2612847222222222,0.16062465142219742,0.29836829836829837,576,3010,576,11520
-3.8529999999999998,1.0,0.2611111111111111,0.16071428571428573,0.29850746268656714,576,3008,576,11520
-3.753,1.0,0.26102430555555556,0.1607591403851521,0.29857709353860507,576,3007,576,11520
-3.739,1.0,0.2609375,0.16080402010050251,0.2986467568828745,576,3006,576,11520
-3.733,1.0,0.2605034722222222,0.1610287950796757,0.29899556178462977,576,3001,576,11520
-3.7275,1.0,0.2603298611111111,0.16111888111888112,0.2991353119887824,576,2999,576,11520
-3.7195,1.0,0.26006944444444446,0.1612541993281075,0.2993451824134705,576,2996,576,11520
-3.7110000000000003,1.0,0.2595486111111111,0.16152551878855861,0.2997658079625293,576,2990,576,11520
-3.705,1.0,0.25928819444444445,0.16166152119000843,0.29997656433091163,576,2987,576,11520
-3.701,1.0,0.2584201388888889,0.16211652124964818,0.30068123091378907,576,2977,576,11520
-3.6985,1.0,0.25833333333333336,0.16216216216216217,0.3007518796992481,576,2976,576,11520
-3.694,1.0,0.2573784722222222,0.16266591358373342,0.30153121319199055,576,2965,576,11520
-3.6905,1.0,0.25711805555555556,0.16280384397964953,0.30174446016030176,576,2962,576,11520
-3.6885,1.0,0.2569444444444444,0.16289592760180996,0.30188679245283023,576,2960,576,11520
-3.6864999999999997,1.0,0.2568576388888889,0.16294200848656296,0.3019580089643784,576,2959,576,11520
-3.6845,1.0,0.25590277777777776,0.16345062429057888,0.30274361400189215,576,2948,576,11520
-3.6814999999999998,1.0,0.2556423611111111,0.1635898892360125,0.3029585798816568,576,2945,576,11520
-3.6785,1.0,0.25460069444444444,0.16414933029353093,0.30382150486589127,576,2933,576,11520
-3.6765,1.0,0.2545138888888889,0.16419612314709237,0.30389363722697055,576,2932,576,11520
-3.675,1.0,0.2542534722222222,0.1643366619115549,0.3041102399619862,576,2929,576,11520
-3.6734999999999998,1.0,0.2532986111111111,0.1648540354894104,0.3049070986183897,576,2918,576,11520
-3.6719999999999997,1.0,0.25286458333333334,0.1650902837489252,0.30527068924397804,576,2913,576,11520
-3.67,1.0,0.2526041666666667,0.16523235800344235,0.30548926014319805,576,2910,576,11520
-3.6675,1.0,0.2518229166666667,0.16566005176876616,0.30614685481942117,576,2901,576,11520
-3.6654999999999998,1.0,0.2509548611111111,0.16613787135852323,0.3068808439223208,576,2891,576,11520
-3.6639999999999997,1.0,0.25052083333333336,0.1663778162911612,0.3072491598655785,576,2886,576,11520
-3.6615,1.0,0.24930555555555556,0.16705336426914152,0.30828516377649323,576,2872,576,11520
-3.6595,1.0,0.24913194444444445,0.16715031921067905,0.30843373493975906,576,2870,576,11520
-3.6585,1.0,0.2484375,0.16753926701570682,0.3090294543698696,576,2862,576,11520
-3.6574999999999998,1.0,0.2478298611111111,0.16788108423200232,0.309552599758162,576,2855,576,11520
-3.6565000000000003,1.0,0.24748263888888888,0.16807703530784943,0.3098523359961268,576,2851,576,11520
-3.6550000000000002,1.0,0.24661458333333333,0.16856892010535557,0.3106042222761466,576,2841,576,11520
-3.653,1.0,0.24644097222222222,0.1686676427525622,0.3107550376304929,576,2839,576,11520
-3.6515,1.0,0.24574652777777778,0.16906369239800412,0.31135976648017516,576,2831,576,11520
-3.65,1.0,0.2454861111111111,0.1692126909518214,0.31158714703018503,576,2828,576,11520
-3.6475,1.0,0.24479166666666666,0.1696113074204947,0.3121951219512195,576,2820,576,11520
-3.6455,1.0,0.24418402777777778,0.1699616406019475,0.3127290495968727,576,2813,576,11520
-3.644,1.0,0.24296875,0.17066666666666666,0.3138024025496445,576,2799,576,11520
-3.6425,1.0,0.24253472222222222,0.17091988130563798,0.31418753068237604,576,2794,576,11520
-3.6414999999999997,1.0,0.24149305555555556,0.17153067301965455,0.31511570654849824,576,2782,576,11520
-3.6405000000000003,1.0,0.24140625,0.17158176943699732,0.3151933021423295,576,2781,576,11520
-3.6395,1.0,0.24053819444444444,0.17209441290708097,0.31597136509503826,576,2771,576,11520
-3.638,1.0,0.23914930555555555,0.17292104473131192,0.31722428748451054,576,2755,576,11520
-3.636,1.0,0.23854166666666668,0.17328519855595667,0.31777557100297915,576,2748,576,11520
-3.6334999999999997,1.0,0.23741319444444445,0.17396556931440652,0.31880448318804483,576,2735,576,11520
-3.6305,1.0,0.23602430555555556,0.1748103186646434,0.32008002000500124,576,2719,576,11520
-3.6285,1.0,0.23515625,0.17534246575342466,0.3208824266733517,576,2709,576,11520
-3.627,1.0,0.234375,0.17582417582417584,0.3216080402010051,576,2700,576,11520
-3.6254999999999997,1.0,0.23350694444444445,0.17636252296387017,0.3224181360201511,576,2690,576,11520
-3.6245000000000003,1.0,0.23307291666666666,0.1766329346826127,0.3228247162673393,576,2685,576,11520
-3.6235,1.0,0.23289930555555555,0.17674133169683953,0.3229876356295736,576,2683,576,11520
-3.622,1.0,0.2322048611111111,0.1771762534604737,0.32364096080910243,576,2675,576,11520
-3.6195,1.0,0.2306423611111111,0.17816269718527683,0.3251206502413005,576,2657,576,11520
-3.6165000000000003,1.0,0.23020833333333332,0.17843866171003717,0.32553407934893186,576,2652,576,11520
-3.614,1.0,0.22934027777777777,0.17899316345556246,0.3263640999490056,576,2642,576,11520
-3.6125,1.0,0.22899305555555555,0.179215930304916,0.32669729453802965,576,2638,576,11520
-3.6115000000000004,1.0,0.2287326388888889,0.1793833696667705,0.32694763729246484,576,2635,576,11520
-3.6100000000000003,1.0,0.22855902777777778,0.1794951698348395,0.32711474571939686,576,2633,576,11520
-3.608,1.0,0.2282986111111111,0.17966313162819714,0.3273657289002558,576,2630,576,11520
-3.6055,1.0,0.22760416666666666,0.1801125703564728,0.3280369041517171,576,2622,576,11520
-3.6029999999999998,1.0,0.22734375,0.18028169014084508,0.3282893049499872,576,2619,576,11520
-3.6014999999999997,1.0,0.2267361111111111,0.1806775407779172,0.328879753340185,576,2612,576,11520
-3.5995,1.0,0.22647569444444443,0.18084772370486657,0.32913345332990485,576,2609,576,11520
-3.5975,1.0,0.2261284722222222,0.18107513360578434,0.32947232947232946,576,2605,576,11520
-3.5965,1.0,0.22586805555555556,0.18124606670862178,0.3297269448737764,576,2602,576,11520
-3.5955000000000004,1.0,0.22526041666666666,0.1816461684011353,0.3303225806451613,576,2595,576,11520
-3.5945,1.0,0.22517361111111112,0.18170347003154574,0.3304078471863707,576,2594,576,11520
-3.5925000000000002,1.0,0.225,0.18181818181818182,0.3305785123966942,576,2592,576,11520
-3.5905,1.0,0.22473958333333333,0.1819905213270142,0.3308348410441975,576,2589,576,11520
-3.5885,1.0,0.2243923611111111,0.18222081619740588,0.33117723156532985,576,2585,576,11520
-3.5860000000000003,1.0,0.22430555555555556,0.18227848101265823,0.33126293995859213,576,2584,576,11520
-3.5845000000000002,1.0,0.22361111111111112,0.18274111675126903,0.33195020746887965,576,2576,576,11520
-3.5825,1.0,0.2234375,0.18285714285714286,0.33212247016087176,576,2574,576,11520
-3.58,1.0,0.22335069444444444,0.1829152111781518,0.3322086685699455,576,2573,576,11520
-3.5780000000000003,1.0,0.22256944444444443,0.18343949044585986,0.3329864724245578,576,2564,576,11520
-3.5755,1.0,0.22230902777777778,0.18361491871214536,0.3332465503775059,576,2561,576,11520
-3.5735,1.0,0.22213541666666667,0.18373205741626794,0.3334201615003907,576,2559,576,11520
-3.5715,1.0,0.22178819444444445,0.18396678377515172,0.33376792698826596,576,2555,576,11520
-3.569,1.0,0.22152777777777777,0.18414322250639387,0.33402922755741127,576,2552,576,11520
-3.5675,1.0,0.22074652777777778,0.18467457518435396,0.33481558985090243,576,2543,576,11520
-3.5635000000000003,1.0,0.22065972222222222,0.18473380372033354,0.33490319204604924,576,2542,576,11520
-3.5585,1.0,0.2203125,0.18497109826589594,0.3352540597171294,576,2538,576,11520
-3.5564999999999998,1.0,0.22013888888888888,0.18508997429305912,0.3354297693920336,576,2536,576,11520
-3.5545,1.0,0.21987847222222223,0.18526857510453523,0.33569367951744034,576,2533,576,11520
-3.552,1.0,0.21953125,0.1855072463768116,0.33604620635337357,576,2529,576,11520
-3.5484999999999998,1.0,0.21944444444444444,0.18556701030927836,0.33613445378151263,576,2528,576,11520
-3.5445,1.0,0.21883680555555557,0.18598643848886018,0.3367534859247566,576,2521,576,11520
-3.5415,1.0,0.21866319444444443,0.18610662358642974,0.3369307712555936,576,2519,576,11520
-3.5380000000000003,1.0,0.21840277777777778,0.18628719275549807,0.33719704952581664,576,2516,576,11520
-3.535,1.0,0.21796875,0.18658892128279883,0.3376417831706674,576,2511,576,11520
-3.5335,1.0,0.21779513888888888,0.18670988654781198,0.3378200052784376,576,2509,576,11520
-3.5315,1.0,0.2171875,0.1871345029239766,0.33844526705446853,576,2502,576,11520
-3.5294999999999996,1.0,0.2165798611111111,0.18756105503093454,0.3390728476821192,576,2495,576,11520
-3.528,1.0,0.21649305555555556,0.18762214983713354,0.33916269210386857,576,2494,576,11520
-3.5250000000000004,1.0,0.21579861111111112,0.18811234487263226,0.33988316516197553,576,2486,576,11520
-3.5215,1.0,0.21371527777777777,0.18959842001316657,0.34206306787814006,576,2462,576,11520
-3.519,1.0,0.21258680555555556,0.19041322314049586,0.3432555644945025,576,2449,576,11520
-3.5175,1.0,0.21241319444444445,0.19053919947072445,0.34343976388516234,576,2447,576,11520
-3.5155,1.0,0.21085069444444443,0.19168053244592345,0.34510649770827717,576,2429,576,11520
-3.5119999999999996,1.0,0.20980902777777777,0.192449047778149,0.34622667027319454,576,2417,576,11520
-3.5084999999999997,1.0,0.20928819444444444,0.19283562102443924,0.3467894879436468,576,2411,576,11520
-3.5065,1.0,0.20894097222222222,0.19309420046932618,0.3471657173854082,576,2407,576,11520
-3.505,1.0,0.20859375,0.1933534743202417,0.3475427640510454,576,2403,576,11520
-3.5025,1.0,0.20824652777777777,0.19361344537815126,0.347920630606143,576,2399,576,11520
-3.4989999999999997,1.0,0.2068576388888889,0.19466035822913147,0.34944034944034946,576,2383,576,11520
-3.496,1.0,0.20651041666666667,0.1949238578680203,0.34982235583492755,576,2379,576,11520
-3.4945000000000004,1.0,0.20616319444444445,0.1951880718400542,0.3502051983584132,576,2375,576,11520
-3.4925,1.0,0.20503472222222222,0.19605173587474473,0.3514552443712246,576,2362,576,11520
-3.4905,1.0,0.20434027777777777,0.19658703071672354,0.35222894881673084,576,2354,576,11520
-3.4885,1.0,0.20425347222222223,0.19665414817343804,0.35232590145884946,576,2353,576,11520
-3.4855,1.0,0.20364583333333333,0.1971252566735113,0.3530060672917815,576,2346,576,11520
-3.4825,1.0,0.20321180555555557,0.19746314706890641,0.35349351008008834,576,2341,576,11520
-3.4795,1.0,0.2029513888888889,0.19766643788606725,0.35378662244333886,576,2338,576,11520
-3.4775,1.0,0.20199652777777777,0.198415432311402,0.35486553922927644,576,2327,576,11520
-3.4755000000000003,1.0,0.20182291666666666,0.19855222337125128,0.35506241331484056,576,2325,576,11520
-3.4725,1.0,0.20164930555555555,0.1986892031735081,0.35525950596724953,576,2323,576,11520
-3.4705000000000004,1.0,0.20112847222222222,0.1991012789491877,0.35585209897136505,576,2317,576,11520
-3.4690000000000003,1.0,0.20078125,0.19937694704049844,0.3562482605065405,576,2313,576,11520
-3.4675000000000002,1.0,0.20069444444444445,0.1994459833795014,0.35634743875278396,576,2312,576,11520
-3.466,1.0,0.20043402777777777,0.1996533795493934,0.35664530509891335,576,2309,576,11520
-3.4645,1.0,0.2,0.2,0.35714285714285715,576,2304,576,11520
-3.4625,1.0,0.19956597222222222,0.20034782608695653,0.3576417993853031,576,2299,576,11520
-3.4595000000000002,1.0,0.19930555555555557,0.20055710306406685,0.35794183445190153,576,2296,576,11520
-3.4565,1.0,0.19869791666666667,0.20104712041884817,0.35864387783692914,576,2289,576,11520
-3.4535,1.0,0.1974826388888889,0.20203437390389337,0.36005625879043607,576,2275,576,11520
-3.4505,1.0,0.19644097222222223,0.20288834096512856,0.3612757550098786,576,2263,576,11520
-3.4485,1.0,0.19539930555555557,0.20374955783516094,0.3625035400736335,576,2251,576,11520
-3.447,1.0,0.1953125,0.20382165605095542,0.36260623229461764,576,2250,576,11520
-3.4445,1.0,0.19453125,0.20447284345047922,0.3635330871911389,576,2241,576,11520
-3.4415,1.0,0.19392361111111112,0.20498220640569395,0.3642572566875356,576,2234,576,11520
-3.4385,1.0,0.19296875,0.2057877813504823,0.3654010847844705,576,2223,576,11520
-3.4355,1.0,0.19227430555555555,0.20637764242207093,0.36623748211731044,576,2215,576,11520
-3.433,1.0,0.19131944444444443,0.20719424460431654,0.3673938002296211,576,2204,576,11520
-3.431,1.0,0.1912326388888889,0.20726880172724002,0.36749928222796446,576,2203,576,11520
-3.4285,1.0,0.19053819444444445,0.20786719595813785,0.3683453237410072,576,2195,576,11520
-3.4255,1.0,0.1896701388888889,0.20862006519377038,0.36940836940836935,576,2185,576,11520
-3.4225,1.0,0.18871527777777777,0.20945454545454545,0.37058482918355534,576,2174,576,11520
-3.4195,1.0,0.18819444444444444,0.2099125364431487,0.37122969837587005,576,2168,576,11520
-3.4165,1.0,0.1876736111111111,0.21037253469685901,0.37187681580476467,576,2162,576,11520
-3.4135,1.0,0.1870659722222222,0.21091175393628708,0.3726346433770015,576,2155,576,11520
-3.4105,1.0,0.18602430555555555,0.21184258918720117,0.3739409874379199,576,2143,576,11520
-3.4074999999999998,1.0,0.18567708333333333,0.2121546961325967,0.3743784732377889,576,2139,576,11520
-3.4045,1.0,0.1853298611111111,0.21246772408705275,0.3748169838945827,576,2135,576,11520
-3.4015,1.0,0.18498263888888888,0.21278167713335797,0.375256523013779,576,2131,576,11520
-3.3985,1.0,0.18472222222222223,0.21301775147928995,0.37558685446009393,576,2128,576,11520
-3.3949999999999996,1.0,0.18428819444444444,0.21341237495368656,0.37613870114604764,576,2123,576,11520
-3.3914999999999997,1.0,0.1842013888888889,0.2134914751667902,0.376249265138154,576,2122,576,11520
-3.3885,1.0,0.18411458333333333,0.2135706340378198,0.37635989414877974,576,2121,576,11520
-3.3855,1.0,0.18385416666666668,0.21380846325167038,0.3766921718658034,576,2118,576,11520
-3.3825,1.0,0.18368055555555557,0.2139673105497771,0.3769140164899882,576,2116,576,11520
-3.3795,1.0,0.18359375,0.2140468227424749,0.37702503681885124,576,2115,576,11520
-3.372,1.0,0.18350694444444443,0.21412639405204462,0.3771361225692399,576,2114,576,11520
-3.363,1.0,0.1834201388888889,0.21420602454444032,0.377247273798998,576,2113,576,11520
-3.2,1.0,0.18333333333333332,0.21428571428571427,0.37735849056603776,576,2112,576,11520
-3.0395000000000003,1.0,0.18324652777777778,0.21436546334201712,0.3774697729283398,576,2111,576,11520
-3.0385,1.0,0.18307291666666667,0.21452513966480447,0.3776925346709944,576,2109,576,11520
-3.037,1.0,0.1829861111111111,0.21460506706408347,0.3778040141676506,576,2108,576,11520
-3.0355,1.0,0.18255208333333334,0.21500559910414332,0.37836240023647655,576,2103,576,11520
-3.0345,1.0,0.18246527777777777,0.2150858849887976,0.3784742755765819,576,2102,576,11520
-3.0335,1.0,0.18194444444444444,0.2155688622754491,0.3791469194312796,576,2096,576,11520
-3.0324999999999998,1.0,0.18159722222222222,0.2158920539730135,0.3795966785290629,576,2092,576,11520
-3.0315000000000003,1.0,0.18098958333333334,0.21645997745208567,0.3803863298662704,576,2085,576,11520
-3.0305,1.0,0.18038194444444444,0.21703089675960813,0.3811792733770102,576,2078,576,11520
-3.0294999999999996,1.0,0.17873263888888888,0.21859582542694497,0.3833483078766098,576,2059,576,11520
-3.0285,1.0,0.17803819444444444,0.21926151503616292,0.3842689882918043,576,2051,576,11520
-3.0275,1.0,0.17760416666666667,0.21967963386727687,0.3848466626578472,576,2046,576,11520
-3.0265,1.0,0.17708333333333334,0.22018348623853212,0.38554216867469876,576,2040,576,11520
-3.0255,1.0,0.1759548611111111,0.22128313484441028,0.3870577562745691,576,2027,576,11520
-3.0244999999999997,1.0,0.17491319444444445,0.22230798919336164,0.3884673748103187,576,2015,576,11520
-3.0235000000000003,1.0,0.17239583333333333,0.22482435597189696,0.39191671769748937,576,1986,576,11520
-3.0225,1.0,0.17178819444444443,0.225440313111546,0.3927585148818656,576,1979,576,11520
-3.0214999999999996,1.0,0.1714409722222222,0.2257938063504508,0.3932411674347159,576,1975,576,11520
-3.0205,1.0,0.17092013888888888,0.2263261296660118,0.39396737457679293,576,1969,576,11520
-3.0195,1.0,0.17048611111111112,0.22677165354330708,0.3945745992601727,576,1964,576,11520
-3.0185,1.0,0.16979166666666667,0.22748815165876776,0.3955500618046972,576,1956,576,11520
-3.0175,1.0,0.16892361111111112,0.22839016653449642,0.39677619342839426,576,1946,576,11520
-3.0164999999999997,1.0,0.16848958333333333,0.22884386174016685,0.39739211425023285,576,1941,576,11520
-3.0155000000000003,1.0,0.1684027777777778,0.2289348171701113,0.39751552795031053,576,1940,576,11520
-3.0145,1.0,0.16822916666666668,0.22911694510739858,0.39776258545680543,576,1938,576,11520
-3.013,1.0,0.16770833333333332,0.22966507177033493,0.398505603985056,576,1932,576,11520
-3.011,1.0,0.1673611111111111,0.23003194888178913,0.39900249376558605,576,1928,576,11520
-3.0084999999999997,1.0,0.16727430555555556,0.23012385137834598,0.3991269098846274,576,1927,576,11520
-3.0065,1.0,0.16701388888888888,0.2304,0.3995006242197254,576,1924,576,11520
-3.005,1.0,0.16692708333333334,0.2304921968787515,0.39962535123321885,576,1923,576,11520
-2.9779999999999998,1.0,0.16666666666666666,0.23076923076923078,0.4,576,1920,576,11520
-2.95,1.0,0.16657986111111112,0.2308617234468938,0.40012503907471086,576,1919,576,11520
-2.944,1.0,0.16649305555555555,0.2309542902967121,0.4002501563477173,576,1918,576,11520
-2.9385,1.0,0.1662326388888889,0.23123243677238056,0.40062597809076683,576,1915,576,11520
-2.9349999999999996,1.0,0.16605902777777778,0.23141824025713137,0.4008769182586909,576,1913,576,11520
-2.9275,1.0,0.16597222222222222,0.2315112540192926,0.40100250626566414,576,1912,576,11520
-2.918,1.0,0.16588541666666667,0.2316043425814234,0.4011281729865246,576,1911,576,11520
-2.912,1.0,0.1657986111111111,0.23169750603378922,0.4012539184952978,576,1910,576,11520
-2.9085,1.0,0.165625,0.2318840579710145,0.4015056461731493,576,1908,576,11520
-2.9059999999999997,1.0,0.16545138888888888,0.23207091055600323,0.40175768989328314,576,1906,576,11520
-2.904,1.0,0.16536458333333334,0.23216444981862153,0.40188383045525905,576,1905,576,11520
-2.902,1.0,0.16519097222222223,0.23235175473981445,0.4021363493559535,576,1903,576,11520
-2.9,1.0,0.16510416666666666,0.2324455205811138,0.4022627278441232,576,1902,576,11520
-2.8979999999999997,1.0,0.16484375,0.23272727272727273,0.4026423403586033,576,1899,576,11520
-2.896,1.0,0.16475694444444444,0.232821341956346,0.4027690371302706,576,1898,576,11520
-2.894,1.0,0.16440972222222222,0.23319838056680162,0.40327662255828606,576,1894,576,11520
-2.8925,1.0,0.16414930555555557,0.23348196189704093,0.4036581520025228,576,1891,576,11520
-2.891,1.0,0.16380208333333332,0.23386114494518878,0.40416798231765083,576,1887,576,11520
-2.8890000000000002,1.0,0.16328125,0.23443223443223443,0.40493514710534645,576,1881,576,11520
-2.887,1.0,0.1625,0.23529411764705882,0.40609137055837563,576,1872,576,11520
-2.885,1.0,0.16171875,0.23616236162361623,0.4072542157174674,576,1863,576,11520
-2.883,1.0,0.1609375,0.23703703703703705,0.40842373962986595,576,1854,576,11520
-2.8810000000000002,1.0,0.16015625,0.2379182156133829,0.4096,576,1845,576,11520
-2.879,1.0,0.15885416666666666,0.23940149625935161,0.4115755627009646,576,1830,576,11520
-2.8775,1.0,0.15789930555555556,0.2405010438413361,0.4130364633752823,576,1819,576,11520
-2.8765,1.0,0.15711805555555555,0.24140821458507963,0.41423948220064727,576,1810,576,11520
-2.875,1.0,0.15598958333333332,0.2427307206068268,0.41598960025999354,576,1797,576,11520
-2.8735,1.0,0.15512152777777777,0.2437579348286077,0.41734594065862407,576,1787,576,11520
-2.872,1.0,0.1546875,0.24427480916030533,0.41802743305029394,576,1782,576,11520
-2.87,1.0,0.15381944444444445,0.2453151618398637,0.41939711664482304,576,1772,576,11520
-2.8680000000000003,1.0,0.1525173611111111,0.24689241320188599,0.421468554494567,576,1757,576,11520
-2.866,1.0,0.15164930555555556,0.24795523030563926,0.4228609184010571,576,1747,576,11520
-2.864,1.0,0.1506076388888889,0.2492427520553873,0.42454394693200664,576,1735,576,11520
-2.8625,1.0,0.15008680555555556,0.24989154013015186,0.42539049518112326,576,1729,576,11520
-2.8615000000000004,1.0,0.14973958333333334,0.2503259452411995,0.4259567387687188,576,1725,576,11520
-2.8600000000000003,1.0,0.14921875,0.25098039215686274,0.42680893631210404,576,1719,576,11520
-2.8585000000000003,1.0,0.14878472222222222,0.251528384279476,0.42752171008684037,576,1714,576,11520
-2.8575,1.0,0.1486111111111111,0.2517482517482518,0.42780748663101603,576,1712,576,11520
-2.856,1.0,0.1482638888888889,0.2521891418563923,0.428380187416332,576,1708,576,11520
-2.8545,1.0,0.14809027777777778,0.25241016652059595,0.4286671131949096,576,1706,576,11520
-2.8535000000000004,1.0,0.14756944444444445,0.2530755711775044,0.42953020134228187,576,1700,576,11520
-2.8520000000000003,1.0,0.14713541666666666,0.2536327608982827,0.43025210084033616,576,1695,576,11520
-2.8505000000000003,1.0,0.1467013888888889,0.25419240953221534,0.43097643097643096,576,1690,576,11520
-2.8485,1.0,0.1462673611111111,0.2547545333923043,0.4317032040472175,576,1685,576,11520
-2.8465,1.0,0.14565972222222223,0.25554569653948533,0.43272481406355645,576,1678,576,11520
-2.8449999999999998,1.0,0.14539930555555555,0.2558862727676588,0.4331641285956007,576,1675,576,11520
-2.8434999999999997,1.0,0.1449652777777778,0.25645592163846836,0.43389830508474575,576,1670,576,11520
-2.841,1.0,0.14461805555555557,0.2569134701159679,0.43448744059742017,576,1666,576,11520
-2.8385,1.0,0.14322916666666666,0.2587601078167116,0.43686006825938567,576,1650,576,11520
-2.8369999999999997,1.0,0.14314236111111112,0.25887640449438204,0.4370092181631956,576,1649,576,11520
-2.835,1.0,0.14175347222222223,0.2607514712539611,0.4394095434260213,576,1633,576,11520
-2.8335,1.0,0.14088541666666668,0.26193724420190995,0.44092318291422666,576,1623,576,11520
-2.8325,1.0,0.1407986111111111,0.26205641492265697,0.4410751206064783,576,1622,576,11520
-2.8315,1.0,0.13984375,0.26337448559670784,0.4427533725354549,576,1611,576,11520
-2.8305,1.0,0.13975694444444445,0.26349496797804206,0.4429065743944637,576,1610,576,11520
-2.8295000000000003,1.0,0.13949652777777777,0.26385707741639947,0.44336681676480777,576,1607,576,11520
-2.8285,1.0,0.13897569444444444,0.264584290307763,0.44429017702186746,576,1601,576,11520
-2.8274999999999997,1.0,0.13784722222222223,0.266173752310536,0.4463040446304045,576,1588,576,11520
-2.8265000000000002,1.0,0.13723958333333333,0.2670375521557719,0.44739601537923807,576,1581,576,11520
-2.8255,1.0,0.13697916666666668,0.26740947075208915,0.4478656403079076,576,1578,576,11520
-2.8245,1.0,0.13619791666666667,0.26853146853146853,0.4492804492804493,576,1569,576,11520
-2.8235,1.0,0.13359375,0.2723404255319149,0.4540617240156083,576,1539,576,11520
-2.8225,1.0,0.1326388888888889,0.2737642585551331,0.45584045584045585,576,1528,576,11520
-2.8215000000000003,1.0,0.13133680555555555,0.27573001436093825,0.4582885785893305,576,1513,576,11520
-2.8205,1.0,0.13012152777777777,0.27759036144578314,0.4605973371716445,576,1499,576,11520
-2.8194999999999997,1.0,0.12899305555555557,0.2793404461687682,0.462762111352133,576,1486,576,11520
-2.8185000000000002,1.0,0.1265625,0.2831858407079646,0.46749452154857557,576,1458,576,11520
-2.8175,1.0,0.12508680555555557,0.285572632622707,0.47041528849687614,576,1441,576,11520
-2.8165,1.0,0.12309027777777778,0.2888665997993982,0.4744255003706449,576,1418,576,11520
-2.8155,1.0,0.12178819444444444,0.29105608893380497,0.4770778978755125,576,1403,576,11520
-2.8145,1.0,0.12118055555555556,0.2920892494929006,0.47832585949177875,576,1396,576,11520
-2.8135000000000003,1.0,0.12083333333333333,0.2926829268292683,0.4790419161676647,576,1392,576,11520
-2.8125,1.0,0.11987847222222223,0.29432805314256516,0.481022172115746,576,1381,576,11520
-2.811,1.0,0.11918402777777778,0.2955361723961006,0.4824726724462872,576,1373,576,11520
-2.8095,1.0,0.11909722222222222,0.29568788501026694,0.4826546003016592,576,1372,576,11520
-2.8085,1.0,0.11901041666666666,0.29583975346687214,0.48283666540927955,576,1371,576,11520
-2.807,1.0,0.1189236111111111,0.2959917780061665,0.4830188679245283,576,1370,576,11520
-2.8049999999999997,1.0,0.11875,0.2962962962962963,0.48338368580060426,576,1368,576,11520
-2.803,1.0,0.11866319444444444,0.2964487905301081,0.4835663014733661,576,1367,576,11520
-2.801,1.0,0.11822916666666666,0.29721362229102166,0.48448145344436033,576,1362,576,11520
-2.799,1.0,0.11814236111111111,0.2973670624677336,0.48466489965922,576,1361,576,11520
-2.7960000000000003,1.0,0.11788194444444444,0.29782833505687695,0.4852160727824109,576,1358,576,11520
-2.7935,1.0,0.11770833333333333,0.2981366459627329,0.48558421851289835,576,1356,576,11520
-2.792,1.0,0.11762152777777778,0.29829104091144487,0.4857685009487666,576,1355,576,11520
-2.7889999999999997,1.0,0.11753472222222222,0.29844559585492225,0.48595292331055423,576,1354,576,11520
-2.783,1.0,0.11727430555555556,0.29891022314478466,0.4865070315469403,576,1351,576,11520
-2.7755,1.0,0.11710069444444444,0.2992207792207792,0.4868771395968049,576,1349,576,11520
-2.7699999999999996,1.0,0.11692708333333333,0.2995319812792512,0.48724781119147315,576,1347,576,11520
-2.766,1.0,0.11684027777777778,0.29968782518210196,0.48743335872048743,576,1346,576,11520
-2.7605,1.0,0.11675347222222222,0.29984383133784487,0.4876190476190476,576,1345,576,11520
-2.5295,1.0,0.11666666666666667,0.3,0.4878048780487805,576,1344,576,11520
-2.2975000000000003,1.0,0.11657986111111111,0.30015633142261594,0.4879908501715593,576,1343,576,11520
-2.2895000000000003,1.0,0.11649305555555556,0.30031282586027114,0.48817696414950423,576,1342,576,11520
-2.284,1.0,0.11640625,0.3004694835680751,0.48836322014498285,576,1341,576,11520
-2.2795,1.0,0.11631944444444445,0.30062630480167013,0.48854961832061067,576,1340,576,11520
-2.2750000000000004,1.0,0.11614583333333334,0.30094043887147337,0.48892284186401835,576,1338,576,11520
-2.2725,1.0,0.11605902777777778,0.3010977522216414,0.48910966755827284,576,1337,576,11520
-2.2699999999999996,1.0,0.11597222222222223,0.301255230125523,0.48929663608562685,576,1336,576,11520
-2.267,1.0,0.11571180555555556,0.30172865374541646,0.48985840030616146,576,1333,576,11520
-2.2635,1.0,0.115625,0.3018867924528302,0.4900459418070444,576,1332,576,11520
-2.2590000000000003,1.0,0.11553819444444445,0.30204509701101206,0.4902336269628495,576,1331,576,11520
-2.2565,1.0,0.1154513888888889,0.30220356768100737,0.4904214559386973,576,1330,576,11520
-2.2539999999999996,1.0,0.11536458333333334,0.30236220472440944,0.4906094288999616,576,1329,576,11520
-2.251,1.0,0.11527777777777778,0.3025210084033613,0.49079754601226994,576,1328,576,11520
-2.2455,1.0,0.11519097222222222,0.30267997898055704,0.49098580744150366,576,1327,576,11520
-2.2405,1.0,0.1150173611111111,0.30299842188321935,0.49136276391554706,576,1325,576,11520
-2.239,1.0,0.11493055555555555,0.3031578947368421,0.49155145929339483,576,1324,576,11520
-2.2359999999999998,1.0,0.11475694444444444,0.303477344573235,0.4919292851652575,576,1322,576,11520
-2.2315,1.0,0.11467013888888888,0.3036373220875066,0.4921184159938486,576,1321,576,11520
-2.2279999999999998,1.0,0.11458333333333333,0.3037974683544304,0.49230769230769234,576,1320,576,11520
-2.226,1.0,0.11440972222222222,0.3041182682154171,0.4926866820631255,576,1318,576,11520
-2.2225,1.0,0.11432291666666666,0.30427892234548337,0.49287639584135545,576,1317,576,11520
-2.218,1.0,0.11423611111111111,0.3044397463002114,0.4930662557781202,576,1316,576,11520
-2.2155,1.0,0.1140625,0.3047619047619048,0.49344641480339246,576,1314,576,11520
-2.2075,1.0,0.11388888888888889,0.3050847457627119,0.49382716049382713,576,1312,576,11520
-2.186,1.0,0.11380208333333333,0.3052464228934817,0.49401775376302587,576,1311,576,11520
-2.1710000000000003,1.0,0.11362847222222222,0.3055702917771883,0.4943993820007725,576,1309,576,11520
-2.1675,1.0,0.11354166666666667,0.3057324840764331,0.4945904173106646,576,1308,576,11520
-2.162,1.0,0.11345486111111111,0.30589484864577804,0.4947816003092385,576,1307,576,11520
-2.1585,1.0,0.11336805555555556,0.30605738575983,0.4949729311678268,576,1306,576,11520
-2.1574999999999998,1.0,0.11319444444444444,0.30638297872340425,0.49535603715170273,576,1304,576,11520
-2.1565000000000003,1.0,0.11302083333333333,0.30670926517571884,0.4957397366382649,576,1302,576,11520
-2.1550000000000002,1.0,0.11284722222222222,0.3070362473347548,0.49612403100775193,576,1300,576,11520
-2.1535,1.0,0.11276041666666667,0.3072,0.49631640170608765,576,1299,576,11520
-2.1525,1.0,0.11258680555555556,0.3075280298985585,0.4967015909972836,576,1297,576,11520
-2.1515,1.0,0.11241319444444445,0.307856761090326,0.49708737864077673,576,1295,576,11520
-2.1505,1.0,0.11223958333333334,0.30818619582664525,0.4974737660318694,576,1293,576,11520
-2.1494999999999997,1.0,0.11163194444444445,0.30934479054779807,0.4988308651597817,576,1286,576,11520
-2.1485000000000003,1.0,0.1115451388888889,0.30951101558301986,0.49902534113060426,576,1285,576,11520
-2.1475,1.0,0.11128472222222222,0.310010764262648,0.4996096799375488,576,1282,576,11520
-2.146,1.0,0.11085069444444444,0.31084727468969237,0.5005866249511146,576,1277,576,11520
-2.1445,1.0,0.11015625,0.3121951219512195,0.5021577089054531,576,1269,576,11520
-2.1435,1.0,0.10946180555555556,0.3135547087642896,0.5037386855568674,576,1261,576,11520
-2.1425,1.0,0.10928819444444444,0.3138964577656676,0.5041354864119733,576,1259,576,11520
-2.1414999999999997,1.0,0.10868055555555556,0.3150984682713348,0.5055292259083729,576,1252,576,11520
-2.1405000000000003,1.0,0.10737847222222222,0.3177054605626034,0.5085419149781486,576,1237,576,11520
-2.1395,1.0,0.10729166666666666,0.31788079470198677,0.5087440381558029,576,1236,576,11520
-2.1384999999999996,1.0,0.10642361111111111,0.3196448390677026,0.5107741420590582,576,1226,576,11520
-2.137,1.0,0.10512152777777778,0.32232792389479575,0.513849859494179,576,1211,576,11520
-2.1355,1.0,0.10347222222222222,0.3257918552036199,0.5177993527508091,576,1192,576,11520
-2.1345,1.0,0.10277777777777777,0.32727272727272727,0.5194805194805195,576,1184,576,11520
-2.1334999999999997,1.0,0.10243055555555555,0.32801822323462415,0.5203252032520325,576,1180,576,11520
-2.1325000000000003,1.0,0.1015625,0.32989690721649484,0.5224489795918368,576,1170,576,11520
-2.1310000000000002,1.0,0.10086805555555556,0.33141542002301494,0.5241605241605242,576,1162,576,11520
-2.1295,1.0,0.10026041666666667,0.3327556325823224,0.5256673511293635,576,1155,576,11520
-2.128,1.0,0.09913194444444444,0.3352735739231665,0.5284888521882742,576,1142,576,11520
-2.1265,1.0,0.09782986111111111,0.3382266588373459,0.5317823016202742,576,1127,576,11520
-2.125,1.0,0.09661458333333334,0.3410301953818828,0.5348934391976599,576,1113,576,11520
-2.1235,1.0,0.0959201388888889,0.34265318262938727,0.5366876310272537,576,1105,576,11520
-2.1225,1.0,0.09565972222222222,0.3432657926102503,0.5373635600335852,576,1102,576,11520
-2.1215,1.0,0.09557291666666666,0.3434704830053667,0.5375892482150357,576,1101,576,11520
-2.1205,1.0,0.09539930555555555,0.34388059701492535,0.5380411937788987,576,1099,576,11520
-2.1189999999999998,1.0,0.09513888888888888,0.3444976076555024,0.5387205387205388,576,1096,576,11520
-2.1174999999999997,1.0,0.09479166666666666,0.34532374100719426,0.539629005059022,576,1092,576,11520
-2.116,1.0,0.09461805555555555,0.3457382953181273,0.540084388185654,576,1090,576,11520
-2.1135,1.0,0.09453125,0.34594594594594597,0.5403123680878008,576,1089,576,11520
-2.1105,1.0,0.09444444444444444,0.34615384615384615,0.5405405405405406,576,1088,576,11520
-2.0255,1.0,0.09427083333333333,0.34657039711191334,0.5409974640743872,576,1086,576,11520
-1.934,1.0,0.09418402777777778,0.34677904876580373,0.5412262156448203,576,1085,576,11520
-1.924,1.0,0.09409722222222222,0.3469879518072289,0.5414551607445008,576,1084,576,11520
-1.9205,1.0,0.09392361111111111,0.3474065138721351,0.541913632514818,576,1082,576,11520
-1.9175,1.0,0.09375,0.34782608695652173,0.5423728813559322,576,1080,576,11520
-1.911,1.0,0.09366319444444444,0.34803625377643505,0.5426027977956761,576,1079,576,11520
-1.9045,1.0,0.09348958333333333,0.3484573502722323,0.543063215952482,576,1077,576,11520
-1.9015,1.0,0.09322916666666667,0.3490909090909091,0.5437553101104503,576,1074,576,11520
-1.8984999999999999,1.0,0.09305555555555556,0.34951456310679613,0.5442176870748299,576,1072,576,11520
-1.8955,1.0,0.09270833333333334,0.35036496350364965,0.545144804088586,576,1068,576,11520
-1.8904999999999998,1.0,0.09262152777777778,0.35057821059038347,0.5453770771197274,576,1067,576,11520
-1.8855,1.0,0.09244791666666667,0.3510054844606947,0.5458422174840085,576,1065,576,11520
-1.8824999999999998,1.0,0.09236111111111112,0.35121951219512193,0.5460750853242321,576,1064,576,11520
-1.8795,1.0,0.0921875,0.3516483516483517,0.5465414175918019,576,1062,576,11520
-1.876,1.0,0.09192708333333334,0.3522935779816514,0.5472424112868748,576,1059,576,11520
-1.8725,1.0,0.0915798611111111,0.35315757204169224,0.5481798715203426,576,1055,576,11520
-1.8695,1.0,0.09123263888888888,0.3540258143822987,0.5491205491205491,576,1051,576,11520
-1.8665,1.0,0.09045138888888889,0.35599505562422745,0.5512489233419466,576,1042,576,11520
-1.8635000000000002,1.0,0.08993055555555556,0.3573200992555831,0.5526770293609672,576,1036,576,11520
-1.86,1.0,0.08967013888888889,0.3579863269111249,0.5533938607868568,576,1033,576,11520
-1.8565,1.0,0.08958333333333333,0.3582089552238806,0.5536332179930796,576,1032,576,11520
-1.8535,1.0,0.08940972222222222,0.3586550435865504,0.5541125541125541,576,1030,576,11520
-1.8505,1.0,0.08897569444444445,0.35977514053716425,0.5553145336225597,576,1025,576,11520
-1.8475000000000001,1.0,0.08828125,0.3615819209039548,0.5572485851110144,576,1017,576,11520
-1.844,1.0,0.08802083333333334,0.3622641509433962,0.5579773321708805,576,1014,576,11520
-1.8405,1.0,0.0875,0.36363636363636365,0.5594405594405594,576,1008,576,11520
-1.8375,1.0,0.08689236111111111,0.36525047558655677,0.5611573871109162,576,1001,576,11520
-1.8355000000000001,1.0,0.08567708333333333,0.3685220729366603,0.564622849580944,576,987,576,11520
-1.834,1.0,0.08559027777777778,0.3687580025608195,0.5648720211827007,576,986,576,11520
-1.8315000000000001,1.0,0.08524305555555556,0.36970474967907574,0.5658709106984969,576,982,576,11520
-1.828,1.0,0.084375,0.37209302325581395,0.5683836589698046,576,972,576,11520
-1.8245,1.0,0.08368055555555555,0.37402597402597404,0.5704099821746882,576,964,576,11520
-1.8215,1.0,0.08307291666666666,0.37573385518590996,0.5721949038891373,576,957,576,11520
-1.8195000000000001,1.0,0.08263888888888889,0.3769633507853403,0.5734767025089605,576,952,576,11520
-1.818,1.0,0.08246527777777778,0.37745740498034075,0.5739910313901345,576,950,576,11520
-1.8155000000000001,1.0,0.08203125,0.378698224852071,0.5752808988764045,576,945,576,11520
-1.8135,1.0,0.08168402777777778,0.37969676994067236,0.5763169743358848,576,941,576,11520
-1.8119999999999998,1.0,0.08125,0.38095238095238093,0.5776173285198555,576,936,576,11520
-1.8105,1.0,0.08116319444444445,0.3812045003309067,0.5778781038374717,576,935,576,11520
-1.8090000000000002,1.0,0.08090277777777778,0.3819628647214854,0.5786618444846293,576,932,576,11520
-1.8075,1.0,0.08064236111111112,0.38272425249169434,0.5794477138976912,576,929,576,11520
-1.8065,1.0,0.0802951388888889,0.38374417055296467,0.5804988662131518,576,925,576,11520
-1.8054999999999999,1.0,0.08012152777777778,0.3842561707805203,0.5810258738084431,576,923,576,11520
-1.8045,1.0,0.08003472222222222,0.38451268357810414,0.5812897366030881,576,922,576,11520
-1.8035,1.0,0.0798611111111111,0.3850267379679144,0.5818181818181819,576,920,576,11520
-1.802,1.0,0.07977430555555555,0.38528428093645484,0.5820827648931333,576,919,576,11520
-1.7999999999999998,1.0,0.07934027777777777,0.3865771812080537,0.5834092980856882,576,914,576,11520
-1.7985,1.0,0.07925347222222222,0.38683680322364,0.5836753305973552,576,913,576,11520
-1.7974999999999999,1.0,0.07916666666666666,0.3870967741935484,0.583941605839416,576,912,576,11520
-1.7965,1.0,0.07890625,0.3878787878787879,0.5847418912745546,576,909,576,11520
-1.795,1.0,0.07855902777777778,0.3889264010803511,0.585812356979405,576,905,576,11520
-1.7930000000000001,1.0,0.07847222222222222,0.3891891891891892,0.586080586080586,576,904,576,11520
-1.7915,1.0,0.07838541666666667,0.3894523326572008,0.5863490609253322,576,903,576,11520
-1.7905,1.0,0.07829861111111111,0.38971583220568334,0.5866177818515124,576,902,576,11520
-1.7890000000000001,1.0,0.07821180555555556,0.3899796885578876,0.5868867491976157,576,901,576,11520
-1.7875,1.0,0.07769097222222222,0.39157036029911624,0.5885057471264368,576,895,576,11520
-1.786,1.0,0.07751736111111111,0.39210347174948945,0.5890473999079614,576,893,576,11520
-1.7845,1.0,0.07708333333333334,0.39344262295081966,0.5904059040590406,576,888,576,11520
-1.7835,1.0,0.07699652777777778,0.39371155160628846,0.5906783571758191,576,887,576,11520
-1.7825,1.0,0.07569444444444444,0.39779005524861877,0.5947955390334573,576,872,576,11520
-1.7814999999999999,1.0,0.07552083333333333,0.3983402489626556,0.5953488372093023,576,870,576,11520
-1.7805,1.0,0.07447916666666667,0.401673640167364,0.598690364826941,576,858,576,11520
-1.7795,1.0,0.07361111111111111,0.4044943820224719,0.6015037593984962,576,848,576,11520
-1.7785,1.0,0.07335069444444445,0.40534834623504573,0.6023529411764706,576,845,576,11520
-1.7774999999999999,1.0,0.07222222222222222,0.4090909090909091,0.6060606060606061,576,832,576,11520
-1.7765,1.0,0.07083333333333333,0.41379310344827586,0.6106870229007634,576,816,576,11520
-1.7755,1.0,0.06918402777777778,0.41951930080116534,0.6162734713529128,576,797,576,11520
-1.7745,1.0,0.06770833333333333,0.4247787610619469,0.6213592233009708,576,780,576,11520
-1.7734999999999999,1.0,0.06657986111111111,0.4288905435591958,0.6253053248656572,576,767,576,11520
-1.7725,1.0,0.0642361111111111,0.4376899696048632,0.6336633663366337,576,740,576,11520
-1.7715,1.0,0.06319444444444444,0.44171779141104295,0.6374501992031872,576,728,576,11520
-1.7705,1.0,0.06163194444444445,0.447900466562986,0.6432160804020101,576,710,576,11520
-1.7694999999999999,1.0,0.06032986111111111,0.45318646734854445,0.6481012658227848,576,695,576,11520
-1.7685,1.0,0.05876736111111111,0.4596967278531524,0.6540623403168114,576,677,576,11520
-1.7675,1.0,0.058333333333333334,0.46153846153846156,0.6557377049180327,576,672,576,11520
-1.7665,1.0,0.05720486111111111,0.46639676113360323,0.6601340897369778,576,659,576,11520
-1.7654999999999998,1.0,0.056163194444444446,0.47097301717089124,0.6642449403217435,576,647,576,11520
-1.7645,1.0,0.05546875,0.4740740740740741,0.6670140698280355,576,639,576,11520
-1.7635,1.0,0.054947916666666666,0.47642679900744417,0.669106116048092,576,633,576,11520
-1.7625,1.0,0.05373263888888889,0.4820083682008368,0.6740389678778304,576,619,576,11520
-1.7614999999999998,1.0,0.053125,0.48484848484848486,0.6765327695560254,576,612,576,11520
-1.7605,1.0,0.05295138888888889,0.4856661045531197,0.6772486772486773,576,610,576,11520
-1.7595,1.0,0.05269097222222222,0.48689771766694845,0.6783253842077371,576,607,576,11520
-1.7585,1.0,0.05251736111111111,0.4877222692633362,0.6790450928381963,576,605,576,11520
-1.7574999999999998,1.0,0.052256944444444446,0.48896434634974534,0.6801275239107333,576,602,576,11520
-1.7565,1.0,0.05217013888888889,0.4893797790994053,0.680489101541733,576,601,576,11520
-1.7555,1.0,0.05164930555555555,0.4918872758326217,0.6826666666666668,576,595,576,11520
-1.7545,1.0,0.0515625,0.49230769230769234,0.6830309498399146,576,594,576,11520
-1.7534999999999998,1.0,0.05147569444444444,0.49272882805816937,0.6833956219967966,576,593,576,11520
-1.7525,1.0,0.05095486111111111,0.49527085124677556,0.6855918585966791,576,587,576,11520
-1.751,1.0,0.050868055555555555,0.49569707401032703,0.6859592711682744,576,586,576,11520
-1.7485,1.0,0.05078125,0.49612403100775193,0.6863270777479893,576,585,576,11520
-1.745,1.0,0.050520833333333334,0.49740932642487046,0.6874328678839957,576,582,576,11520
-1.7415,1.0,0.05008680555555556,0.49956634865568084,0.6892837910608509,576,577,576,11520
-1.702,1.0,0.05,0.5,0.689655172413793,576,576,576,11520
-1.6625,1.0,0.04991319444444445,0.5004344048653345,0.6900269541778976,576,575,576,11520
-1.6595,1.0,0.04982638888888889,0.5008695652173913,0.6903991370010788,576,574,576,11520
-1.656,1.0,0.04956597222222222,0.5021795989537925,0.6915180983252296,576,571,576,11520
-1.6524999999999999,1.0,0.049305555555555554,0.5034965034965035,0.6926406926406926,576,568,576,11520
-1.649,1.0,0.04887152777777778,0.5057067603160668,0.694519804666305,576,563,576,11520
-1.6455,1.0,0.04861111111111111,0.5070422535211268,0.6956521739130435,576,560,576,11520
-1.642,1.0,0.04826388888888889,0.508833922261484,0.6971677559912854,576,556,576,11520
-1.6385,1.0,0.04756944444444444,0.5124555160142349,0.700218818380744,576,548,576,11520
-1.6355,1.0,0.04722222222222222,0.5142857142857142,0.7017543859649122,576,544,576,11520
-1.632,1.0,0.046875,0.5161290322580645,0.7032967032967032,576,540,576,11520
-1.6284999999999998,1.0,0.04626736111111111,0.5193868349864743,0.706012134583563,576,533,576,11520
-1.625,1.0,0.04548611111111111,0.5236363636363637,0.7095343680709535,576,524,576,11520
-1.6215000000000002,1.0,0.04453125,0.5289256198347108,0.7138873396542109,576,513,576,11520
-1.618,1.0,0.04383680555555555,0.5328399629972248,0.7170868347338936,576,505,576,11520
-1.6145,1.0,0.04314236111111111,0.5368126747437092,0.7203151378728194,576,497,576,11520
-1.6115,1.0,0.04279513888888889,0.538821328344247,0.7219402143260012,576,493,576,11520
-1.608,1.0,0.042534722222222224,0.5403377110694184,0.7231638418079095,576,490,576,11520
-1.6045,1.0,0.04175347222222222,0.5449385052034059,0.7268597387847814,576,481,576,11520
-1.601,1.0,0.04114583333333333,0.5485714285714286,0.7297605473204105,576,474,576,11520
-1.5975000000000001,1.0,0.04001736111111111,0.5554484088717454,0.7352096496266514,576,461,576,11520
-1.594,1.0,0.03958333333333333,0.5581395348837209,0.7373271889400922,576,456,576,11520
-1.5905,1.0,0.039322916666666666,0.5597667638483965,0.738603577611079,576,453,576,11520
-1.5875,1.0,0.039149305555555555,0.560856864654333,0.7394569612940496,576,451,576,11520
-1.584,1.0,0.03871527777777778,0.5636007827788649,0.7415990730011587,576,446,576,11520
-1.5805,1.0,0.03836805555555556,0.5658153241650294,0.7433217189314749,576,442,576,11520
-1.577,1.0,0.03810763888888889,0.5674876847290641,0.7446189645142525,576,439,576,11520
-1.5735000000000001,1.0,0.037586805555555554,0.5708622398414271,0.747227086981903,576,433,576,11520
-1.57,1.0,0.03697916666666667,0.5748502994011976,0.7502930832356388,576,426,576,11520
-1.5665,1.0,0.036631944444444446,0.5771543086172345,0.7520564042303172,576,422,576,11520
-1.5615,1.0,0.03611111111111111,0.5806451612903226,0.7547169811320755,576,416,576,11520
-1.5545,1.0,0.03602430555555555,0.5812310797174571,0.7551622418879057,576,415,576,11520
-1.5495,1.0,0.035590277777777776,0.5841784989858012,0.7573964497041421,576,410,576,11520
-1.5474999999999999,1.0,0.03498263888888889,0.5883554647599591,0.7605466428995841,576,403,576,11520
-1.5455,1.0,0.034895833333333334,0.588957055214724,0.760998810939358,576,402,576,11520
-1.5425,1.0,0.034375,0.5925925925925926,0.7637231503579952,576,396,576,11520
-1.54,1.0,0.034027777777777775,0.5950413223140496,0.7655502392344499,576,392,576,11520
-1.5385,1.0,0.03394097222222222,0.5956566701137539,0.7660083782166367,576,391,576,11520
-1.5375,1.0,0.033854166666666664,0.5962732919254659,0.7664670658682635,576,390,576,11520
-1.536,1.0,0.03359375,0.5981308411214953,0.7678464307138572,576,387,576,11520
-1.5339999999999998,1.0,0.03324652777777778,0.6006256517205423,0.7696933253156945,576,383,576,11520
-1.532,1.0,0.032725694444444446,0.6044071353620147,0.7724803862401931,576,377,576,11520
-1.5299999999999998,1.0,0.03211805555555555,0.6088794926004228,0.7757575757575758,576,370,576,11520
-1.5285,1.0,0.031684027777777776,0.61211477151966,0.778115501519757,576,365,576,11520
-1.5274999999999999,1.0,0.03090277777777778,0.6180257510729614,0.78239608801956,576,356,576,11520
-1.5265,1.0,0.03064236111111111,0.620021528525296,0.7838334353949785,576,353,576,11520
-1.525,1.0,0.0296875,0.6274509803921569,0.7891491985203454,576,342,576,11520
-1.5230000000000001,1.0,0.02829861111111111,0.6385809312638581,0.797011207970112,576,326,576,11520
-1.521,1.0,0.02769097222222222,0.6435754189944134,0.8005003126954346,576,319,576,11520
-1.5190000000000001,1.0,0.026822916666666665,0.6508474576271186,0.8055380742605412,576,309,576,11520
-1.517,1.0,0.026475694444444444,0.6538024971623155,0.807570977917981,576,305,576,11520
-1.5150000000000001,1.0,0.02578125,0.6597938144329897,0.8116677235256817,576,297,576,11520
-1.513,1.0,0.025,0.6666666666666666,0.8163265306122449,576,288,576,11520
-1.5110000000000001,1.0,0.024305555555555556,0.6728971962616822,0.8205128205128205,576,280,576,11520
-1.509,1.0,0.02378472222222222,0.6776470588235294,0.8236808236808236,576,274,576,11520
-1.5070000000000001,1.0,0.02361111111111111,0.6792452830188679,0.8247422680412371,576,272,576,11520
-1.505,1.0,0.023003472222222224,0.6848989298454221,0.8284789644012945,576,265,576,11520
-1.5030000000000001,1.0,0.02265625,0.6881720430107527,0.8306294613887086,576,261,576,11520
-1.501,1.0,0.022048611111111113,0.6939759036144578,0.834419817470665,576,254,576,11520
-1.499,1.0,0.021527777777777778,0.6990291262135923,0.837696335078534,576,248,576,11520
-1.4969999999999999,1.0,0.020920138888888887,0.7050183598531212,0.84155161078238,576,241,576,11520
-1.495,1.0,0.020052083333333335,0.7137546468401487,0.8471211118464593,576,231,576,11520
-1.4935,1.0,0.01987847222222222,0.715527950310559,0.8482438701126574,576,229,576,11520
-1.492,1.0,0.01935763888888889,0.72090112640801,0.8516300731869594,576,223,576,11520
-1.4900000000000002,1.0,0.018836805555555555,0.7263556116015133,0.8550434201736807,576,217,576,11520
-1.488,1.0,0.018489583333333334,0.7300380228136882,0.8573342263898193,576,213,576,11520
-1.4860000000000002,1.0,0.01840277777777778,0.7309644670050761,0.8579088471849865,576,212,576,11520
-1.484,1.0,0.01796875,0.735632183908046,0.8607935440484197,576,207,576,11520
-1.4820000000000002,1.0,0.017708333333333333,0.7384615384615385,0.862533692722372,576,204,576,11520
-1.479,1.0,0.017621527777777778,0.7394094993581515,0.8631153068105192,576,203,576,11520
-1.476,1.0,0.017534722222222222,0.7403598971722365,0.863697705802969,576,202,576,11520
-1.4735,1.0,0.017447916666666667,0.7413127413127413,0.8642808912896691,576,201,576,11520
-1.4705,1.0,0.017361111111111112,0.7422680412371134,0.8648648648648649,576,200,576,11520
-1.467,1.0,0.0171875,0.7441860465116279,0.8660351826792964,576,198,576,11520
-1.464,1.0,0.017100694444444446,0.7451487710219923,0.8666215301286391,576,197,576,11520
-1.4625,1.0,0.017013888888888887,0.7461139896373057,0.8672086720867208,576,196,576,11520
-1.455,1.0,0.016840277777777777,0.7480519480519481,0.8683853459972863,576,194,576,11520
-1.1989999999999998,1.0,0.016666666666666666,0.75,0.8695652173913043,576,192,576,11520
-0.947,1.0,0.01657986111111111,0.7509778357235984,0.8701563562202583,576,191,576,11520
-0.938,1.0,0.016493055555555556,0.7519582245430809,0.8707482993197279,576,190,576,11520
-0.929,1.0,0.01623263888888889,0.7549148099606815,0.8725289706884798,576,187,576,11520
-0.923,1.0,0.016059027777777776,0.7568988173455979,0.8737201365187713,576,185,576,11520
-0.914,1.0,0.01579861111111111,0.7598944591029023,0.8755129958960328,576,182,576,11520
-0.905,1.0,0.01545138888888889,0.7639257294429708,0.8779149519890261,576,178,576,11520
-0.899,1.0,0.015277777777777777,0.7659574468085106,0.8791208791208791,576,176,576,11520
-0.893,1.0,0.015190972222222222,0.7669773635153129,0.8797250859106529,576,175,576,11520
-0.887,1.0,0.015017361111111112,0.7690253671562083,0.88093599449415,576,173,576,11520
-0.8775,1.0,0.014930555555555556,0.7700534759358288,0.8815426997245178,576,172,576,11520
-0.868,1.0,0.014756944444444444,0.7721179624664879,0.8827586206896553,576,170,576,11520
-0.862,1.0,0.014409722222222223,0.7762803234501348,0.8852005532503457,576,166,576,11520
-0.856,1.0,0.013888888888888888,0.782608695652174,0.888888888888889,576,160,576,11520
-0.85,1.0,0.01328125,0.7901234567901234,0.8932309839497558,576,153,576,11520
-0.844,1.0,0.012673611111111111,0.7977839335180056,0.8976157082748948,576,146,576,11520
-0.838,1.0,0.0125,0.8,0.8988764044943821,576,144,576,11520
-0.832,1.0,0.01171875,0.810126582278481,0.9045936395759717,576,135,576,11520
-0.826,1.0,0.011197916666666667,0.8170212765957446,0.908445706174592,576,129,576,11520
-0.82,1.0,0.009895833333333333,0.8347826086956521,0.9182209469153515,576,114,576,11520
-0.8140000000000001,1.0,0.00920138888888889,0.844574780058651,0.9235209235209235,576,106,576,11520
-0.808,1.0,0.008159722222222223,0.8597014925373134,0.9315866084425036,576,94,576,11520
-0.802,1.0,0.00703125,0.8767123287671232,0.9404849375459221,576,81,576,11520
-0.796,1.0,0.005642361111111111,0.8985959438377535,0.9516728624535316,576,65,576,11520
-0.79,1.0,0.004774305555555556,0.9128367670364501,0.9588014981273407,576,55,576,11520
-0.784,1.0,0.00390625,0.927536231884058,0.9660377358490566,576,45,576,11520
-0.778,1.0,0.003125,0.9411764705882353,0.9726443768996961,576,36,576,11520
-0.769,1.0,0.002951388888888889,0.9442622950819672,0.9741248097412482,576,34,576,11520
-0.7565,1.0,0.002690972222222222,0.9489291598023064,0.9763539282990084,576,31,576,11520
-0.747,1.0,0.0025173611111111113,0.9520661157024793,0.9778456837280367,576,29,576,11520
-0.741,1.0,0.00234375,0.9552238805970149,0.9793420045906657,576,27,576,11520
-0.735,1.0,0.0020833333333333333,0.96,0.9815950920245399,576,24,576,11520
-0.729,1.0,0.0019097222222222222,0.9632107023411371,0.9831029185867896,576,22,576,11520
-0.723,1.0,0.0015625,0.9696969696969697,0.9861325115562404,576,18,576,11520
-0.717,1.0,0.0009548611111111111,0.9812606473594548,0.9914794732765299,576,11,576,11520
-0.711,1.0,0.0008680555555555555,0.9829351535836177,0.9922480620155039,576,10,576,11520
-0.705,1.0,0.00026041666666666666,0.9948186528497409,0.9976617303195636,576,3,576,11520
-0.696,1.0,8.680555555555556e-05,0.9982668977469671,0.9992193598750976,576,1,576,11520
-0.345,1.0,0.0,1.0,1.0,576,0,576,11520
1.0,0.0,0.0,1.0,1.0,0,0,576,11520
